Cantonese (Traditional),Cantonese (Simplified),Jyutping,Yale,English 1,English 2,Tags
係,系,hai6,hai,to be (is/am/are),,supplemental
唔係,唔系,m4 hai6,m hai,is not / am not / are not,,supplemental
喺,喺,hai2,hai,at / in / on (location),,supplemental
冇,冇,mou5,mou,don't have / there is no / no,,supplemental
唔,唔,m4,m,not (negation prefix),,supplemental
嘅,嘅,ge3,ge,possessive / sentence-final particle,,supplemental
囉,囉,lo3,lo,sentence-final: obviousness / resignation,,supplemental
喎,喎,wo3,wo,sentence-final: hearsay / mild surprise,,supplemental
咋,咋,zaa3,ja,only / just / that's all,,supplemental
囉,囉,lo1,lo,sentence-final: softer assertion,,supplemental
咗,咗,zo2,jo,completed action marker (aspect particle),,supplemental
緊,緊,gan2,gan,ongoing action marker (aspect particle),,supplemental
住,住,zyu6,jyu,continuous state marker (aspect particle),,supplemental
埋,埋,maai4,maai,also do / do in addition,,supplemental
喇,喇,laa3,la,changed state / new situation particle,,supplemental
㗎,㗎,gaa3,ga,emphatic assertion particle,,supplemental
囉喎,囉喎,lo3 wo3,lo wo,sentence-final: obvious surprise combo,,supplemental
點,点,dim2,dim,how / what way,,supplemental
點解,点解,dim2 gaai2,dim gaai,why,,supplemental
點樣,点样,dim2 joeng2,dim yeung,how / in what way,,supplemental
幾時,几时,gei2 si4,gei si,when,,Cantonese Cantonese::CantoneseClass101 Cantonese::Lessons Cantonese::Pronouns supplemental
邊度,边度,bin1 dou6,bin dou,where,,Cantonese::CantoneseClass101 Cantonese::Lessons Cantonese::Pronouns supplemental
邊個,边个,bin1 go3,bin go,who / which one,,supplemental
乜嘢,乜嘢,mat1 je5,mat ye,what,,Cantonese::Pronouns supplemental
咩,咩,me1,me,what (colloquial),,supplemental
幾多,几多,gei2 do1,gei do,how many / how much,,supplemental
幾多錢,几多钱,gei2 do1 cin2,gei do chin,how much money,,supplemental
幾,几,gei2,gei,how / quite / several,,supplemental
靚,靓,leng3,leng,pretty / beautiful / good-looking (Cantonese),,supplemental
平,平,peng4,peng,cheap / inexpensive (Cantonese),,supplemental
細,细,sai3,sai,small / little (Cantonese),,supplemental
叻,叻,lek1,lek,clever / capable (Cantonese),,supplemental
勁,劲,ging6,ging,powerful / awesome (Cantonese),,supplemental
型,型,jing4,ying,stylish / cool-looking,,supplemental
索,索,sok3,sok,attractive / hot (colloquial),,supplemental
嘈,嘈,cou4,cho,noisy,,supplemental
靜,静,zing6,jing,quiet / peaceful,,supplemental
乾淨,干净,gon1 zeng6,gon jeng,clean,,supplemental
污糟,污糟,wu1 zou1,wu jou,dirty (Cantonese),,supplemental
舒服,舒服,syu1 fuk6,syu fuk,comfortable,,supplemental
辛苦,辛苦,san1 fu2,san fu,hard work / tiring / suffering,,supplemental
方便,方便,fong1 bin6,fong bin,convenient,,supplemental
麻煩,麻烦,maa4 faan4,ma faan,troublesome / to bother,,supplemental
嚟,嚟,lai4,lai,to come (Cantonese),,supplemental
返,返,faan1,faan,to return / go back,,supplemental
睇,睇,tai2,tai,to look / watch / read (Cantonese),,supplemental
揾,揾,wan2,wan,to look for / find (Cantonese),,supplemental
識,识,sik1,sik,to know / be able to (Cantonese),,supplemental
唔識,唔识,m4 sik1,m sik,don't know / can't (Cantonese),,supplemental
話,话,waa6,wa,to say / to speak,,supplemental
走,走,zau2,jau,to leave / walk away (Cantonese),,supplemental
企,企,kei5,kei,to stand (Cantonese),,supplemental
瞓,瞓,fan3,fan,to sleep (Cantonese),,supplemental
攞,攞,lo2,lo,to take / get / grab (Cantonese),,supplemental
閂,闩,saan1,saan,to close / shut (Cantonese),,supplemental
搵,搵,wan2,wan,to look for / earn (Cantonese),,supplemental
鍾意,钟意,zung1 ji3,jung yi,to like / be fond of (Cantonese),,supplemental
唔鍾意,唔钟意,m4 zung1 ji3,m jung yi,to dislike,,supplemental
驚,惊,geng1,geng,to be scared / afraid (Cantonese),,supplemental
喊,喊,haam3,haam,to cry (Cantonese),,supplemental
頂,顶,ding2,ding,to endure / push up / to top (Cantonese),,supplemental
搞,搞,gaau2,gaau,to handle / deal with / do,,supplemental
搞掂,搞掂,gaau2 dim6,gaau dim,done / sorted / settled (Cantonese),,supplemental
記得,记得,gei3 dak1,gei dak,to remember,,Cantonese::Verbs supplemental
唔記得,唔记得,m4 gei3 dak1,m gei dak,to forget,,supplemental
起身,起身,hei2 san1,hei san,to get up / wake up,,supplemental
沖涼,冲凉,cung1 loeng4,chung leung,to shower / bathe (Cantonese),,supplemental
搭,搭,daap3,daap,to take (transport) / board,,supplemental
試,试,si3,si,to try,,supplemental
得,得,dak1,dak,can / okay / fine,,supplemental
唔得,唔得,m4 dak1,m dak,cannot / not okay,,supplemental
使,使,sai2,sai,to need to / must (Cantonese: 唔使 = don't need to),,supplemental
唔使,唔使,m4 sai2,m sai,don't need to / no need,,supplemental
唔該,唔该,m4 goi1,m goi,thank you (for service) / excuse me (Cantonese),,supplemental
多謝,多谢,do1 ze6,do je,thank you (for a gift/favour),,supplemental
唔駛客氣,唔使客气,m4 sai2 haak3 hei3,m sai haak hei,you're welcome / no need to be polite,,supplemental
唔緊要,唔紧要,m4 gan2 jiu3,m gan yiu,it's okay / never mind / no worries,,supplemental
冇問題,冇问题,mou5 man6 tai4,mou man tai,no problem,,supplemental
係囉,系囉,hai6 lo3,hai lo,exactly / that's right / indeed,,supplemental
即係,即系,zik1 hai6,jik hai,that is to say / meaning / i.e.,,supplemental
即管,即管,zik1 gun2,jik gun,go ahead / feel free,,supplemental
冇所謂,冇所谓,mou5 so2 wai6,mou so wai,doesn't matter / don't care,,supplemental
好耐冇見,好耐冇见,hou2 noi6 mou5 gin3,hou noi mou gin,long time no see,,supplemental
保重,保重,bou2 zung6,bou jung,take care (farewell),,supplemental
請問,请问,cing2 man6,ching man,excuse me / may I ask,,supplemental
辛苦晒,辛苦晒,san1 fu2 saai3,san fu saai,thank you for your hard work,,supplemental
唔好意思,唔好意思,m4 hou2 ji3 si3,m hou yi si,excuse me / I'm sorry / embarrassed,,supplemental
係喎,系喎,hai6 wo3,hai wo,oh really / is that so,,supplemental
啱啱,啱啱,ngaam1 ngaam1,ngaam ngaam,just now / just (Cantonese),,supplemental
啱,啱,ngaam1,ngaam,correct / just right / to happen to,,supplemental
咁,咁,gam3,gam,so / like that / in this way,,supplemental
噉,噉,gam2,gam,like that / in that way (written),,supplemental
即刻,即刻,zik1 hak1,jik hak,immediately / right away,,supplemental
遲啲,迟啲,ci4 di1,chi di,later / in a while (Cantonese),,supplemental
快啲,快啲,faai3 di1,faai di,hurry up / faster,,supplemental
少少,少少,siu2 siu2,siu siu,a little bit,,supplemental
而家,而家,ji4 gaa1,yi ga,now (Cantonese),,supplemental
頭先,头先,tau4 sin1,tau sin,just now / a moment ago (Cantonese),,supplemental
琴日,琴日,kam4 jat6,kam yat,yesterday (Cantonese),,supplemental
聽日,听日,ting1 jat6,ting yat,tomorrow (Cantonese),,supplemental
後日,后日,hau6 jat6,hau yat,day after tomorrow,,supplemental
前日,前日,cin4 jat6,chin yat,day before yesterday,,supplemental
朝早,朝早,ziu1 zou2,jiu jou,morning (Cantonese),,supplemental
下晝,下昼,haa6 zau3,ha jau,afternoon (Cantonese),,supplemental
夜晚,夜晚,je6 maan5,ye maan,evening / night (Cantonese),,supplemental
啱先,啱先,ngaam1 sin1,ngaam sin,just a moment ago (Cantonese),,supplemental
點心,点心,dim2 sam1,dim sam,dim sum,,supplemental food
燒賣,烧卖,siu1 maai2,siu maai,siu mai (steamed pork dumplings),,supplemental food
蝦餃,虾饺,haa1 gaau2,ha gaau,har gow (shrimp dumplings),,supplemental food
叉燒包,叉烧包,caa1 siu1 baau1,cha siu baau,BBQ pork bun,,supplemental food
腸粉,肠粉,coeng4 fan2,cheung fan,rice noodle roll,,supplemental food
雲吞麵,云吞面,wan4 tan1 min6,wun tan min,wonton noodle soup,,supplemental food
魚蛋,鱼蛋,jyu4 daan2,yu dan,fish balls,,supplemental food
牛腩,牛腩,ngau4 naam5,ngau naam,beef brisket,,supplemental food
奶茶,奶茶,naai5 caa4,naai cha,milk tea (Hong Kong style),,supplemental food
鴛鴦,鸳鸯,jyun1 joeng1,yun yeung,yuenyeung (coffee + milk tea mix),,supplemental food
菠蘿包,菠萝包,bo1 lo4 baau1,bo lo baau,pineapple bun (no pineapple inside),,supplemental food
蛋撻,蛋挞,daan6 taat1,dan taat,egg tart,,supplemental food
凍飲,冻饮,dung3 jam2,dung yam,cold / iced drink (Cantonese),,supplemental food
熱飲,热饮,jit6 jam2,yit yam,hot drink,,supplemental food
走糖,走糖,zau2 tong4,jau tong,no sugar (ordering drinks),,supplemental food
少甜,少甜,siu2 tim4,siu tim,less sweet,,supplemental food
加冰,加冰,gaa1 bing1,ga bing,add ice,,supplemental food
走冰,走冰,zau2 bing1,jau bing,no ice,,supplemental food
一底,一底,jat1 dai2,yat dai,one portion / one plate (Cantonese),,supplemental food
打包,打包,daa2 baau1,da baau,to pack / take away / doggy bag,,supplemental food
地鐵,地铁,dei6 tit3,dei tit,MTR / subway / metro,,supplemental transport
巴士,巴士,baa1 si2,ba si,bus,,supplemental transport
的士,的士,dik1 si2,dik si,taxi (Cantonese),,supplemental transport
小巴,小巴,siu2 baa1,siu ba,minibus,,Cantonese::CantoneseClass101 supplemental transport
渡輪,渡轮,dou6 leon4,dou lun,ferry,,Cantonese::Transportation supplemental transport
電車,电车,din6 ce1,din che,tram (Hong Kong),,supplemental transport
落車,落车,lok6 ce1,lok che,to get off a vehicle,,supplemental transport
上車,上车,soeng5 ce1,sheung che,to get on a vehicle,,supplemental transport
轉車,转车,zyun3 ce1,jyun che,to transfer / change transport,,supplemental transport
出口,出口,ceot1 hau2,cheut hau,exit,,supplemental transport
入口,入口,jap6 hau2,yap hau,entrance,,supplemental transport
碼頭,码头,maa5 tau4,ma tau,pier / ferry terminal,,supplemental transport
機場,机场,gei1 coeng4,gei cheung,airport,,supplemental transport
蚊,蚊,man1,man,dollar (HK colloquial for 元/圓),,supplemental
毫子,毫子,hou4 zi2,hou ji,10 cents / dime (Cantonese),,supplemental
找錢,找钱,zaau2 cin2,jaau chin,to give change,,supplemental
收銀,收银,sau1 ngan4,sau ngan,cashier,,supplemental
八達通,八达通,baat3 daat6 tung1,baat daat tung,Octopus card (HK transit card),,supplemental
打折,打折,daa2 zit3,da jit,discount / sale,,supplemental
減價,减价,gaam2 gaa3,gaam ga,price reduction / markdown,,supplemental
試身房,试身房,si3 san1 fong2,si san fong,fitting room,,supplemental
收據,收据,sau1 geui3,sau geui,receipt,,supplemental
街市,街市,gaai1 si5,gaai si,wet market,,supplemental
超市,超市,ciu1 si5,chiu si,supermarket,,supplemental
藥房,药房,joek6 fong2,yeuk fong,pharmacy / chemist,,supplemental
茶餐廳,茶餐厅,caa4 caan1 teng1,cha chan teng,Hong Kong-style café / cha chaan teng,,supplemental
大排檔,大排档,daai6 paai4 dong3,daai paai dong,open-air food stall / dai pai dong,,supplemental
燒臘店,烧腊店,siu1 laap6 dim3,siu laap dim,roast meat shop,,supplemental
士多,士多,si6 do1,si do,convenience store (from 'store'),,supplemental
公廁,公厕,gung1 ci3,gung chi,public toilet,,supplemental
落雨,落雨,lok6 jyu5,lok yu,to rain / it's raining (Cantonese),,supplemental weather
打風,打风,daa2 fung1,da fung,typhoon / strong wind (Cantonese),,supplemental weather
天文台,天文台,tin1 man4 toi4,tin man toi,Hong Kong Observatory,,supplemental weather
八號風球,八号风球,baat3 hou6 fung1 kau4,baat hou fung kau,Typhoon Signal No. 8,,supplemental weather
濕,湿,sap1,sap,wet / humid,,supplemental weather
焗,焗,guk6,guk,stuffy / stifling hot (Cantonese),,supplemental weather
涼冷,涼冷,loeng4 laang5,leung laang,cool and cold,,supplemental weather
肚餓,肚饿,tou5 ngo6,tou ngo,hungry (Cantonese: lit. stomach hungry),,supplemental body
口渴,口渴,hau2 hot3,hau hot,thirsty,,Cantonese::CantoneseClass101 body supplemental
攰,攰,gui6,gwui,tired / exhausted (Cantonese),,supplemental body
頭痛,头痛,tau4 tung3,tau tung,headache,,supplemental body
肚痛,肚痛,tou5 tung3,tou tung,stomachache,,supplemental body
暈,晕,wan4,wan,dizzy / to faint,,supplemental body
過敏,过敏,gwo3 man5,gwo man,allergy / allergic reaction,,supplemental body
睇醫生,睇医生,tai2 ji1 sang1,tai yi sang,to see a doctor (Cantonese),,supplemental body
急症室,急症室,gap1 zing3 sat1,gap jing sat,emergency room / A&E,,supplemental body
藥,药,joek6,yeuk,medicine,,supplemental body
瞓唔著,瞓唔着,fan3 m4 zoek6,fan m jeuk,can't sleep (Cantonese),,supplemental body
個,个,go3,go,"general measure word (people, things)",,supplemental measure
條,条,tiu4,tiu,"measure: long thin objects (rope, fish, road)",,supplemental measure
張,张,zoeng1,jeung,"measure: flat objects (paper, table, ticket)",,supplemental measure
本,本,bun2,bun,measure: books,,supplemental measure
杯,杯,bui1,bui,measure: cups / glasses,,supplemental measure
碗,碗,wun2,wun,measure: bowls,,supplemental measure
碟,碟,dip6,dip,measure: plates / discs,,supplemental measure
支,支,zi1,ji,"measure: long thin items (pen, cigarette)",,supplemental measure
架,架,gaa3,ga,measure: vehicles / machines,,supplemental measure
間,间,gaan1,gaan,measure: rooms / shops / buildings,,supplemental measure
位,位,wai2,wai,measure: people (respectful),,supplemental measure
份,份,fan6,fan,measure: portions / copies,,supplemental measure
粒,粒,nap1,nap,"measure: small round objects (rice, pills, grains)",,supplemental measure
幅,幅,fuk1,fuk,measure: paintings / cloth / maps,,supplemental measure
對,对,deoi3,deui,measure: pairs,,supplemental measure
廣東話,广东话,gwong2 dung1 waa2,gwong dung wa,Cantonese language,,Cantonese::CantoneseClass101 supplemental
廣東,广东,gwong2 dung1,gwong dung,Guangdong province,,supplemental
香港,香港,hoeng1 gong2,heung gong,Hong Kong,,supplemental
九龍,九龙,gau2 lung4,gau lung,Kowloon,,supplemental
新界,新界,san1 gaai3,san gaai,New Territories,,supplemental
澳門,澳门,ou3 mun2,ou mun,Macau,,supplemental
廣州,广州,gwong2 zau1,gwong jau,Guangzhou (Canton),,supplemental
普通話,普通话,pou2 tung1 waa2,pou tung wa,Mandarin / Putonghua,,supplemental
手機,手机,sau2 gei1,sau gei,mobile phone,,supplemental tech
充電,充电,cung1 din6,chung din,to charge (a device),,supplemental tech
WiFi,WiFi,wai4 fai1,wai fai,WiFi,,supplemental tech
App,App,ep1,ep,app (mobile application),,supplemental tech
上網,上网,soeng5 mong5,sheung mong,to go online / use the internet,,supplemental tech
傳送,传送,cyun4 sung3,chyun sung,to send / transmit,,supplemental tech
截圖,截图,zit3 tou4,jit to,screenshot,,supplemental tech
直播,直播,zik6 bo3,jik bo,live stream / live broadcast,,supplemental tech
生日快樂,生日快乐,sang1 jat6 faai3 lok6,sang yat faai lok,Happy Birthday,,supplemental
新年快樂,新年快乐,san1 nin4 faai3 lok6,san nin faai lok,Happy New Year,,supplemental
恭喜發財,恭喜发财,gung1 hei2 faat3 coi4,gung hei faat choi,Wishing you prosperity (CNY greeting),,supplemental
食咗飯未,食咗饭未,sik6 zo2 faan6 mei6,sik jo faan mei,Have you eaten yet? (greeting),,supplemental
你做乜,你做乜,nei5 zou6 mat1,nei jou mat,What are you doing? (Cantonese),,supplemental
冇嘢,冇嘢,mou5 je5,mou ye,nothing / it's nothing,,supplemental
冇事,冇事,mou5 si6,mou si,nothing happened / I'm fine,,supplemental
係咁先,系咁先,hai6 gam3 sin1,hai gam sin,that's it for now / goodbye (phone/meeting),,supplemental
拜拜,拜拜,baai1 baai3,baai baai,bye bye,,supplemental
串,串,cyun3,chyun,sarcastic / to mock (Cantonese slang),,supplemental slang
核突,核突,wat6 dat6,wat dat,disgusting / gross (Cantonese),,supplemental slang
大嗌,大嗌,daai6 aai3,daai aai,to shout loudly,,supplemental slang
撚,撚,nan2,nan,(mild expletive) guy / fellow (Cantonese),,supplemental slang
閪,閪,hai1,hai,(vulgar) Cantonese expletive,,supplemental slang
屌,屌,diu2,diu,(vulgar) Cantonese expletive / damn,,supplemental slang
PK,PK,pi1 kei1,pi kei,loser / fallen over (Cantonese slang),,supplemental slang
冚家鏟,冚家铲,ham6 gaa1 caan2,ham ga chaan,(vulgar curse) Cantonese,,supplemental slang
𨳍,𨳍,cat1,chat,(vulgar) Cantonese expletive,,supplemental slang
嘩,嘩,waa3,wa,wow! / expression of surprise,,supplemental
哇,哇,waa1,wa,wow / oh! (exclamation),,supplemental
唉,唉,aai3,aai,sigh / alas,,supplemental
咦,咦,ji4,yi,huh? / expression of surprise/confusion,,supplemental
喂,喂,wai2,wai,hey! / hello (phone),,supplemental
吓,吓,haa5,ha,huh? / what? (Cantonese),,supplemental
係囉,系囉,hai6 lo3,hai lo,yeah / right / obviously,,supplemental
有冇,有冇,jau5 mou5,yau mou,have or not? / do you have...? (yes/no question),,supplemental grammar
係唔係,系唔系,hai6 m4 hai6,hai m hai,is it or not? (yes/no question pattern),,supplemental grammar
得唔得,得唔得,dak1 m4 dak1,dak m dak,can or not? / is it okay?,,supplemental grammar
好唔好,好唔好,hou2 m4 hou2,hou m hou,good or not? / okay? / how about it?,,supplemental grammar
先,先,sin1,sin,first / before doing something else,,supplemental grammar
至,至,zi3,ji,only then / until,,supplemental grammar
都,都,dou1,dou,also / all / even,,supplemental grammar
仲,仲,zung6,jung,still / even more / additionally,,supplemental grammar
咁先,咁先,gam3 sin1,gam sin,(ending) then that's it / so let's leave it there,,supplemental grammar
淨係,净系,zing6 hai6,jing hai,only / just (Cantonese),,grammar supplemental
唔通,唔通,m4 tung1,m tung,surely not? / don't tell me...,,supplemental grammar
梗係,梗系,gang2 hai6,gang hai,of course / definitely,,supplemental grammar
梗,梗,gang2,gang,definitely / certainly (Cantonese),,grammar supplemental
顧客： 好，畀呢件我啦。,顾客： 好，畀呢件我啦。,gu3 haak3 ： hou2 ， bei2 ne1 gin6 ngo5 laa1 。,gu haak hóu béi nē ginh ngóh lā,"Customer: OK, give me this one.",,Cantonese::FSI
投票,投票,tau4 piu3,tàuh piu,To vote,,
菜刀,菜刀,coi3 dou1,choi dōu,cleaver,,Food
陳小姐： 何生，早晨。,陈小姐： 何生，早晨。,can4 siu2 ze2 ： ho4 sang1 ， zou2 san4 。,chành síu jé hòh sāng jóu sành,"Ms Chan: Good morning, Mr Ho.",,Cantonese::FSI
何生： 李太，早晨。,何生： 李太，早晨。,ho4 sang1 ： lei5 taai3 ， zou2 san4 。,hòh sāng léih taai jóu sành,"Mr Ho: Good morning, Mrs Lee.",,Cantonese::FSI
陳小姐： 對唔住，我唔係李太。 我姓陳。,陈小姐： 对唔住，我唔系李太。 我姓陈。,can4 siu2 ze2 ： deoi3 m4 zyu6 ， ngo5 m4 hai6 lei5 taai3 。 ngo5 sing3 can4 。,chành síu jé deui mh jyuh ngóh mh haih léih taai ngóh sing chành,"Ms Chan: Excuse me, I am not Mrs Lee. My (sur)name is Chan.",,Cantonese::FSI
何生： 呀！對唔住，陳小姐。,何生： 呀！对唔住，陈小姐。,ho4 sang1 ： aa4 ！ deoi3 m4 zyu6 ， can4 siu2 ze2 。,hòh sāng àh deui mh jyuh chành síu jé,"Mr Ho: Oh, sorry, Miss Chan.",,Cantonese::FSI
陳小姐： 唔緊要 再見,陈小姐： 唔紧要 再见,can4 siu2 ze2 ： m4 gan2 jiu3 zoi3 gin3,chành síu jé mh gán yiu joi gin,Ms Chan: That’s alright. Goodbye,,Cantonese::FSI
何生： 再見,何生： 再见,ho4 sang1 ： zoi3 gin3,hòh sāng joi gin,Mr Ho: Goodbye,,Cantonese::FSI
劉生： 小姐，貴姓呀？,刘生： 小姐，贵姓呀？,lau4 sang1 ： siu2 ze2 ， gwai3 sing3 aa4 ？,làuh sāng síu jé gwai sing àh,"Mr Lau: What is your surname, Miss?",,Cantonese::FSI
黃小姐： 我姓黃。,黄小姐： 我姓黄。,wong4 siu2 ze2 ： ngo5 sing3 wong4 。,wòngh síu jé ngóh sing wòngh,Miss Wong: My (sur)name is Wong.,,Cantonese::FSI
劉生： 黃小姐。,刘生： 黄小姐。,lau4 sang1 ： wong4 siu2 ze2 。,làuh sāng wòngh síu jé,Mr Lau: Miss Wong.,,Cantonese::FSI
黃小姐： 先生呢？,黄小姐： 先生呢？,wong4 siu2 ze2 ： sin1 saang1 ne1 ？,wòngh síu jé sīn sāang nē,Miss Wong: And you?,,Cantonese::FSI
劉生： 小姓劉。,刘生： 小姓刘。,lau4 sang1 ： siu2 sing3 lau4 。,làuh sāng síu sing làuh,Mr Lau: My name is Lau.,,Cantonese::FSI
黃小姐： 劉生。,黄小姐： 刘生。,wong4 siu2 ze2 ： lau4 sang1 。,wòngh síu jé làuh sāng,Miss Wong: Mr Lau.,,Cantonese::FSI
劉生： 你朋友姓咩嘢呀？,刘生： 你朋友姓咩嘢呀？,lau4 sang1 ： nei5 pang4 jau5 sing3 me1 je5 aa4 ？,làuh sāng néih pàngh yáuh sing mē yéh àh,Mr Lau: What is your friend’s (sur)name?,,Cantonese::FSI
黃小姐： 佢姓馬嘅。,黄小姐： 佢姓马嘅。,wong4 siu2 ze2 ： keoi5 sing3 maa5 ge3 。,wòngh síu jé kéuih sing máh ge,Miss Wong: Her (sur)name is Ma.,,Cantonese::FSI
劉生： 佢係唔係廣東人呀？,刘生： 佢系唔系广东人呀？,lau4 sang1 ： keoi5 hai6 m4 hai6 gwong2 dung1 jan4 aa4 ？,làuh sāng kéuih haih mh haih gwóng dūng yành àh,Mr Lau: Is she Cantonese?,,Cantonese::FSI
黃小姐： 唔係呀，佢係上海人。,黄小姐： 唔系呀，佢系上海人。,wong4 siu2 ze2 ： m4 hai6 aa4 ， keoi5 hai6 soeng6 hoi2 jan4 。,wòngh síu jé mh haih àh kéuih haih seungh hói yành,"Miss Wong: No, she’s from Shanghai.",,Cantonese::FSI
劉生： 咁，你呢？,刘生： 咁，你呢？,lau4 sang1 ： gam3 ， nei5 ne1 ？,làuh sāng gam néih nē,Mr Lau: And you?,,Cantonese::FSI
黃小姐： 我都係上海人。,黄小姐： 我都系上海人。,wong4 siu2 ze2 ： ngo5 dou1 hai6 soeng6 hoi2 jan4 。,wòngh síu jé ngóh dōu haih seungh hói yành,Miss Wong: I’m also from Shanghai.,,Cantonese::FSI
黃小姐： 你知唔知佢哋講咩嘢話呀？ 係咪講國語呀？,黄小姐： 你知唔知佢哋讲咩嘢话呀？ 系咪讲国语呀？,wong4 siu2 ze2 ： nei5 zi1 m4 zi1 keoi5 dei6 gong2 me1 je5 waa6 aa4 ？ hai6 mi1 gong2 gwok3 jyu5 aa4 ？,wòngh síu jé néih jī mh jī kéuih deih góng mē yéh wah àh haih mī góng gwok yúh àh,Ms Wong: What language are they speaking? Are they speaking Mandarin?,,Cantonese::FSI
陳先生： 唔係。佢哋講上海話。,陈先生： 唔系。佢哋讲上海话。,can4 sin1 saang1 ： m4 hai6 。 keoi5 dei6 gong2 soeng6 hoi2 waa6 。,chành sīn sāang mh haih kéuih deih góng seungh hói wah,Mr Chan: No. They are speaking Shanghaiese.,,Cantonese::FSI
張小姐： 你識講上海話咩？,张小姐： 你识讲上海话咩？,zoeng1 siu2 ze2 ： nei5 sik1 gong2 soeng6 hoi2 waa6 me1 ？,jēung síu jé néih sīk góng seungh hói wah mē,Ms Cheung: You can speak Shanghaiese?,,Cantonese::FSI
陳先生： 識些少啫。,陈先生： 识些少啫。,can4 sin1 saang1 ： sik1 se1 siu2 ze1 。,chành sīn sāang sīk sē síu jē,"Mr Chan: I know a little, that’s all.",,Cantonese::FSI
黃小姐： 上海話同國語佢都識講㗎。,黄小姐： 上海话同国语佢都识讲㗎。,wong4 siu2 ze2 ： soeng6 hoi2 waa6 tung4 gwok3 jyu5 keoi5 dou1 sik1 gong2 ga3 。,wòngh síu jé seungh hói wah tùngh gwok yúh kéuih dōu sīk góng ga,Ms Wong: He speaks both Shanghaiese and Mandarin.,,Cantonese::FSI
張小姐： 噉，你識唔識英文呀？,张小姐： 噉，你识唔识英文呀？,zoeng1 siu2 ze2 ： gam2 ， nei5 sik1 m4 sik1 jing1 man4 aa4 ？,jēung síu jé gám néih sīk mh sīk yīng mành àh,"Ms Cheung: Well, do you know English?",,Cantonese::FSI
陳先生： 識講些少，但係唔識寫。,陈先生： 识讲些少，但系唔识写。,can4 sin1 saang1 ： sik1 gong2 se1 siu2 ， daan6 hai6 m4 sik1 se2 。,chành sīn sāang sīk góng sē síu daanh haih mh sīk sé,"Mr Chan: I can speak a little, but I can’t write.",,Cantonese::FSI
張小姐： 我想學啲英文。 一二三四五，英文點講呀？,张小姐： 我想学啲英文。 一二三四五，英文点讲呀？,zoeng1 siu2 ze2 ： ngo5 soeng2 hok6 di1 jing1 man4 。 jat1 ji6 saam1 sei3 ng5 ， jing1 man4 dim2 gong2 aa4 ？,jēung síu jé ngóh séung hohk dī yīng mành yāt yih sāam sei ngh yīng mành dím góng àh,Ms Cheung: I’d like to learn a little English. How do you say ’1-2-3-4-5′ in English?,,Cantonese::FSI
張小姐： 我聽唔清楚。唔該你再講一次。,张小姐： 我听唔清楚。唔该你再讲一次。,zoeng1 siu2 ze2 ： ngo5 ting3 m4 cing1 co2 。 m4 goi1 nei5 zoi3 gong2 jat1 ci3 。,jēung síu jé ngóh ting mh chīng chó mh gōi néih joi góng yāt chi,Ms Cheung: I didn’t hear clearly. Please say it once again.,,Cantonese::FSI
李先生： 百超，得未？,李先生： 百超，得未？,lei5 sin1 saang1 ： baak3 ciu1 ， dak1 mei6 ？,léih sīn sāang baak chīu dāk meih,"Mr Lee: Baak-chiu, are you ready?",,Cantonese::FSI
百超： 未呀。幾點呀？,百超： 未呀。几点呀？,baak3 ciu1 ： mei6 aa4 。 gei2 dim2 aa4 ？,baak chīu meih àh géi dím àh,Pak-Chiu: Not yet. What time is it?,,Cantonese::FSI
李先生： 而家 …一點踏一。,李先生： 而家 …一点踏一。,lei5 sin1 saang1 ： ji4 gaa1 … jat1 dim2 daap6 jat1 。,léih sīn sāang yìh gā … yāt dím daahp yāt,Mr Lee: It’s … five after one.,,Cantonese::FSI
百超： 幾點話？,百超： 几点话？,baak3 ciu1 ： gei2 dim2 waa6 ？,baak chīu géi dím wah,Pak-Chiu: What time did you say?,,Cantonese::FSI
李先生： 一點一個字。,李先生： 一点一个字。,lei5 sin1 saang1 ： jat1 dim2 jat1 go3 zi6 。,léih sīn sāang yāt dím yāt go jih,Mr Lee: It’s one-o-five.,,Cantonese::FSI
百超： 你個錶準唔準㗎？,百超： 你个表准唔准㗎？,baak3 ciu1 ： nei5 go3 biu1 zeon2 m4 zeon2 ga3 ？,baak chīu néih go bīu jéun mh jéun ga,Pak-Chiu: Is your watch accruate?,,Cantonese::FSI
李先生： 差唔多，或者快些少啦。,李先生： 差唔多，或者快些少啦。,lei5 sin1 saang1 ： caa1 m4 do1 ， waak6 ze2 faai3 se1 siu2 laa1 。,léih sīn sāang chā mh dō waahk jé faai sē síu lā,"Mr Lee: Approximately, or a little fast.",,Cantonese::FSI
百超： 噉，再等我幾分鐘添啦。,百超： 噉，再等我几分钟添啦。,baak3 ciu1 ： gam2 ， zoi3 dang2 ngo5 gei2 fan1 zung1 tim1 laa1 。,baak chīu gám joi dáng ngóh géi fān jūng tīm lā,"Pak-Chiu: Well, wait for me a few minutes more.",,Cantonese::FSI
李先生： 好，我等你啦。,李先生： 好，我等你啦。,lei5 sin1 saang1 ： hou2 ， ngo5 dang2 nei5 laa1 。,léih sīn sāang hóu ngóh dáng néih lā,"Mr Lee: Ok, I’ll wait for you.",,Cantonese::FSI
百超： 唔好意思噃。,百超： 唔好意思噃。,baak3 ciu1 ： m4 hou2 ji3 si1 bo3 。,baak chīu mh hóu yi sī bo,Pak-Chiu: I’m sorry.,,Cantonese::FSI
李先生： 唔緊要。,李先生： 唔紧要。,lei5 sin1 saang1 ： m4 gan2 jiu3 。,léih sīn sāang mh gán yiu,Mr Lee: That’s all right.,,Cantonese::FSI
張太： 隨便坐啦。,张太： 随便坐啦。,zoeng1 taai3 ： ceoi4 bin6 co5 laa1 。,jēung taai chèuih binh chóh lā,Mrs Cheung: Sit anywhere you like.,,Cantonese::FSI
黃太： 好，唔該。,黄太： 好，唔该。,wong4 taai3 ： hou2 ， m4 goi1 。,wòngh taai hóu mh gōi,Mrs Wong: All right. Thanks.,,Cantonese::FSI
張太： 食煙啦。,张太： 食烟啦。,zoeng1 taai3 ： sik6 jin1 laa1 。,jēung taai sihk yīn lā,Mrs Cheung: Have a cigarette.,,Cantonese::FSI
黃太： 唔洗客氣。,黄太： 唔洗客气。,wong4 taai3 ： m4 sai2 haak3 hei3 。,wòngh taai mh sái haak hei,Mrs Wong: No thanks. (Don’t be polite.),,Cantonese::FSI
張太： 唔好客氣啊。,张太： 唔好客气啊。,zoeng1 taai3 ： m4 hou2 haak3 hei3 aa3 。,jēung taai mh hóu haak hei a,Mrs Cheung: Don’t be polite.,,Cantonese::FSI
張太： 唔洗唔該。,张太： 唔洗唔该。,zoeng1 taai3 ： m4 sai2 m4 goi1 。,jēung taai mh sái mh gōi,Mrs Cheung: You’re welcome.,,Cantonese::FSI
張太： 飲荼啦。,张太： 饮荼啦。,zoeng1 taai3 ： jam2 tou4 laa1 。,jēung taai yám tòuh lā,Mrs Cheung: Have some tea.,,Cantonese::FSI
黃太： 唔該。,黄太： 唔该。,wong4 taai3 ： m4 goi1 。,wòngh taai mh gōi,Mrs Wong: Thank you.,,Cantonese::FSI
張太： 食餅啦。,张太： 食饼啦。,zoeng1 taai3 ： sik6 beng2 laa1 。,jēung taai sihk béng lā,Mrs Cheung: Have some cookies.,,Cantonese::FSI
黃太： 唔洗嘞，唔該。,黄太： 唔洗嘞，唔该。,wong4 taai3 ： m4 sai2 la3 ， m4 goi1 。,wòngh taai mh sái la mh gōi,Mrs Wong: No thanks.,,Cantonese::FSI
張太： 試吓啦。,张太： 试吓啦。,zoeng1 taai3 ： si3 haa2 laa1 。,jēung taai si há lā,Mrs Cheung: Try a little.,,Cantonese::FSI
黃太： 真係唔洗客氣呢。,黄太： 真系唔洗客气呢。,wong4 taai3 ： zan1 hai6 m4 sai2 haak3 hei3 ne1 。,wòngh taai jān haih mh sái haak hei nē,"Mrs Wong: No thanks, really.",,Cantonese::FSI
黃太： 哎呀！五點喇，我要走喇！,黄太： 哎呀！五点喇，我要走喇！,wong4 taai3 ： aai1 aa4 ！ ng5 dim2 laa3 ， ngo5 jiu3 zau2 laa3 ！,wòngh taai āai àh ngh dím la ngóh yiu jáu la,Mrs Wong: Oh! It’s five o’clock. I must be going!,,Cantonese::FSI
張太： 唔好咁快走啦！,张太： 唔好咁快走啦！,zoeng1 taai3 ： m4 hou2 gam3 faai3 zau2 laa1 ！,jēung taai mh hóu gam faai jáu lā,Mrs Cheung: Don’t go so soon!,,Cantonese::FSI
黃太： 唔係呀，真係要走嘞。,黄太： 唔系呀，真系要走嘞。,wong4 taai3 ： m4 hai6 aa4 ， zan1 hai6 jiu3 zau2 la3 。,wòngh taai mh haih àh jān haih yiu jáu la,"Mrs Wong: No, I really must go.",,Cantonese::FSI
售貨員： 買咩嘢呀？,售货员： 买咩嘢呀？,sau6 fo3 jyun4 ： maai5 me1 je5 aa4 ？,sauh fo yùnh máaih mē yéh àh,Sales clerk: Buy what? (May I help you?),,Cantonese::FSI
顧客： 我想買件裇衫。 呢件幾多錢呀？,顾客： 我想买件裇衫。 呢件几多钱呀？,gu3 haak3 ： ngo5 soeng2 maai5 gin6 seot1 saam1 。 ne1 gin6 gei2 do1 cin2 aa4 ？,gu haak ngóh séung máaih ginh sēut sāam nē ginh géi dō chín àh,Customer: I want to buy a shirt. How much is this one?,,Cantonese::FSI
售貨員： 呢件廿四文。,售货员： 呢件廿四文。,sau6 fo3 jyun4 ： ne1 gin6 jaa6 sei3 man4 。,sauh fo yùnh nē ginh yah sei mành,Sales clerk: This one is $24.,,Cantonese::FSI
顧客： 嗰兩件係唔係都係廿四文件呀？,顾客： 𠮶两件系唔系都系廿四文件呀？,gu3 haak3 ： go2 loeng5 gin6 hai6 m4 hai6 dou1 hai6 jaa6 sei3 man4 gin6 aa4 ？,gu haak gó léungh ginh haih mh haih dōu haih yah sei mành ginh àh,"Customer: Those two, are they also $24 each?",,Cantonese::FSI
售貨員： 唔係; 二十文件啫。,售货员： 唔系; 二十文件啫。,sau6 fo3 jyun4 ： m4 hai6 ; ji6 sap6 man4 gin6 ze1 。,sauh fo yùnh mh haih ; yih sahp mành ginh jē,Sales clerk: No. Only $20 each.,,Cantonese::FSI
售貨員： 要幾多件呀？,售货员： 要几多件呀？,sau6 fo3 jyun4 ： jiu3 gei2 do1 gin6 aa4 ？,sauh fo yùnh yiu géi dō ginh àh,Sales clerk: How many do you want?,,Cantonese::FSI
顧客： 一件夠嘞。,顾客： 一件够嘞。,gu3 haak3 ： jat1 gin6 gau3 la3 。,gu haak yāt ginh gau la,Customer: One is enough.,,Cantonese::FSI
售貨員： 咁，你買唔買嗰兩件呀？,售货员： 咁，你买唔买𠮶两件呀？,sau6 fo3 jyun4 ： gam3 ， nei5 maai5 m4 maai5 go2 loeng5 gin6 aa4 ？,sauh fo yùnh gam néih máaih mh máaih gó léungh ginh àh,Sales clerk: Are you going to buy those two?,,Cantonese::FSI
顧客： 唔買嘞。,顾客： 唔买嘞。,gu3 haak3 ： m4 maai5 la3 。,gu haak mh máaih la,"Customer: Not now, thanks.",,Cantonese::FSI
火記： 買咩嘢呀？,火记： 买咩嘢呀？,fo2 gei3 ： maai5 me1 je5 aa4 ？,fó gei máaih mē yéh àh,Clerk: What will you have?,,Cantonese::FSI
顧客： 呢啲係咩嘢嚟㗎？,顾客： 呢啲系咩嘢嚟㗎？,gu3 haak3 ： ne1 di1 hai6 me1 je5 lai4 ga3 ？,gu haak nē dī haih mē yéh làih ga,Customer: What’s this?,,Cantonese::FSI
火記： 呢啲係牛肉。 你愛唔愛呢？,火记： 呢啲系牛肉。 你爱唔爱呢？,fo2 gei3 ： ne1 di1 hai6 ngau4 juk6 。 nei5 oi3 m4 oi3 ne1 ？,fó gei nē dī haih ngàuh yuhk néih oi mh oi nē,Clerk: This is beef. Do you want some?,,Cantonese::FSI
顧客： 唔愛。我想愛啲豬肉。 幾多錢斤呀？,顾客： 唔爱。我想爱啲猪肉。 几多钱斤呀？,gu3 haak3 ： m4 oi3 。 ngo5 soeng2 oi3 di1 zyu1 juk6 。 gei2 do1 cin2 gan1 aa4 ？,gu haak mh oi ngóh séung oi dī jyū yuhk géi dō chín gān àh,"Customer: No, I don’t. I want to get some pork. How mch is it per catty?",,Cantonese::FSI
火記： 呢啲四個六銀錢斤。,火记： 呢啲四个六银钱斤。,fo2 gei3 ： ne1 di1 sei3 go3 luk6 ngan4 cin2 gan1 。,fó gei nē dī sei go luhk ngành chín gān,Clerk: This is $4.60 per catty.,,Cantonese::FSI
顧客： 畀兩斤我啦。 啲橙點賣呢？,顾客： 畀两斤我啦。 啲橙点卖呢？,gu3 haak3 ： bei2 loeng5 gan1 ngo5 laa1 。 di1 caang2 dim2 maai6 ne1 ？,gu haak béi léungh gān ngóh lā dī cháang dím maaih nē,Customer: Give me two catties. What do the oranges sell for?,,Cantonese::FSI
火記： 五毫子個。,火记： 五毫子个。,fo2 gei3 ： ng5 hou4 zi2 go3 。,fó gei ngh hòuh jí go,Clerk: 50 cents each.,,Cantonese::FSI
顧客： 啲蘋果呢？,顾客： 啲苹果呢？,gu3 haak3 ： di1 ping4 gwo2 ne1 ？,gu haak dī pìngh gwó nē,Customer: And the apples?,,Cantonese::FSI
火記： 一樣五毫子個。,火记： 一样五毫子个。,fo2 gei3 ： jat1 joeng6 ng5 hou4 zi2 go3 。,fó gei yāt yeungh ngh hòuh jí go,Clerk: The same – 50 cents each.,,Cantonese::FSI
顧客： 啊！我都想買兩鎊糖。 幾錢鎊呀？,顾客： 啊！我都想买两镑糖。 几钱镑呀？,gu3 haak3 ： aa3 ！ ngo5 dou1 soeng2 maai5 loeng5 bong6 tong4 。 gei2 cin2 bong6 aa4 ？,gu haak a ngóh dōu séung máaih léungh bongh tòngh géi chín bongh àh,Customer: Oh! I also want to buy two pounds of sugar. How much is it per pound?,,Cantonese::FSI
火記： 六毫半子鎊。,火记： 六毫半子镑。,fo2 gei3 ： luk6 hou4 bun3 zi2 bong6 。,fó gei luhk hòuh bun jí bongh,Clerk: 65 cents per pound.,,Cantonese::FSI
顧客： 有冇白短襪賣呀？,顾客： 有冇白短袜卖呀？,gu3 haak3 ： jau5 mou5 baak6 dyun2 mat6 maai6 aa4 ？,gu haak yáuh móuh baahk dyún maht maaih àh,Customer: Do you have white socks for sale?,,Cantonese::FSI
售貨員： 有。係唔係你著㗎？,售货员： 有。系唔系你著㗎？,sau6 fo3 jyun4 ： jau5 。 hai6 m4 hai6 nei5 zyu3 ga3 ？,sauh fo yùnh yáuh haih mh haih néih jyu ga,Sales clerk: Yes. Are they for you?,,Cantonese::FSI
顧客： 係。,顾客： 系。,gu3 haak3 ： hai6 。,gu haak haih,Customer: That’s right.,,Cantonese::FSI
售貨員： 著幾號呀？,售货员： 著几号呀？,sau6 fo3 jyun4 ： zyu3 gei2 hou6 aa4 ？,sauh fo yùnh jyu géi houh àh,Sales clerk: What size do you wear?,,Cantonese::FSI
顧客： 九號。,顾客： 九号。,gu3 haak3 ： gau2 hou6 。,gu haak gáu houh,Customer: Number nine.,,Cantonese::FSI
售貨員： 呢啲又平又靚。 你中唔中意呀？,售货员： 呢啲又平又靓。 你中唔中意呀？,sau6 fo3 jyun4 ： ne1 di1 jau6 ping4 jau6 leng3 。 nei5 zung1 m4 zung1 ji3 aa4 ？,sauh fo yùnh nē dī yauh pìngh yauh leng néih jūng mh jūng yi àh,Sales clerk: These are both cheap and pretty. Do you like them?,,Cantonese::FSI
顧客： 幾好，但係唔夠大。 有冇大啲嘅呢？,顾客： 几好，但系唔够大。 有冇大啲嘅呢？,gu3 haak3 ： gei2 hou2 ， daan6 hai6 m4 gau3 daai6 。 jau5 mou5 daai6 di1 ge3 ne1 ？,gu haak géi hóu daanh haih mh gau daaih yáuh móuh daaih dī ge nē,"Customer: They’re quite nice, but they’re not big enough. Do you have any a little bit larger ones?",,Cantonese::FSI
售貨員： 對唔住，大啲嘅都賣晒嘞。 黑色，好唔好呀？ 黑色都好靚㗎。,售货员： 对唔住，大啲嘅都卖晒嘞。 黑色，好唔好呀？ 黑色都好靓㗎。,sau6 fo3 jyun4 ： deoi3 m4 zyu6 ， daai6 di1 ge3 dou1 maai6 saai3 la3 。 hak1 sik1 ， hou2 m4 hou2 aa4 ？ hak1 sik1 dou1 hou2 leng3 ga3 。,sauh fo yùnh deui mh jyuh daaih dī ge dōu maaih saai la hāk sīk hóu mh hóu àh hāk sīk dōu hóu leng ga,"Sales clerk: I’m sorry, the larger ones are all sold out. Would black be alright? The black are also very pretty.",,Cantonese::FSI
顧客： 好呀。,顾客： 好呀。,gu3 haak3 ： hou2 aa4 。,gu haak hóu àh,Customer: Alright.,,Cantonese::FSI
售貨員： 呢啲三文，呢啲三個半。 你愛邊種呀？,售货员： 呢啲三文，呢啲三个半。 你爱边种呀？,sau6 fo3 jyun4 ： ne1 di1 saam1 man4 ， ne1 di1 saam1 go3 bun3 。 nei5 oi3 bin1 zung3 aa4 ？,sauh fo yùnh nē dī sāam mành nē dī sāam go bun néih oi bīn jung àh,Sales clerk: These are three dollars and these are three and a half. Which ones do you want?,,Cantonese::FSI
顧客： 愛三個半嘅啦。,顾客： 爱三个半嘅啦。,gu3 haak3 ： oi3 saam1 go3 bun3 ge3 laa1 。,gu haak oi sāam go bun ge lā,Customer: I’d like the $3.50 ones.,,Cantonese::FSI
售貨員： 買半打呀。,售货员： 买半打呀。,sau6 fo3 jyun4 ： maai5 bun3 daa2 aa4 。,sauh fo yùnh máaih bun dá àh,"Sales clerk: You’ll take half a dozen, I suppose.",,Cantonese::FSI
顧客： 唔使咁多。三對夠嘞。,顾客： 唔使咁多。三对够嘞。,gu3 haak3 ： m4 sai2 gam3 do1 。 saam1 deoi3 gau3 la3 。,gu haak mh sái gam dō sāam deui gau la,Customer: I don’t need that many. Three pairs are enough.,,Cantonese::FSI
工人： 喂，搵邊位呀？,工人： 喂，揾边位呀？,gung1 jan4 ： wai3 ， wan2 bin1 wai2 aa4 ？,gūng yành wai wán bīn wái àh,"Servant: Hello,who are you calling?",,Cantonese::FSI
張生： 唔該你叫李太聽電話。,张生： 唔该你叫李太听电话。,zoeng1 sang1 ： m4 goi1 nei5 giu3 lei5 taai3 teng1 din6 waa2 。,jēung sāng mh gōi néih giu léih taai tēng dinh wá,"Mr Cheung: Mrs Lee, please.",,Cantonese::FSI
工人： 搵邊位話？ 我聽唔清楚。 唔該大聲啲啦。,工人： 揾边位话？ 我听唔清楚。 唔该大声啲啦。,gung1 jan4 ： wan2 bin1 wai2 waa6 ？ ngo5 ting3 m4 cing1 co2 。 m4 goi1 daai6 seng1 di1 laa1 。,gūng yành wán bīn wái wah ngóh ting mh chīng chó mh gōi daaih sēng dī lā,"Servant: Who did you say you were looking for? I didn’t hear. Can you speak louder, please?",,Cantonese::FSI
張生： 李太太。,张生： 李太太。,zoeng1 sang1 ： lei5 taai3 taai2 。,jēung sāng léih taai táai,Mr Cheung: Mrs Lee.,,Cantonese::FSI
工人： 佢去咗街噃。 貴姓搵佢呀？,工人： 佢去咗街噃。 贵姓揾佢呀？,gung1 jan4 ： keoi5 heoi3 zo2 gaai1 bo3 。 gwai3 sing3 wan2 keoi5 aa4 ？,gūng yành kéuih heui jó gāai bo gwai sing wán kéuih àh,Servant: She’s gone out. Who is calling please?,,Cantonese::FSI
張生： 姓張嘅。 佢幾時返嚟呀？,张生： 姓张嘅。 佢几时返嚟呀？,zoeng1 sang1 ： sing3 zoeng1 ge3 。 keoi5 gei2 si4 faan1 lai4 aa4 ？,jēung sāng sing jēung ge kéuih géi sìh fāan làih àh,Mr Cheung: My name is Cheung. When will she be back?,,Cantonese::FSI
工人： 或者十二點零啦。 佢要返嚟食晏嘅。 有咩嘢事呀？,工人： 或者十二点零啦。 佢要返嚟食晏嘅。 有咩嘢事呀？,gung1 jan4 ： waak6 ze2 sap6 ji6 dim2 ling4 laa1 。 keoi5 jiu3 faan1 lai4 sik6 aan3 ge3 。 jau5 me1 je5 si6 aa4 ？,gūng yành waahk jé sahp yih dím lìngh lā kéuih yiu fāan làih sihk aan ge yáuh mē yéh sih àh,Servant: Probably a little after 12. She’s coming home for lunch. What is the matter?,,Cantonese::FSI
張生： 咁，佢返嚟，唔該你叫佢打電話畀張生啦。,张生： 咁，佢返嚟，唔该你叫佢打电话畀张生啦。,zoeng1 sang1 ： gam3 ， keoi5 faan1 lai4 ， m4 goi1 nei5 giu3 keoi5 daa2 din6 waa2 bei2 zoeng1 sang1 laa1 。,jēung sāng gam kéuih fāan làih mh gōi néih giu kéuih dá dinh wá béi jēung sāng lā,"Mr Cheung: Well, when she comes home, please ask her to call Mr Cheung.",,Cantonese::FSI
工人： 佢知唔知你個電話幾多號呀？,工人： 佢知唔知你个电话几多号呀？,gung1 jan4 ： keoi5 zi1 m4 zi1 nei5 go3 din6 waa2 gei2 do1 hou6 aa4 ？,gūng yành kéuih jī mh jī néih go dinh wá géi dō houh àh,Servant: Does she know your telephone number?,,Cantonese::FSI
張生： 佢唔知㗎。 我嘅電話係七八。。。。,张生： 佢唔知㗎。 我嘅电话系七八。。。。,zoeng1 sang1 ： keoi5 m4 zi1 ga3 。 ngo5 ge3 din6 waa2 hai6 cat1 baat3 。 。 。 。,jēung sāng kéuih mh jī ga ngóh ge dinh wá haih chāt baat,Mr Cheung: She doesn’t know. My telephone number is 78…,,Cantonese::FSI
工人： 等我攞枝筆先啦。 喂，幾多號話？,工人： 等我攞枝笔先啦。 喂，几多号话？,gung1 jan4 ： dang2 ngo5 lo2 zi1 bat1 sin1 laa1 。 wai3 ， gei2 do1 hou6 waa6 ？,gūng yành dáng ngóh ló jī bāt sīn lā wai géi dō houh wah,"Servant: Let me get a pen first… Hello, what number did you say?",,Cantonese::FSI
張生： 七八六零五九。,张生： 七八六零五九。,zoeng1 sang1 ： cat1 baat3 luk6 ling4 ng5 gau2 。,jēung sāng chāt baat luhk lìngh ngh gáu,Mr Cheung: 786059.,,Cantonese::FSI
工人： 七八六零五九。 好，佢返嚟，我話佢知啦。,工人： 七八六零五九。 好，佢返嚟，我话佢知啦。,gung1 jan4 ： cat1 baat3 luk6 ling4 ng5 gau2 。 hou2 ， keoi5 faan1 lai4 ， ngo5 waa6 keoi5 zi1 laa1 。,gūng yành chāt baat luhk lìngh ngh gáu hóu kéuih fāan làih ngóh wah kéuih jī lā,"Servant: 786059. Alright. When she comes back, I’ll tell her.",,Cantonese::FSI
張生： 好，唔該。,张生： 好，唔该。,zoeng1 sang1 ： hou2 ， m4 goi1 。,jēung sāng hóu mh gōi,"Mr Cheung: Fine, thanks.",,Cantonese::FSI
遊客： 請問文華酒店喺邊度呀？,游客： 请问文华酒店喺边度呀？,jau4 haak3 ： cing2 man6 man4 waa4 zau2 dim3 hai2 bin1 dou6 aa4 ？,yàuh haak chíng manh mành wàh jáu dim hái bīn douh àh,Tourist: Could you please tell me where the Mandarin Hotel is?,,Cantonese::FSI
本地人： 呢！喺嗰便。,本地人： 呢！喺𠮶便。,bun2 dei6 jan4 ： ne1 ！ hai2 go2 bin1 。,bún deih yành nē hái gó bīn,Local: There! Over there.,,Cantonese::FSI
遊客： 對唔住，我睇唔到。 喺嗰便邊度呀？,游客： 对唔住，我睇唔到。 喺𠮶便边度呀？,jau4 haak3 ： deoi3 m4 zyu6 ， ngo5 tai2 m4 dou3 。 hai2 go2 bin1 bin1 dou6 aa4 ？,yàuh haak deui mh jyuh ngóh tái mh dou hái gó bīn bīn douh àh,"Tourist: Excuse me, I don’t see it. Over there where?",,Cantonese::FSI
本地人： 喺天星馬頭對面。,本地人： 喺天星马头对面。,bun2 dei6 jan4 ： hai2 tin1 sing1 maa5 tau2 deoi3 min6 。,bún deih yành hái tīn sīng máh táu deui minh,Local: It’s opposite the Star Ferry Pier.,,Cantonese::FSI
遊客： 呢左近有冇公司呀？,游客： 呢左近有冇公司呀？,jau4 haak3 ： ne1 zo2 gan2 jau5 mou5 gung1 si1 aa4 ？,yàuh haak nē jó gán yáuh móuh gūng sī àh,Tourist: Is there a department store near there?,,Cantonese::FSI
本地人： 有。呢，嗰便有間。 喺嗰間銀行隔離。,本地人： 有。呢，𠮶便有间。 喺𠮶间银行隔离。,bun2 dei6 jan4 ： jau5 。 ne1 ， go2 bin1 jau5 haan4 。 hai2 go2 haan4 ngan4 hong4 gaak3 lei4 。,bún deih yành yáuh nē gó bīn yáuh hàanh hái gó hàanh ngành hòngh gaak lèih,"Local: Yes, there is. There’s one over there. It’s next to the bank.",,Cantonese::FSI
遊客： 啊，睇到嘞。唔該。,游客： 啊，睇到嘞。唔该。,jau4 haak3 ： aa3 ， tai2 dou3 la3 。 m4 goi1 。,yàuh haak a tái dou la mh gōi,"Tourist: Oh, I see it! Thanks.",,Cantonese::FSI
細妹： 哎呀！我唔記得帶錢添！,细妹： 哎呀！我唔记得带钱添！,sai3 mui2 ： aai1 aa4 ！ ngo5 m4 gei3 dak1 daai3 cin2 tim1 ！,sai múi āai àh ngóh mh gei dāk daai chín tīm,Younger sister: Aiya! I forgot to bring any money!,,Cantonese::FSI
阿哥： 唔緊要，我有。 找返三毫得嘞。,阿哥： 唔紧要，我有。 找返三毫得嘞。,aa3 go1 ： m4 gan2 jiu3 ， ngo5 jau5 。 zaau2 faan2 saam1 hou4 dak1 la3 。,a gō mh gán yiu ngóh yáuh jáau fáan sāam hòuh dāk la,"Older brother: Never mind – I have (some). Give me 30 cents change, that’ll be OK.",,Cantonese::FSI
司機： 我冇得找。 你有冇散銀呀？,司机： 我冇得找。 你有冇散银呀？,si1 gei1 ： ngo5 mou5 dak1 zaau2 。 nei5 jau5 mou5 saan2 ngan2 aa4 ？,sī gēi ngóh móuh dāk jáau néih yáuh móuh sáan ngán àh,Driver: I don’t have any change. Do you have any small coins?,,Cantonese::FSI
阿哥： 有，有。 咦！唔見咗嘅？ 啊！係度。 嗱，呢度七毫子。,阿哥： 有，有。 咦！唔见咗嘅？ 啊！系度。 嗱，呢度七毫子。,aa3 go1 ： jau5 ， jau5 。 ji2 ！ ng5 gin3 zo2 ge3 ？ aa3 ！ hai6 dou6 。 naa4 ， ni1 dou6 cat1 hou4 zi2 。,a gō yáuh yáuh yí ngh gin jó ge a haih douh nàh nī douh chāt hòuh jí,"Older brother: Yes, I have. Eh? Disappeared? Oh, they’re here. Here, here’s 70 cents.",,Cantonese::FSI
阿哥： 你要錢用。 我呢度借住畀你先啦。 要幾多呀？,阿哥： 你要钱用。 我呢度借住畀你先啦。 要几多呀？,aa3 go1 ： nei5 jiu3 cin2 jung6 。 ngo5 ne1 dou6 ze3 zyu6 bei2 nei5 sin1 laa1 。 jiu3 gei2 do1 aa4 ？,a gō néih yiu chín yungh ngóh nē douh je jyuh béi néih sīn lā yiu géi dō àh,Older brother: You’ll need some money to use. I will lend it to you (for now). How much do you need?,,Cantonese::FSI
細妹： 十文夠嘞。,细妹： 十文够嘞。,sai3 mui2 ： sap6 man4 gau3 la3 。,sai múi sahp mành gau la,Younger sister: Ten dollars will be enough.,,Cantonese::FSI
阿哥： 我得張一百文紙啫呀。 等我暢開畀你啦。,阿哥： 我得张一百文纸啫呀。 等我畅开畀你啦。,aa3 go1 ： ngo5 dak1 zoeng1 jat1 baak3 man4 zi2 ze1 aa4 。 dang2 ngo5 coeng3 hoi1 bei2 nei5 laa1 。,a gō ngóh dāk jēung yāt baak mành jí jē àh dáng ngóh cheung hōi béi néih lā,Older brother: I only have a hundred dollar bill. I’ll get it changed and give you (the money),,Cantonese::FSI
阿哥： 唔該你同我暢開張一百文紙啦。,阿哥： 唔该你同我畅开张一百文纸啦。,aa3 go1 ： m4 goi1 nei5 tung4 ngo5 coeng3 hoi1 zoeng1 jat1 baak3 man4 zi2 laa1 。,a gō mh gōi néih tùngh ngóh cheung hōi jēung yāt baak mành jí lā,Older brother: Would please change a hundred dollar bill for me.,,Cantonese::FSI
細妹： 得。十張十文紙好唔好呀？,细妹： 得。十张十文纸好唔好呀？,sai3 mui2 ： dak1 。 sap6 zoeng1 sap6 man4 zi2 hou2 m4 hou2 aa4 ？,sai múi dāk sahp jēung sahp mành jí hóu mh hóu àh,Younger sister: Are 10 ten’s OK?,,Cantonese::FSI
阿哥： 好呀。,阿哥： 好呀。,aa3 go1 ： hou2 aa4 。,a gō hóu àh,Older brother: Fine.,,Cantonese::FSI
某太： 啊，黃太，去邊度呀？,某太： 啊，黄太，去边度呀？,mau5 taai3 ： aa3 ， wong4 taai3 ， heoi3 bin1 dou6 aa4 ？,máuh taai a wòngh taai heui bīn douh àh,"Mrs X: Ah, Mrs Wong, where are you going?",,Cantonese::FSI
黃太： 我去銀行攞錢。你呢？,黄太： 我去银行攞钱。你呢？,wong4 taai3 ： ngo5 heoi3 ngan4 hong4 lo2 cin2 。 nei5 ne1 ？,wòngh taai ngóh heui ngành hòngh ló chín néih nē,Mrs Wong: I’m going to the bank to get some money. And you?,,Cantonese::FSI
某太： 我去學校。,某太： 我去学校。,mau5 taai3 ： ngo5 heoi3 hok6 haau6 。,máuh taai ngóh heui hohk haauh,Mrs X: I am going to the school.,,Cantonese::FSI
黃太： 去嗰度有咩嘢事呀？,黄太： 去𠮶度有咩嘢事呀？,wong4 taai3 ： heoi3 go2 dou6 jau5 me1 je5 si6 aa4 ？,wòngh taai heui gó douh yáuh mē yéh sih àh,Mrs Wong: What is it you’re going there to do?,,Cantonese::FSI
某太： 我去接我個女。 佢而家喺學校等我。 我帶佢去探我媽媽。,某太： 我去接我个女。 佢而家喺学校等我。 我带佢去探我妈妈。,mau5 taai3 ： ngo5 heoi3 zip3 ngo5 go3 neoi5 。 keoi5 ji4 gaa1 hai2 hok6 haau6 dang2 ngo5 。 ngo5 daai3 keoi5 heoi3 taam3 ngo5 maa4 maa1 。,máuh taai ngóh heui jip ngóh go néuih kéuih yìh gā hái hohk haauh dáng ngóh ngóh daai kéuih heui taam ngóh màh mā,Mrs X: I’m going to get my daughter. She’s at school now waiting for me. I’m taking her to visit my mother.,,Cantonese::FSI
黃太： 你媽媽喺邊度住呀？,黄太： 你妈妈喺边度住呀？,wong4 taai3 ： nei5 maa4 maa1 hai2 bin1 dou6 zyu6 aa4 ？,wòngh taai néih màh mā hái bīn douh jyuh àh,Mrs Wong: Where does your mother live?,,Cantonese::FSI
某太： 佢喺九龍住。,某太： 佢喺九龙住。,mau5 taai3 ： keoi5 hai2 gau2 lung4 zyu6 。,máuh taai kéuih hái gáu lùngh jyuh,Mrs X: She lives in Kowloon.,,Cantonese::FSI
黃太： 啊，有架車來嘞。係唔係八號呀？ 我睇唔清楚。,黄太： 啊，有架车来嘞。系唔系八号呀？ 我睇唔清楚。,wong4 taai3 ： aa3 ， jau5 gaa3 ce1 loi4 la3 。 hai6 m4 hai6 baat3 hou6 aa4 ？ ngo5 tai2 m4 cing1 co2 。,wòngh taai a yáuh ga chē lòih la haih mh haih baat houh àh ngóh tái mh chīng chó,"Mrs Wong: Oh, there’s a bus [car] coming. Is it a Number 8? I can’t see clearly.",,Cantonese::FSI
某太： 唔係八號，係三號。 後便有假八號。,某太： 唔系八号，系三号。 后便有假八号。,mau5 taai3 ： m4 hai6 baat3 hou6 ， hai6 saam1 hou6 。 hau6 bin6 jau5 gaa2 baat3 hou6 。,máuh taai mh haih baat houh haih sāam houh hauh binh yáuh gá baat houh,"Mrs X: It’s not a Number 8, it’s a Number 3. There’s a Number 8 behind it.",,Cantonese::FSI
黃太： 啊，冇錯。三號後便跟住有架八號。,黄太： 啊，冇错。三号后便跟住有架八号。,wong4 taai3 ： aa3 ， mou5 co3 。 saam1 hou6 hau6 bin6 gan1 zyu6 jau5 gaa3 baat3 hou6 。,wòngh taai a móuh cho sāam houh hauh binh gān jyuh yáuh ga baat houh,"Mrs Wong: Ah, that’s right. Behind the Number 3, following there’s a Number 8.",,Cantonese::FSI
司機： 去邊度呀?,司机： 去边度呀?,si1 gei1 ： heoi3 bin1 dou6 aa4 ?,sī gēi heui bīn douh àh ?,Driver: Where to?,,Cantonese::FSI
搭客： 我唔記得嗰條街叫做咩嘢名。 你一直行先。 到咁上下，我話你聽。 喺呢度轉右。 過啲，轉左。,搭客： 我唔记得𠮶条街叫做咩嘢名。 你一直行先。 到咁上下，我话你听。 喺呢度转右。 过啲，转左。,daap3 haak3 ： ngo5 m4 gei3 dak1 go2 tiu4 gaai1 giu3 zou6 me1 je5 ming4 。 nei5 jat1 zik6 hong6 sin1 。 dou3 gam3 soeng6 haa2 ， ngo5 waa6 nei5 ting3 。 hai2 ne1 dou6 zyun3 jau6 。 gwo3 di1 ， zyun3 zo2 。,daap haak ngóh mh gei dāk gó tìuh gāai giu jouh mē yéh mìngh néih yāt jihk hongh sīn dou gam seungh há ngóh wah néih ting hái nē douh jyun yauh gwo dī jyun jó,"Passenger: I don’t remember the name of the street. Go straight first. I’ll tell you as we go along. Turn right here. Further, turn right.",,Cantonese::FSI
司機： 係唔係呢度呀？,司机： 系唔系呢度呀？,si1 gei1 ： hai6 m4 hai6 ni1 dou6 aa4 ？,sī gēi haih mh haih nī douh àh,Driver: Is this the place?,,Cantonese::FSI
搭客： 唔係，過啲添。 過幾間就係嘞。 到嘞!,搭客： 唔系，过啲添。 过几间就系嘞。 到嘞!,daap3 haak3 ： m4 hai6 ， gwo3 di1 tim1 。 gwo3 gei2 haan4 zau6 hai6 la3 。 dou3 la3 !,daap haak mh haih gwo dī tīm gwo géi hàanh jauh haih la dou la !,Passenger: No – still further. Pass a few buildings (more) and that’s it. Arrived!,,Cantonese::FSI
司機： 呢度唔可以停車。,司机： 呢度唔可以停车。,si1 gei1 ： ne1 dou6 m4 ho2 ji5 ting4 ce1 。,sī gēi nē douh mh hó yíh tìngh chē,Driver: You can’t stop here.,,Cantonese::FSI
搭客： 轉入去啦。 入便有位拍車。,搭客： 转入去啦。 入便有位拍车。,daap3 haak3 ： zyun3 jap6 heoi3 laa1 。 jap6 bin6 jau5 wai6 paak3 ce1 。,daap haak jyun yahp heui lā yahp binh yáuh waih paak chē,Passenger: Turn in (the driveway). Inside there’s a place to park.,,Cantonese::FSI
搭客： 好嘞。喺呢度停車啦。 唔該你等陣。 我就返嚟。,搭客： 好嘞。喺呢度停车啦。 唔该你等阵。 我就返嚟。,daap3 haak3 ： hou2 la3 。 hai2 ni1 dou6 ting4 ce1 laa1 。 m4 goi1 nei5 dang2 zan6 。 ngo5 zau6 faan1 lai4 。,daap haak hóu la hái nī douh tìngh chē lā mh gōi néih dáng janh ngóh jauh fāan làih,Passenger: OK. Stop here. Please wait. I’ll be right back.,,Cantonese::FSI
本地人： 啊，伙計! 唔該你拎個菜牌嚟畀我睇下啦。,本地人： 啊，伙计! 唔该你拎个菜牌嚟畀我睇下啦。,bun2 dei6 jan4 ： aa3 ， fo2 gei3 ! m4 goi1 nei5 ling1 go3 coi3 paai4 lai4 bei2 ngo5 tai2 haa6 laa1 。,bún deih yành a fó gei ! mh gōi néih līng go choi pàaih làih béi ngóh tái hah lā,Local: Waiter! Please bring me a menu to have a look at.,,Cantonese::FSI
伙計： 好呃，就嚟。,伙计： 好呃，就嚟。,fo2 gei3 ： hou2 ngaak1 ， zau6 lai4 。,fó gei hóu ngāak jauh làih,"Waiter: Yes sir, coming right away.",,Cantonese::FSI
外國人： 我唔識點菜㗎。唔該你介紹下啦。,外国人： 我唔识点菜㗎。唔该你介绍下啦。,ngoi6 gwok3 jan4 ： ngo5 m4 sik1 dim2 coi3 ga3 。 m4 goi1 nei5 gaai3 siu6 haa6 laa1 。,ngoih gwok yành ngóh mh sīk dím choi ga mh gōi néih gaai siuh hah lā,Foreigner: I don’t know how to order.,,Cantonese::FSI
本地人： 咁，等我點啦。 你食過乳豬未呀?,本地人： 咁，等我点啦。 你食过乳猪未呀?,bun2 dei6 jan4 ： gam3 ， dang2 ngo5 dim2 laa1 。 nei5 sik6 gwo3 jyu5 zyu1 mei6 aa4 ?,bún deih yành gam dáng ngóh dím lā néih sihk gwo yúh jyū meih àh ?,"Local: Well then, I’ll choose. Have you ever eaten roast suckling pig?",,Cantonese::FSI
外國人： 未呀。 一次都未食過。,外国人： 未呀。 一次都未食过。,ngoi6 gwok3 jan4 ： mei6 aa4 。 jat1 ci3 dou1 mei6 sik6 gwo3 。,ngoih gwok yành meih àh yāt chi dōu meih sihk gwo,Foreigner: Not yet. I haven’t eaten it even once.,,Cantonese::FSI
本地人： 試下，好嗎?,本地人： 试下，好吗?,bun2 dei6 jan4 ： si3 haa6 ， hou2 maa5 ?,bún deih yành si hah hóu máh ?,"Local: Let’s try it, OK?",,Cantonese::FSI
外國人： 好呀。,外国人： 好呀。,ngoi6 gwok3 jan4 ： hou2 aa4 。,ngoih gwok yành hóu àh,Foreigner: Fine.,,Cantonese::FSI
本地人： 你中意食蝦抑或食魚呢?,本地人： 你中意食虾抑或食鱼呢?,bun2 dei6 jan4 ： nei5 zung1 ji3 sik6 haa1 jik1 waak6 sik6 jyu2 ne1 ?,bún deih yành néih jūng yi sihk hā yīk waahk sihk yú nē ?,Local: Do you like to eat shrimp or fish?,,Cantonese::FSI
外國人： 是但啦。 不過我都係中意食蝦。 我哋重想愛啲咩嘢呀?,外国人： 是但啦。 不过我都系中意食虾。 我哋重想爱啲咩嘢呀?,ngoi6 gwok3 jan4 ： si6 daan6 laa1 。 bat1 gwo3 ngo5 dou1 hai6 zung1 ji3 sik6 haa1 。 ngo5 dei6 zung6 soeng2 oi3 di1 me1 je5 aa4 ?,ngoih gwok yành sih daanh lā bāt gwo ngóh dōu haih jūng yi sihk hā ngóh deih jungh séung oi dī mē yéh àh ?,Foreigner: As you wish. Although I really like shrimp. What else do we want to have?,,Cantonese::FSI
本地人： 重想愛個湯添。,本地人： 重想爱个汤添。,bun2 dei6 jan4 ： zung6 soeng2 oi3 go3 tong1 tim1 。,bún deih yành jungh séung oi go tōng tīm,Local: In addition let’s have a soup too.,,Cantonese::FSI
本地人： 伙計! 畀多兩枝啤酒我哋添啦。,本地人： 伙计! 畀多两枝啤酒我哋添啦。,bun2 dei6 jan4 ： fo2 gai3 ! bei2 do1 loeng5 zi1 pei4 zau2 ngo5 dei6 tim1 laa1 。,bún deih yành fó gai ! béi dō léungh jī pèih jáu ngóh deih tīm lā,Local: Waiter! Please give us two more bottles of beer.,,Cantonese::FSI
外國人： 啲乳豬真係唔錯。,外国人： 啲乳猪真系唔错。,ngoi6 gwok3 jan4 ： di1 jyu5 zyu1 zan1 hai6 m4 co3 。,ngoih gwok yành dī yúh jyū jān haih mh cho,Foreigner: The suckling pig is really good.,,Cantonese::FSI
本地人： 食多啲啦。,本地人： 食多啲啦。,bun2 dei6 jan4 ： sik6 do1 di1 laa1 。,bún deih yành sihk dō dī lā,Local: Have some more.,,Cantonese::FSI
外國人： 夠嘞，多謝晒。,外国人： 够嘞，多谢晒。,ngoi6 gwok3 jan4 ： gau3 la3 ， do1 ze6 saai3 。,ngoih gwok yành gau la dō jeh saai,Foreigner: I’ve had plenty. Thanks a lot.,,Cantonese::FSI
本地人： 伙計，埋單!,本地人： 伙计，埋单!,bun2 dei6 jan4 ： fo2 gei3 ， maai4 daan1 !,bún deih yành fó gei màaih dāan !,Local: Waiter! The bill please.,,Cantonese::FSI
路人: 請問你，由呢度點去永安公司呀?,路人: 请问你，由呢度点去永安公司呀?,lou6 jan4 : cing2 man6 nei5 ， jau4 ni1 dou6 dim2 heoi3 wing5 on1 gung1 si1 aa4 ?,louh yành : chíng manh néih yàuh nī douh dím heui wíngh ōn gūng sī àh ?,Pedestrian: Could you please tell me how to get to the Wing On Department Store from here?,,Cantonese::FSI
售貨員: 行落去大道中先，然後轉左。,售货员: 行落去大道中先，然后转左。,sau6 fo3 jyun4 : hong6 lok6 heoi3 daai6 dou6 zung1 sin1 ， jin4 hau6 zyun3 zo2 。,sauh fo yùnh : hongh lohk heui daaih douh jūng sīn yình hauh jyun jó,"Sales assistant: First go down to Queen’s Road Central, then turn left.",,Cantonese::FSI
路人: 轉左。,路人: 转左。,lou6 jan4 : zyun3 zo2 。,louh yành : jyun jó,Pedestrian: Turn left.,,Cantonese::FSI
"售貨員: 咁，一直行到中環街市, 轉右。 過咗街市，就係德輔中嘞。 去到嗰度，再問人啦。","售货员: 咁，一直行到中环街市, 转右。 过咗街市，就系德辅中嘞。 去到𠮶度，再问人啦。","sau6 fo3 jyun4 : gam3 ， jat1 zik6 hong6 dou3 zung1 waan4 gaai1 si5 , zyun3 jau6 。 gwo3 zo2 gaai1 si5 ， zau6 hai6 dak1 fu6 zung1 la3 。 heoi3 dou3 go2 dou6 ， zoi3 man6 jan4 laa1 。","sauh fo yùnh : gam yāt jihk hongh dou jūng wàanh gāai síh , jyun yauh gwo jó gāai síh jauh haih dāk fuh jūng la heui dou gó douh joi manh yành lā","Sales assistant: Then, go straight till you get to Central Market, and turn right. When you get past the market, you are on Des Voeux Road Central. When you get there, ask again.",,Cantonese::FSI
路人: 賣冷衫嗰個部分係邊度呀?,路人: 卖冷衫𠮶个部分系边度呀?,lou6 jan4 : maai6 laang1 saam1 go3 go3 bou6 fan1 hai6 bin1 dou6 aa4 ?,louh yành : maaih lāang sāam go go bouh fān haih bīn douh àh ?,Pedestrian: Where is the sweater department?,,Cantonese::FSI
售貨員: 請上三樓啦。,售货员: 请上三楼啦。,sau6 fo3 jyun4 : cing2 soeng6 saam1 lau4 laa1 。,sauh fo yùnh : chíng seungh sāam làuh lā,Sales assistant: Please go up to the third floor.,,Cantonese::FSI
陳太： 你琴日去邊度啊？,陈太： 你琴日去边度啊？,can4 taai3 ： nei5 kam4 jat6 heoi3 bin1 dou6 aa3 ？,chành taai néih kàmh yaht heui bīn douh a,Mrs Chan: Where did you go yesterday?,,Cantonese::FSI
李生： 我琴日過海。,李生： 我琴日过海。,lei5 saang1 ： ngo5 kam4 jat6 gwo3 hoi2 。,léih sāang ngóh kàmh yaht gwo hói,Mr Lee: I went over to Kowloon yesterday.,,Cantonese::FSI
陳太： 過海做乜嘢啊？,陈太： 过海做乜嘢啊？,can4 taai3 ： gwo3 hoi2 zou6 mat1 je5 aa3 ？,chành taai gwo hói jouh māt yéh a,Mrs Chan: What did you do over there?,,Cantonese::FSI
李生： 我同我太太去行公司。,李生： 我同我太太去行公司。,lei5 saang1 ： ngo5 tung4 ngo5 taai3 taai2 heoi3 hong6 gung1 si1 。,léih sāang ngóh tùngh ngóh taai táai heui hongh gūng sī,Mr Lee: I went with my wife to window-shop.,,Cantonese::FSI
陳太： 有冇買嘢啊？,陈太： 有冇买嘢啊？,can4 taai3 ： jau5 mou5 maai5 je5 aa3 ？,chành taai yáuh móuh máaih yéh a,Mrs Chan: Did you buy anything?,,Cantonese::FSI
李生： 有，買咗個打火機。,李生： 有，买咗个打火机。,lei5 saang1 ： jau5 ， maai5 zo2 go3 daa2 fo2 gei1 。,léih sāang yáuh máaih jó go dá fó gēi,"Mr Lee: Yeah, I got a cigarette lighter.",,Cantonese::FSI
陳太： 冇買到第二啲嘢呀。,陈太： 冇买到第二啲嘢呀。,can4 taai3 ： mou5 maai5 dou3 dai6 ji6 di1 je5 aa4 。,chành taai móuh máaih dou daih yih dī yéh àh,"Mrs Chan: You didn’t buy anything else, huh?",,Cantonese::FSI
李生： 冇，淨係買咗個打火機啫。 你哋呢？琴日去邊度來啊？,李生： 冇，净系买咗个打火机啫。 你哋呢？琴日去边度来啊？,lei5 saang1 ： mou5 ， zing6 hai6 maai5 zo2 go3 daa2 fo2 gei1 ze1 。 nei5 dei6 ne1 ？ kam4 jat6 heoi3 bin1 dou6 loi4 aa3 ？,léih sāang móuh jingh haih máaih jó go dá fó gēi jē néih deih nē kàmh yaht heui bīn douh lòih a,"Mr Lee: No, just the lighter. How about you two? Where did you go yesterday?",,Cantonese::FSI
何小姐： 冇去街，淨係匸屋企打牌來。,何小姐： 冇去街，净系匸屋企打牌来。,ho4 siu2 ze2 ： mou5 heoi3 gaai1 ， zing6 hai6 hai5 uk1 kei2 daa2 paai4 loi4 。,hòh síu jé móuh heui gāai jingh haih háih wūk kéi dá pàaih lòih,Ms Ho: I didn’t go out. I just stayed at home and played mahjong.,,Cantonese::FSI
陳太： 我同我先生去豪華戲院睇戲來。 你睇過嗰齣戲未啊？,陈太： 我同我先生去豪华戏院睇戏来。 你睇过𠮶出戏未啊？,can4 taai3 ： ngo5 tung4 ngo5 sin1 saang1 heoi3 hou4 waa4 hei3 jyun2 tai2 hei3 loi4 。 nei5 tai2 gwo3 go2 ceot1 hei3 mei6 aa3 ？,chành taai ngóh tùngh ngóh sīn sāang heui hòuh wàh hei yún tái hei lòih néih tái gwo gó chēut hei meih a,Mrs Chan: My husband and I went to the Hoover Theatre to see a movie. Have you seen that film?,,Cantonese::FSI
何小姐： 重未。琴日冇時間，冇去到。 今日得閒就今日去，唔得閒就聽日去啦。,何小姐： 重未。琴日冇时间，冇去到。 今日得闲就今日去，唔得闲就听日去啦。,ho4 siu2 ze2 ： zung6 mei6 。 kam4 jat6 mou5 si4 gaan3 ， mou5 heoi3 dou3 。 gam1 jat6 dak1 haan4 zau6 gam1 jat6 heoi3 ， m4 dak1 haan4 zau6 ting1 jat6 heoi3 laa1 。,hòh síu jé jungh meih kàmh yaht móuh sìh gaan móuh heui dou gām yaht dāk hàanh jauh gām yaht heui mh dāk hàanh jauh tīng yaht heui lā,"Ms Ho: Not yet. I didn’t have time yesterday, and didn’t go. If I’m free today then I’ll go today. If I’m busy then I’ll go tomorrow.",,Cantonese::FSI
中國人： 王生！好耐冇見噃。 聽見話‥你下個禮拜返去美國，係唔係啊？,中国人： 王生！好耐冇见噃。 听见话‥你下个礼拜返去美国，系唔系啊？,zung1 gwok3 jan4 ： wong4 sang1 ！ hou2 noi6 mou5 gin3 bo3 。 ting3 gin3 waa6 ‥ nei5 haa6 go3 lai5 baai3 faan1 heoi3 mei5 gwok3 ， hai6 m4 hai6 aa3 ？,jūng gwok yành wòngh sāng hóu noih móuh gin bo ting gin wah ‥ néih hah go láih baai fāan heui méih gwok haih mh haih a,Chinese: Mr Wong! I haven’t seen you in a long time. I hear you’re going back to the States next week–is that right?,,Cantonese::FSI
美國人： 冇錯。我打算廿六號返去，即係禮拜四。,美国人： 冇错。我打算廿六号返去，即系礼拜四。,mei5 gwok3 jan4 ： mou5 co3 。 ngo5 daa2 syun3 jaa6 luk6 hou6 faan1 heoi3 ， zik1 hai6 lai5 baai3 sei3 。,méih gwok yành móuh cho ngóh dá syun yah luhk houh fāan heui jīk haih láih baai sei,"American: That’s right. I plan to go back on the 26th–Thursday, that is.",,Cantonese::FSI
中國人： 我都打算去美國。,中国人： 我都打算去美国。,zung1 gwok3 jan4 ： ngo5 dou1 daa2 syun3 heoi3 mei5 gwok3 。,jūng gwok yành ngóh dōu dá syun heui méih gwok,"Chinese: I plan to go to America, too.",,Cantonese::FSI
美國人： 係咩？你幾時去呢？,美国人： 系咩？你几时去呢？,mei5 gwok3 jan4 ： hai6 me1 ？ nei5 gei2 si4 heoi3 ne1 ？,méih gwok yành haih mē néih géi sìh heui nē,American: Is that so?! When are you going?,,Cantonese::FSI
中國人： 話唔定㗎。或者出年二月啦。,中国人： 话唔定㗎。或者出年二月啦。,zung1 gwok3 jan4 ： waa6 m4 ding6 ga3 。 waak6 ze2 ceot1 nin2 ji6 jyut6 laa1 。,jūng gwok yành wah mh dingh ga waahk jé chēut nín yih yuht lā,Chinese: I’m not sure. Maybe February next year.,,Cantonese::FSI
美國人： 你有冇去過美國啊？,美国人： 你有冇去过美国啊？,mei5 gwok3 jan4 ： nei5 jau5 mou5 heoi3 gwo3 mei5 gwok3 aa3 ？,méih gwok yành néih yáuh móuh heui gwo méih gwok a,American: Have you ever been to the States before?,,Cantonese::FSI
中國人： 有。一九六七年去來。,中国人： 有。一九六七年去来。,zung1 gwok3 jan4 ： jau5 。 jat1 gau2 luk6 cat1 nin4 heoi3 loi4 。,jūng gwok yành yáuh yāt gáu luhk chāt nình heui lòih,"Chinese: Yes, I made a trip in 1967.",,Cantonese::FSI
美國人： 去過邊啲地方啊？,美国人： 去过边啲地方啊？,mei5 gwok3 jan4 ： heoi3 gwo3 bin1 di1 dei6 fong1 aa3 ？,méih gwok yành heui gwo bīn dī deih fōng a,American: What places did you go?,,Cantonese::FSI
中國人： 去過三蕃市同華盛頓啫。 嗰兩笪地方，我都有親戚喺度。,中国人： 去过三蕃市同华盛顿啫。 𠮶两笪地方，我都有亲戚喺度。,zung1 gwok3 jan4 ： heoi3 gwo3 saam1 faan1 si5 tung4 waa4 sing6 deon6 ze1 。 go2 loeng5 daat3 dei6 fong1 ， ngo5 dou1 jau5 can1 cik1 hai2 dou6 。,jūng gwok yành heui gwo sāam fāan síh tùngh wàh singh deunh jē gó léungh daat deih fōng ngóh dōu yáuh chān chīk hái douh,"Chinese: I went to San Fransisco and Washington, that’s all. In those two places I have relatives.",,Cantonese::FSI
美國人： 你下次‥係唔係都係去華盛頓啊？,美国人： 你下次‥系唔系都系去华盛顿啊？,mei5 gwok3 jan4 ： nei5 haa6 ci3 ‥ hai6 m4 hai6 dou1 hai6 heoi3 waa4 sing6 deon6 aa3 ？,méih gwok yành néih hah chi ‥ haih mh haih dōu haih heui wàh singh deunh a,"American: Will you go to Washington next time, too?",,Cantonese::FSI
中國人： 係啊。,中国人： 系啊。,zung1 gwok3 jan4 ： hai6 aa3 。,jūng gwok yành haih a,Chinese: That’s right.,,Cantonese::FSI
美國人： 等我寫我個地址畀你啦。 到咗華盛頓‥至緊要來我度坐啦。,美国人： 等我写我个地址畀你啦。 到咗华盛顿‥至紧要来我度坐啦。,mei5 gwok3 jan4 ： dang2 ngo5 se2 ngo5 go3 dei6 zi2 bei2 nei5 laa1 。 dou3 zo2 waa4 sing6 deon6 ‥ zi3 gan2 jiu3 loi4 ngo5 dou6 co5 laa1 。,méih gwok yành dáng ngóh sé ngóh go deih jí béi néih lā dou jó wàh singh deunh ‥ ji gán yiu lòih ngóh douh chóh lā,"American: Let me write my address and give it to you. When you get to Washington, be sure to come see me.",,Cantonese::FSI
中國人： 啊。我都唔知你屋企匸華盛頓添。,中国人： 啊。我都唔知你屋企匸华盛顿添。,zung1 gwok3 jan4 ： aa3 。 ngo5 dou1 m4 zi1 nei5 uk1 kei2 hai5 waa4 sing6 deon6 tim1 。,jūng gwok yành a ngóh dōu mh jī néih wūk kéi háih wàh singh deunh tīm,Chinese: Oh! I didn’t know your home was in Washington.,,Cantonese::FSI
美國人： 係啊。我喺嗰度出世嘅。,美国人： 系啊。我喺𠮶度出世嘅。,mei5 gwok3 jan4 ： hai6 aa3 。 ngo5 hai2 go2 dou6 ceot1 sai3 ge3 。,méih gwok yành haih a ngóh hái gó douh chēut sai ge,"American: Yes, I was born there.",,Cantonese::FSI
家姐： 你係邊度人呀？,家姐： 你系边度人呀？,gaa1 ze1 ： nei5 hai6 bin1 dou6 jan4 aa4 ？,gā jē néih haih bīn douh yành àh,Older sister: What place are you from?,,Cantonese::FSI
博良： 廣州。,博良： 广州。,bok3 loeng4 ： gwong2 zau1 。,bok lèungh gwóng jāu,Bok-Leung: Guangzhou.,,Cantonese::FSI
家姐： 你喺香港住咗幾耐呀？,家姐： 你喺香港住咗几耐呀？,gaa1 ze1 ： nei5 hai2 hoeng1 gong2 zyu6 zo2 gei2 noi6 aa4 ？,gā jē néih hái hēung góng jyuh jó géi noih àh,Older sister: How long have you lived in Hong Kong?,,Cantonese::FSI
博良： 兩年度。,博良： 两年度。,bok3 loeng4 ： loeng5 nin4 dou6 。,bok lèungh léungh nình douh,Bok-Leung: About two years.,,Cantonese::FSI
家姐： 你打算重住幾耐呀？,家姐： 你打算重住几耐呀？,gaa1 ze1 ： nei5 daa2 syun3 zung6 zyu6 gei2 noi6 aa4 ？,gā jē néih dá syun jungh jyuh géi noih àh,Older sister: How much longer do you plan to stay?,,Cantonese::FSI
博良： 至少一年。 我讀咗兩年大學嘅嘞。 重有一年就畢業。,博良： 至少一年。 我读咗两年大学嘅嘞。 重有一年就毕业。,bok3 loeng4 ： zi3 siu2 jat1 nin4 。 ngo5 duk6 zo2 loeng5 nin4 daai6 hok6 ge3 la3 。 zung6 jau5 jat1 nin4 zau6 bat1 jip6 。,bok lèungh ji síu yāt nình ngóh duhk jó léungh nình daaih hohk ge la jungh yáuh yāt nình jauh bāt yihp,Bok-Leung: At least one year. I’ve studied two years at the university. I still have another year then I’ll graduate.,,Cantonese::FSI
家姐： 你以前喺邊度讀書呀？,家姐： 你以前喺边度读书呀？,gaa1 ze1 ： nei5 ji5 cin4 hai2 bin1 dou6 duk6 syu1 aa4 ？,gā jē néih yíh chình hái bīn douh duhk syū àh,Older sister: Where did you study before?,,Cantonese::FSI
博良： 我未來香港之前，我喺臺灣讀書。 喺嗰度住咗幾年。,博良： 我未来香港之前，我喺台湾读书。 喺𠮶度住咗几年。,bok3 loeng4 ： ngo5 mei6 loi4 hoeng1 gong2 zi1 cin4 ， ngo5 hai2 toi4 waan1 duk6 syu1 。 hai2 go2 dou6 zyu6 zo2 gei2 nin4 。,bok lèungh ngóh meih lòih hēung góng jī chình ngóh hái tòih wāan duhk syū hái gó douh jyuh jó géi nình,"Bok-Leung: Before I came to Hong Kong, I studied in Taiwan. I lived there for several years.",,Cantonese::FSI
家姐： 你喺臺灣嗰陣，喺邊度住呀？,家姐： 你喺台湾𠮶阵，喺边度住呀？,gaa1 ze1 ： nei5 hai2 toi4 waan1 go2 zan6 ， hai2 bin1 dou6 zyu6 aa4 ？,gā jē néih hái tòih wāan gó janh hái bīn douh jyuh àh,"Older sister: When you were in Taiwan, where did you live?",,Cantonese::FSI
博良： 喺臺北。,博良： 喺台北。,bok3 loeng4 ： hai2 toi4 bak1 。,bok lèungh hái tòih bāk,Bok-Leung: In Taipei.,,Cantonese::FSI
家姐： 你畢咗業之後，打算去邊度呀？,家姐： 你毕咗业之后，打算去边度呀？,gaa1 ze1 ： nei5 bat1 zo2 jip6 zi1 hau6 ， daa2 syun3 heoi3 bin1 dou6 aa4 ？,gā jē néih bāt jó yihp jī hauh dá syun heui bīn douh àh,"Older sister: After you graduate, where do you plan to go?",,Cantonese::FSI
博良： 而家重未決定，但係我希望可以去英國留學。 如果唔去留學，就喺度搵嘢做。,博良： 而家重未决定，但系我希望可以去英国留学。 如果唔去留学，就喺度揾嘢做。,bok3 loeng4 ： ji4 gaa1 zung6 mei6 kyut3 ding6 ， daan6 hai6 ngo5 hei1 mong6 ho2 ji5 heoi3 jing1 gwok3 lau4 hok6 。 jyu4 gwo2 m4 heoi3 lau4 hok6 ， zau6 hai2 dou6 wan2 je5 zou6 。,bok lèungh yìh gā jungh meih kyut dingh daanh haih ngóh hēi mongh hó yíh heui yīng gwok làuh hohk yùh gwó mh heui làuh hohk jauh hái douh wán yéh jouh,"Bok-Leung: It’s still not decided yet, but I hope to be able to go to Britain to study. If I don’t go abroad to study, I’ll look for a job here.",,Cantonese::FSI
新來嘅人： 啊，李生，早晨。 食咗早餐未呀？,新来嘅人： 啊，李生，早晨。 食咗早餐未呀？,san1 loi4 ge3 jan4 ： aa3 ， lei5 saang1 ， zou2 san4 。 sik6 zo2 zou2 caan1 mei6 aa4 ？,sān lòih ge yành a léih sāang jóu sành sihk jó jóu chāan meih àh,"New comer: Good morning, Mr Lee. Have you had breakfast yet?",,Cantonese::FSI
本地人： 未呀。唔夠時間喺屋企整。,本地人： 未呀。唔够时间喺屋企整。,bun2 dei6 jan4 ： mei6 aa4 。 m4 gau3 si4 gaan3 hai2 uk1 kei2 zing2 。,bún deih yành meih àh mh gau sìh gaan hái wūk kéi jíng,Local: Not yet. There wasn’t enough time to fix it at home.,,Cantonese::FSI
新來嘅人： 啱嘞。一齊啦。,新来嘅人： 啱嘞。一齐啦。,san1 loi4 ge3 jan4 ： ngaam1 la3 。 jat1 cai4 laa1 。,sān lòih ge yành ngāam la yāt chàih lā,New comer: Great! (We can eat) together!,,Cantonese::FSI
本地人： 好呀。 聽件話你搵屋，搵咗好耐。搵到未呀？,本地人： 好呀。 听件话你揾屋，揾咗好耐。揾到未呀？,bun2 dei6 jan4 ： hou2 aa4 。 ting3 gin6 waa6 nei5 wan2 uk1 ， wan2 zo2 hou2 noi6 。 wan2 dou3 mei6 aa4 ？,bún deih yành hóu àh ting ginh wah néih wán wūk wán jó hóu noih wán dou meih àh,Local: Fine. I hear you’ve been looking for a house for quite a while – have you found one?,,Cantonese::FSI
新來嘅人： 搵到嘞。上個禮拜先至搵到啫。,新来嘅人： 揾到嘞。上个礼拜先至揾到啫。,san1 loi4 ge3 jan4 ： wan2 dou2 la3 。 soeng6 go3 lai5 baai3 sin1 zi3 wan2 dou2 ze1 。,sān lòih ge yành wán dóu la seungh go láih baai sīn ji wán dóu jē,"New comer: Yeah, we did. Last week we finally found one.",,Cantonese::FSI
本地人： 咁，你打算幾時搬呢？,本地人： 咁，你打算几时搬呢？,bun2 dei6 jan4 ： gam3 ， nei5 daa2 syun3 gei2 si4 bun1 ne1 ？,bún deih yành gam néih dá syun géi sìh būn nē,Local: When do you plan to move?,,Cantonese::FSI
新來嘅人： 等我哋請到工人之後，至搬。,新来嘅人： 等我哋请到工人之后，至搬。,san1 loi4 ge3 jan4 ： dang2 ngo5 dei6 cing2 dou3 gung1 jan4 zi1 hau6 ， zi3 bun1 。,sān lòih ge yành dáng ngóh deih chíng dou gūng yành jī hauh ji būn,New comer: We won’t move until after we hire servants.,,Cantonese::FSI
本地人： 你有冇買嘢呀？,本地人： 你有冇买嘢呀？,bun2 dei6 jan4 ： nei5 jau5 mou5 maai5 je5 aa4 ？,bún deih yành néih yáuh móuh máaih yéh àh,Local: Have you bought things (for the house)?,,Cantonese::FSI
新來嘅人： 有。上個禮拜我太太買咗啲杯啊，碟啊，窗簾布啊噉啫。 佢重租套傢俬添噃。,新来嘅人： 有。上个礼拜我太太买咗啲杯啊，碟啊，窗帘布啊噉啫。 佢重租套家私添噃。,san1 loi4 ge3 jan4 ： jau5 。 soeng6 go3 lai5 baai3 ngo5 taai3 taai2 maai5 zo2 di1 bui1 aa3 ， dip6 aa3 ， coeng1 lim2 bou3 aa3 gam2 ze1 。 keoi5 zung6 zou1 tou3 gaa1 si1 tim1 bo3 。,sān lòih ge yành yáuh seungh go láih baai ngóh taai táai máaih jó dī būi a dihp a chēung lím bou a gám jē kéuih jungh jōu tou gā sī tīm bo,"New comer: yes. last week my wife bought some glasses, and plates, and some curtain material, that kind of stuff, that’s all. She also rented a set of furniture, too.",,Cantonese::FSI
本地人： 啲嘢整好晒未呀？,本地人： 啲嘢整好晒未呀？,bun2 dei6 jan4 ： di1 je5 zing2 hou2 saai3 mei6 aa4 ？,bún deih yành dī yéh jíng hóu saai meih àh,Local: Is everything fixed up by now?,,Cantonese::FSI
新來嘅人： 已經整好晒嘞。 得閒請去坐啦。,新来嘅人： 已经整好晒嘞。 得闲请去坐啦。,san1 loi4 ge3 jan4 ： ji5 ging1 zing2 hou2 saai3 la3 。 dak1 haan4 cing2 heoi3 co5 laa1 。,sān lòih ge yành yíh gīng jíng hóu saai la dāk hàanh chíng heui chóh lā,"New comer: Yes, it’s already all fixed up. When you have time, please go and visit.",,Cantonese::FSI
本地人： 好呀。 咁，你喺香港一定要買車㗎。 買咗未呀。,本地人： 好呀。 咁，你喺香港一定要买车㗎。 买咗未呀。,bun2 dei6 jan4 ： hou2 aa4 。 gam3 ， nei5 hai2 hoeng1 gong2 jat1 ding6 jiu3 maai5 ce1 ga3 。 maai5 zo2 mei6 aa4 。,bún deih yành hóu àh gam néih hái hēung góng yāt dingh yiu máaih chē ga máaih jó meih àh,"Local: Fine! Say, in Hong Kong you’ll definitely have to buy a car. Have you bought one yet?",,Cantonese::FSI
新來嘅人： 我未買到噃。 你架喺邊度買㗎？ 我或者去嗰度睇下。,新来嘅人： 我未买到噃。 你架喺边度买㗎？ 我或者去𠮶度睇下。,san1 loi4 ge3 jan4 ： ngo5 mei6 maai5 dou3 bo3 。 nei5 gaa3 hai2 bin1 dou6 maai5 ga3 ？ ngo5 waak6 ze2 heoi3 go2 dou6 tai2 haa6 。,sān lòih ge yành ngóh meih máaih dou bo néih ga hái bīn douh máaih ga ngóh waahk jé heui gó douh tái hah,New comer: I haven’t gotten around to buying one yet. Where was yours bough? Maybe I’ll go there and have a look.,,Cantonese::FSI
馬先生： 有人講我聽張生嘅家人琴日返去美國。,马先生： 有人讲我听张生嘅家人琴日返去美国。,maa5 sin1 saang1 ： jau5 jan4 gong2 ngo5 ting3 zoeng1 sang1 ge3 gaa1 jan4 kam4 jat6 faan1 heoi3 mei5 gwok3 。,máh sīn sāang yáuh yành góng ngóh ting jēung sāng ge gā yành kàmh yaht fāan heui méih gwok,Mr Ma: Somebody told me Mr Cheung’s family went back to America yesterday.,,Cantonese::FSI
李小姐： 係呀。,李小姐： 系呀。,lei5 siu2 ze2 ： hai6 aa4 。,léih síu jé haih àh,Ms Lee: That’s right.,,Cantonese::FSI
馬先生： 佢哋點解唔同張生一齊去呢？,马先生： 佢哋点解唔同张生一齐去呢？,maa5 sin1 saang1 ： keoi5 dei6 dim2 gaai2 m4 tung4 zoeng1 sang1 jat1 cai4 heoi3 ne1 ？,máh sīn sāang kéuih deih dím gáai mh tùngh jēung sāng yāt chàih heui nē,Mr Ma: Why didn’t they go with Mr Cheung?,,Cantonese::FSI
李小姐： 張生呢幾日都唔去得呀。,李小姐： 张生呢几日都唔去得呀。,lei5 siu2 ze2 ： zoeng1 sang1 ne1 gei2 jat6 dou1 m4 heoi3 dak1 aa4 。,léih síu jé jēung sāng nē géi yaht dōu mh heui dāk àh,Ms Lee: Mr Cheung was unable to go these few days.,,Cantonese::FSI
馬先生： 點解唔去得呀？,马先生： 点解唔去得呀？,maa5 sin1 saang1 ： dim2 gaai2 m4 heoi3 dak1 aa4 ？,máh sīn sāang dím gáai mh heui dāk àh,Mr Ma: Why couldn’t he go?,,Cantonese::FSI
李小姐： 佢呢排都好唔得閒。 如果等佢得閒嗰陣，就趕唔切搭船嘅嘞。 而且，因為張太好怕搭飛機嘅， 所以佢同啲細佬哥搭船去先。 張生下個禮拜三至搭飛機去。,李小姐： 佢呢排都好唔得闲。 如果等佢得闲𠮶阵，就赶唔切搭船嘅嘞。 而且，因为张太好怕搭飞机嘅， 所以佢同啲细佬哥搭船去先。 张生下个礼拜三至搭飞机去。,lei5 siu2 ze2 ： keoi5 ne1 paai4 dou1 hou2 m4 dak1 haan4 。 jyu4 gwo2 dang2 keoi5 dak1 haan4 go2 zan6 ， zau6 gon2 m4 cit3 daap3 syun4 ge3 la3 。 ji4 ce2 ， jan1 wai6 zoeng1 taai3 hou2 paa3 daap3 fei1 gei1 ge3 ， so2 ji5 keoi5 tung4 di1 sai3 lou2 go1 daap3 syun4 heoi3 sin1 。 zoeng1 sang1 haa6 go3 lai5 baai3 saam1 zi3 daap3 fei1 gei1 heoi3 。,léih síu jé kéuih nē pàaih dōu hóu mh dāk hàanh yùh gwó dáng kéuih dāk hàanh gó janh jauh gón mh chit daap syùnh ge la yìh ché yān waih jēung taai hóu pa daap fēi gēi ge só yíh kéuih tùngh dī sai lóu gō daap syùnh heui sīn jēung sāng hah go láih baai sāam ji daap fēi gēi heui,"Ms Lee: He’s been awfully busy recently. If they waited until he was free, then there wouldn’t be time to take a ship. Furthermore, because Mrs Cheung is afraid of taking the plane, she went first with the children by boat. Mr Cheung will go by plane next Wednesday.",,Cantonese::FSI
馬先生： 喔，原來係咁嘅。 搭飛機要幾耐呀？,马先生： 喔，原来系咁嘅。 搭飞机要几耐呀？,maa5 sin1 saang1 ： ak1 ， jyun4 loi4 hai6 gam3 ge3 。 daap3 fei1 gei1 jiu3 gei2 noi6 aa4 ？,máh sīn sāang āk yùnh lòih haih gam ge daap fēi gēi yiu géi noih àh,"Mr Ma: Oh, so that’s the reason. How long does it take by plane?",,Cantonese::FSI
李小姐： 一日多啲啫。 搭船就要十幾日嘅嘞。,李小姐： 一日多啲啫。 搭船就要十几日嘅嘞。,lei5 siu2 ze2 ： jat1 jat6 do1 di1 ze1 。 daap3 syun4 zau6 jiu3 sap6 gei2 jat6 ge3 la3 。,léih síu jé yāt yaht dō dī jē daap syùnh jauh yiu sahp géi yaht ge la,"Ms Lee: Only a little over one day. If you take a ship, then it takes more than ten days.",,Cantonese::FSI
馬先生： 每個禮拜有幾多班飛機去美國呀？,马先生： 每个礼拜有几多班飞机去美国呀？,maa5 sin1 saang1 ： mui5 go3 lai5 baai3 jau5 gei2 do1 baan1 fei1 gei1 heoi3 mei5 gwok3 aa4 ？,máh sīn sāang múih go láih baai yáuh géi dō bāan fēi gēi heui méih gwok àh,Mr Ma: How many flights each week are there going to America?,,Cantonese::FSI
李小姐： 一日有三四班嘞。,李小姐： 一日有三四班嘞。,lei5 siu2 ze2 ： jat1 jat6 jau5 saam1 sei3 baan1 la3 。,léih síu jé yāt yaht yáuh sāam sei bāan la,Ms Lee: There are three or four flights a day.,,Cantonese::FSI
馬先生： 張生搭嗰班幾時開呀？,马先生： 张生搭𠮶班几时开呀？,maa5 sin1 saang1 ： zoeng1 sang1 daap3 go2 baan1 gei2 si4 hoi1 aa4 ？,máh sīn sāang jēung sāng daap gó bāan géi sìh hōi àh,Mr Ma: The flight Mr Cheung is taking – when does it leave?,,Cantonese::FSI
李小姐： 我唔知㗎。要問下佢至知嘞。,李小姐： 我唔知㗎。要问下佢至知嘞。,lei5 siu2 ze2 ： ngo5 m4 zi1 ga3 。 jiu3 man6 haa6 keoi5 zi3 zi1 la3 。,léih síu jé ngóh mh jī ga yiu manh hah kéuih ji jī la,Ms Lee: I don’t know. You’ll have to ask him to find out.,,Cantonese::FSI
本地人： 今日好凍噃。,本地人： 今日好冻噃。,bun2 dei6 jan4 ： gam1 jat6 hou2 dung3 bo3 。,bún deih yành gām yaht hóu dung bo,"Local: Gosh, it’s cold today!",,Cantonese::FSI
臺灣人： 係呀。 今日凍過琴日好多。,台湾人： 系呀。 今日冻过琴日好多。,toi4 waan1 jan4 ： hai6 aa4 。 gam1 jat6 dung3 gwo3 kam4 jat6 hou2 do1 。,tòih wāan yành haih àh gām yaht dung gwo kàmh yaht hóu dō,Taiwanese: Sure is. Today is a lot colder than yesterday.,,Cantonese::FSI
本地人： 二月時時都係至凍嘅啦。,本地人： 二月时时都系至冻嘅啦。,bun2 dei6 jan4 ： ji6 jyut6 si4 si4 dou1 hai6 zi3 dung3 ge3 laa1 。,bún deih yành yih yuht sìh sìh dōu haih ji dung ge lā,Local: February is always the coldest (month).,,Cantonese::FSI
臺灣人： 咁，你覺得熱天好，抑或冷天好啊？,台湾人： 咁，你觉得热天好，抑或冷天好啊？,toi4 waan1 jan4 ： gam3 ， nei5 gok3 dak1 jit6 tin1 hou2 ， jik1 waak6 laang5 tin1 hou2 aa3 ？,tòih wāan yành gam néih gok dāk yiht tīn hóu yīk waahk láangh tīn hóu a,"Taiwanese: Do you think summer is better, or winter?",,Cantonese::FSI
本地人： 我話熱天比較好啲嘞。 因為我至怕凍嘅。 臺灣嘅天氣係唔係同呢度一樣㗎？,本地人： 我话热天比较好啲嘞。 因为我至怕冻嘅。 台湾嘅天气系唔系同呢度一样㗎？,bun2 dei6 jan4 ： ngo5 waa6 jit6 tin1 bei2 gaau3 hou2 di1 la3 。 jan1 wai6 ngo5 zi3 paa3 dung3 ge3 。 toi4 waan1 ge3 tin1 hei3 hai6 m4 hai6 tung4 ne1 dou6 jat1 joeng6 ga3 ？,bún deih yành ngóh wah yiht tīn béi gaau hóu dī la yān waih ngóh ji pa dung ge tòih wāan ge tīn hei haih mh haih tùngh nē douh yāt yeungh ga,"Local: I think summer is a bit better, because what I hate most is cold weather. Is the weather in Taiwan the same as here?",,Cantonese::FSI
臺灣人： 臺灣嘅冷天重凍啲添。,台湾人： 台湾嘅冷天重冻啲添。,toi4 waan1 jan4 ： toi4 waan1 ge3 laang5 tin1 zung6 dung3 di1 tim1 。,tòih wāan yành tòih wāan ge láangh tīn jungh dung dī tīm,Taiwanese: Taiwan’s winter is even colder.,,Cantonese::FSI
本地人： 咁，熱天點呀？,本地人： 咁，热天点呀？,bun2 dei6 jan4 ： gam3 ， jit6 tin1 dim2 aa4 ？,bún deih yành gam yiht tīn dím àh,Local: What’s the summer like?,,Cantonese::FSI
臺灣人： 同呢度差唔多， 但係冇呢度噉濕。,台湾人： 同呢度差唔多， 但系冇呢度噉湿。,toi4 waan1 jan4 ： tung4 ne1 dou6 caa1 m4 do1 ， daan6 hai6 mou5 ni1 dou6 gam2 sap1 。,tòih wāan yành tùngh nē douh chā mh dō daanh haih móuh nī douh gám sāp,"Taiwanese: About the same as here, but not as damp as here.",,Cantonese::FSI
本地人： 咁，我話香港天氣比臺灣好， 因為我唔怕濕，至怕凍。,本地人： 咁，我话香港天气比台湾好， 因为我唔怕湿，至怕冻。,bun2 dei6 jan4 ： gam3 ， ngo5 waa6 hoeng1 gong2 tin1 hei3 bei2 toi4 waan1 hou2 ， jan1 wai6 ngo5 m4 paa3 sap1 ， zi3 paa3 dung3 。,bún deih yành gam ngóh wah hēung góng tīn hei béi tòih wāan hóu yān waih ngóh mh pa sāp ji pa dung,"Local: In that case, I say Hong Kong’s weather is better than Taiwan’s – because I don’t mind the damp, but I can’t stand the cold.",,Cantonese::FSI
臺灣人： 我就話臺灣天氣比香港好嘞。 因為我唔怕凍至怕濕。,台湾人： 我就话台湾天气比香港好嘞。 因为我唔怕冻至怕湿。,toi4 waan1 jan4 ： ngo5 zau6 waa6 toi4 waan1 tin1 hei3 bei2 hoeng1 gong2 hou2 la3 。 jan1 wai6 ngo5 m4 paa3 dung3 zi3 paa3 sap1 。,tòih wāan yành ngóh jauh wah tòih wāan tīn hei béi hēung góng hóu la yān waih ngóh mh pa dung ji pa sāp,"Taiwanese: Well I say Taiwan’s weather is better than Hong Kong’s, because I’m not bothered by cold but I can’t stand damp (weather).",,Cantonese::FSI
中國人： 你嘅廣東話而家講得幾好噃。,中国人： 你嘅广东话而家讲得几好噃。,zung1 gwok3 jan4 ： nei5 ge3 gwong2 dung1 waa2 ji4 gaa1 gong2 dak1 gei2 hou2 bo3 。,jūng gwok yành néih ge gwóng dūng wá yìh gā góng dāk géi hóu bo,Chinese: Say! Your Cantonese is pretty good now.,,Cantonese::FSI
外國人： 過獎嘞; 麻麻地啫。 我講得好論盡㗎。,外国人： 过奖嘞; 麻麻地啫。 我讲得好论尽㗎。,ngoi6 gwok3 jan4 ： gwo3 zoeng2 la3 ; maa4 maa2 dei6 ze1 。 ngo5 gong2 dak1 hou2 leon6 zeon6 ga3 。,ngoih gwok yành gwo jéung la ; màh má deih jē ngóh góng dāk hóu leunh jeunh ga,Foreigner: You overdo it – it just barely scrapes by. I speak very stupidly.,,Cantonese::FSI
中國人： 我第一次同你傾偈，你啱啱起手學寫字，係唔係呢？,中国人： 我第一次同你倾偈，你啱啱起手学写字，系唔系呢？,zung1 gwok3 jan4 ： ngo5 dai6 jat1 ci3 tung4 nei5 king1 gai2 ， nei5 ngaam1 ngaam1 hei2 sau2 hok6 se2 zi6 ， hai6 m4 hai6 ne1 ？,jūng gwok yành ngóh daih yāt chi tùngh néih kīng gái néih ngāam ngāam héi sáu hohk sé jih haih mh haih nē,"Chinese: The first time I talked with you, you had just begun to learn Chinese characters, isn’t that right?",,Cantonese::FSI
外國人： 係。 我同我細佬兩個一齊學。,外国人： 系。 我同我细佬两个一齐学。,ngoi6 gwok3 jan4 ： hai6 。 ngo5 tung4 ngo5 sai3 lou2 loeng5 go3 jat1 cai4 hok6 。,ngoih gwok yành haih ngóh tùngh ngóh sai lóu léungh go yāt chàih hohk,Foreigner: That’s right. My younger brother and I are studying together.,,Cantonese::FSI
中國人： 學得點呀？,中国人： 学得点呀？,zung1 gwok3 jan4 ： hok6 dak1 dim2 aa4 ？,jūng gwok yành hohk dāk dím àh,Chinese: How are you doing?,,Cantonese::FSI
外國人： 寫得好曳。 我細佬寫得唔錯，但係我寫得冇佢噉靚。,外国人： 写得好曳。 我细佬写得唔错，但系我写得冇佢噉靓。,ngoi6 gwok3 jan4 ： se2 dak1 hou2 jai5 。 ngo5 sai3 lou2 se2 dak1 m4 co3 ， daan6 hai6 ngo5 se2 dak1 mou5 keoi5 gam2 leng3 。,ngoih gwok yành sé dāk hóu yáih ngóh sai lóu sé dāk mh cho daanh haih ngóh sé dāk móuh kéuih gám leng,"Foreigner: My writing is awful. My younger brother writes pretty well, but I don’t write as well as him.",,Cantonese::FSI
中國人： 呢啲字係唔係你寫㗎？,中国人： 呢啲字系唔系你写㗎？,zung1 gwok3 jan4 ： ne1 di1 zi6 hai6 m4 hai6 nei5 se2 ga3 ？,jūng gwok yành nē dī jih haih mh haih néih sé ga,"Chinese: These characters, are they ones that you wrote?",,Cantonese::FSI
外國人： 冇錯。,外国人： 冇错。,ngoi6 gwok3 jan4 ： mou5 co3 。,ngoih gwok yành móuh cho,Foreigner: That’s right.,,Cantonese::FSI
中國人： 寫得唔錯呀。 學得幾快噃。,中国人： 写得唔错呀。 学得几快噃。,zung1 gwok3 jan4 ： se2 dak1 m4 co3 aa4 。 hok6 dak1 gei2 faai3 bo3 。,jūng gwok yành sé dāk mh cho àh hohk dāk géi faai bo,Chinese: They’re written quite well. You learn fast!,,Cantonese::FSI
外國人： 先生好啫。 啊! 我聽件話你煮中菜煮得好好食。 我好想跟你學下。,外国人： 先生好啫。 啊! 我听件话你煮中菜煮得好好食。 我好想跟你学下。,ngoi6 gwok3 jan4 ： sin1 saang1 hou2 ze1 。 aa3 ! ngo5 ting3 gin6 waa6 nei5 zyu2 zung1 coi3 zyu2 dak1 hou2 hou2 sik6 。 ngo5 hou2 soeng2 gan1 nei5 hok6 haa6 。,ngoih gwok yành sīn sāang hóu jē a ! ngóh ting ginh wah néih jyú jūng choi jyú dāk hóu hóu sihk ngóh hóu séung gān néih hohk hah,Foreigner: It’s just that the teacher is good. Oh! I hear that you cook Chinese food very well. I’d like very much to learn from you.,,Cantonese::FSI
中國人： 你過獎啫。 我唔得嘅。,中国人： 你过奖啫。 我唔得嘅。,zung1 gwok3 jan4 ： nei5 gwo3 zoeng2 ze1 。 ngo5 m4 dak1 ge3 。,jūng gwok yành néih gwo jéung jē ngóh mh dāk ge,Chinese: You praise me too much. I’m no good.,,Cantonese::FSI
外國人： 你太歉嘞。,外国人： 你太歉嘞。,ngoi6 gwok3 jan4 ： nei5 taai3 hip3 la3 。,ngoih gwok yành néih taai hip la,Foreigner: You’re too modest.,,Cantonese::FSI
侍仔： 先生有咩嘢吩咐呀？,侍仔： 先生有咩嘢吩咐呀？,si6 zai2 ： sin1 saang1 jau5 me1 je5 fan1 fu6 aa4 ？,sih jái sīn sāang yáuh mē yéh fān fuh àh,"Bell Hop: Yes sir, you called? [what instructions does the gentleman have?]",,Cantonese::FSI
遊客： 我有啲衫要洗嘅。,游客： 我有啲衫要洗嘅。,jau4 haak3 ： ngo5 jau5 di1 saam1 jiu3 sai2 ge3 。,yàuh haak ngóh yáuh dī sāam yiu sái ge,Guest: I have some clothes to be washed.,,Cantonese::FSI
侍仔： 好。 畀我就得嘞。,侍仔： 好。 畀我就得嘞。,si6 zai2 ： hou2 。 bei2 ngo5 zau6 dak1 la3 。,sih jái hóu béi ngóh jauh dāk la,"Bell Hop: Fine, give them to me and they'll be done.",,Cantonese::FSI
遊客： 我後日朝早要走嘞。 洗唔洗得切呢？,游客： 我后日朝早要走嘞。 洗唔洗得切呢？,jau4 haak3 ： ngo5 hau6 jat6 ziu1 zou2 jiu3 zau2 la3 。 sai2 m4 sai2 dak1 cit3 ne1 ？,yàuh haak ngóh hauh yaht jīu jóu yiu jáu la sái mh sái dāk chit nē,Guest: I'm leaving day after tomorrow in the morning. Will you be able to get them washed in time?,,Cantonese::FSI
侍仔： 得嘅。 聽日下晝一定拎返嚟畀你。,侍仔： 得嘅。 听日下昼一定拎返嚟畀你。,si6 zai2 ： dak1 ge3 。 ting1 jat6 haa6 zau3 jat1 ding6 ling1 faan2 lai4 bei2 nei5 。,sih jái dāk ge tīng yaht hah jau yāt dingh līng fáan làih béi néih,Bell Hop: Yes indeed. We'll bring it back to you tomorrow afternoon without fail.,,Cantonese::FSI
遊客： 咁，唔該你同我拎出去啦。 呢度有個印。 唔知洗唔洗得乾淨呢？,游客： 咁，唔该你同我拎出去啦。 呢度有个印。 唔知洗唔洗得干净呢？,jau4 haak3 ： gam3 ， m4 goi1 nei5 tung4 ngo5 ling1 ceot1 heoi3 laa1 。 ni1 dou6 jau5 go3 jan3 。 m4 zi1 sai2 m4 sai2 dak1 gon1 zing6 ne1 ？,yàuh haak gam mh gōi néih tùngh ngóh līng chēut heui lā nī douh yáuh go yan mh jī sái mh sái dāk gōn jingh nē,"Guest: In that cast, please take them [away for me]. There's a spot here, I wonder whether you can get it clean?",,Cantonese::FSI
侍仔： 嗯，好似唔得噃。 試下啦。,侍仔： 嗯，好似唔得噃。 试下啦。,si6 zai2 ： ng6 ， hou2 ci5 m4 dak1 bo3 。 si3 haa6 laa1 。,sih jái ngh hóu chíh mh dāk bo si hah lā,"Bell Hop: Ah, it looks like it can't be done. But we'll give it a try.",,Cantonese::FSI
遊客： 啊，重有! 唔該你同我燙咗呢條長褲啦。,游客： 啊，重有! 唔该你同我烫咗呢条长裤啦。,jau4 haak3 ： aa3 ， zung6 jau5 ! m4 goi1 nei5 tung4 ngo5 tong3 zo2 ne1 tiu4 zoeng6 fu3 laa1 。,yàuh haak a jungh yáuh ! mh gōi néih tùngh ngóh tong jó nē tìuh jeungh fu lā,"Guest: Oh, there's something else! Please get these trousers pressed for me.",,Cantonese::FSI
侍仔： 好呀。 等我寫返張單畀你啦。 重有咩嘢吩咐呀？,侍仔： 好呀。 等我写返张单畀你啦。 重有咩嘢吩咐呀？,si6 zai2 ： hou2 aa4 。 dang2 ngo5 se2 faan2 zoeng1 daan1 bei2 nei5 laa1 。 zung6 jau5 me1 je5 fan1 fu6 aa4 ？,sih jái hóu àh dáng ngóh sé fáan jēung dāan béi néih lā jungh yáuh mē yéh fān fuh àh,Bell Hop: Yes Sir. I'll write you a list. Anything else dire? [In addition what instructions do you have?],,Cantonese::FSI
遊客： 我而家瞓嘞。 唔該你聽朝七點半叫醒我啦。 我要早啲出街。,游客： 我而家瞓嘞。 唔该你听朝七点半叫醒我啦。 我要早啲出街。,jau4 haak3 ： ngo5 ji4 gaa1 fan3 la3 。 m4 goi1 nei5 ting1 ziu1 cat1 dim2 bun3 giu3 sing2 ngo5 laa1 。 ngo5 jiu3 zou2 di1 ceot1 gaai1 。,yàuh haak ngóh yìh gā fan la mh gōi néih tīng jīu chāt dím bun giu síng ngóh lā ngóh yiu jóu dī chēut gāai,Guest: I'm going to bed now. Please wake me up tomorrow morning at 7:30. I want to go out a little early.,,Cantonese::FSI
包太： 飲杯茶至得。 阿四，唔該你沖壺茶畀我啦。,包太： 饮杯茶至得。 阿四，唔该你冲壶茶畀我啦。,baau1 taai3 ： jam2 bui1 caa4 zi3 dak1 。 aa3 sei3 ， m4 goi1 nei5 cung1 wu4 caa4 bei2 ngo5 laa1 。,bāau taai yám būi chàh ji dāk a sei mh gōi néih chūng wùh chàh béi ngóh lā,"Mrs Pao: I’ll have a cup of tea – that’ll do it. A Sei, would you please make me a pot of tea.",,Cantonese::FSI
阿四： 喺邊度飲呀，太太?,阿四： 喺边度饮呀，太太?,o1 sei3 ： hai2 bin1 dou6 jam2 aa4 ， taai3 taai2 ?,ō sei hái bīn douh yám àh taai táai ?,"A Sei: Where would you like to drink it, ma’am?",,Cantonese::FSI
包太： 騎樓涼啲，出去騎樓啦。,包太： 骑楼凉啲，出去骑楼啦。,baau1 taai3 ： ke4 lau4 loeng4 di1 ， ceot1 heoi3 ke4 lau4 laa1 。,bāau taai kèh làuh lèungh dī chēut heui kèh làuh lā,Mrs Pao: It’s cooler on the veranda. I’ll go out to the veranda.,,Cantonese::FSI
阿四： 好似會落雨噃。,阿四： 好似会落雨噃。,aa3 sei3 ： hou2 ci5 wui6 lok6 jyu5 bo3 。,a sei hóu chíh wuih lohk yúh bo,A Sei: It looks like it’s going to rain.,,Cantonese::FSI
包太： 咁，就喺客廳呢度啦。,包太： 咁，就喺客厅呢度啦。,baau1 taai3 ： gam3 ， zau6 hai2 haak3 teng1 ni1 dou6 laa1 。,bāau taai gam jauh hái haak tēng nī douh lā,"Mrs Pao: Well, here in the living room then.",,Cantonese::FSI
阿四： 擠喺呢張檯，好唔好呀?,阿四： 挤喺呢张台，好唔好呀?,o1 sei3 ： zai1 hai2 ne1 zoeng1 toi2 ， hou2 m4 hou2 aa4 ?,ō sei jāi hái nē jēung tói hóu mh hóu àh ?,"A Sei: I’ll put it on this table, is that alright?",,Cantonese::FSI
包太： 好啦。 啊！真係落雨添噃! 唔該你快啲同我去閂咗啲窗先啦。,包太： 好啦。 啊！真系落雨添噃! 唔该你快啲同我去闩咗啲窗先啦。,baau1 taai3 ： hou2 laa1 。 aa3 ！ zan1 hai6 lok6 jyu5 tim1 bo3 ! m4 goi1 nei5 faai3 di1 tung4 ngo5 heoi3 saan1 zo2 di1 coeng1 sin1 laa1 。,bāau taai hóu lā a jān haih lohk yúh tīm bo ! mh gōi néih faai dī tùngh ngóh heui sāan jó dī chēung sīn lā,"Mrs Pao: Fine. Oh-oh, it is raining! Please hurry and close the windows for me.",,Cantonese::FSI
媽媽: 我重以為你瞓咗添。 乜重唔瞓呀?,妈妈: 我重以为你瞓咗添。 乜重唔瞓呀?,maa4 maa1 : ngo5 zung6 ji5 wai4 nei5 fan3 zo2 tim1 。 mat1 zung6 m4 fan3 aa4 ?,màh mā : ngóh jungh yíh wàih néih fan jó tīm māt jungh mh fan àh ?,Mother: And I thought you had already gone to bed. How come you still haven’t gone to bed?,,Cantonese::FSI
"仔: 雖然眼瞓, 但係瞓唔著。","仔: 虽然眼瞓, 但系瞓唔著。","zai2 : seoi1 jin4 ngaan5 fan3 , daan6 hai6 fan3 m4 zyu3 。","jái : sēui yình ngáanh fan , daanh haih fan mh jyu","Son: Although I was sleepy, I still couldn’t get to sleep.",,Cantonese::FSI
媽媽: 肚唔肚餓呀? 想唔想食啲嘢呢?,妈妈: 肚唔肚饿呀? 想唔想食啲嘢呢?,maa4 maa1 : tou5 m4 tou5 ngo6 aa4 ? soeng2 m4 soeng2 sik6 di1 je5 ne1 ?,màh mā : tóuh mh tóuh ngoh àh ? séung mh séung sihk dī yéh nē ?,Mother: Are you hungry? Would you like something to eat?,,Cantonese::FSI
仔: 我覺得餓餓哋。,仔: 我觉得饿饿哋。,zai2 : ngo5 gok3 dak1 ngo6 ngo6 dei6 。,jái : ngóh gok dāk ngoh ngoh deih,Son: I do feel a bit hungry.,,Cantonese::FSI
媽媽: 你中意食咩嘢呀?,妈妈: 你中意食咩嘢呀?,maa4 maa1 : nei5 zung1 ji3 sik6 me1 je5 aa4 ?,màh mā : néih jūng yi sihk mē yéh àh ?,Mother: What would you like to eat?,,Cantonese::FSI
仔: 咩嘢都得。 睇下雪櫃有乜嘢先。 咦! 呢個橙爛咗嘞。,仔: 咩嘢都得。 睇下雪柜有乜嘢先。 咦! 呢个橙烂咗嘞。,zai2 : me1 je5 dou1 dak1 。 tai2 haa6 syut3 gwai6 jau5 mat1 je5 sin1 。 ji2 ! ne1 go3 caang2 laan6 zo2 la3 。,jái : mē yéh dōu dāk tái hah syut gwaih yáuh māt yéh sīn yí ! nē go cháang laanh jó la,Son: Anything is OK. I’ll see what’s in the fridge first. Whew! This orange is rotten.,,Cantonese::FSI
"媽媽: 咁, 抌咗佢啦。 啲紅蘋果又爽又甜。 食個啦!","妈妈: 咁, 抌咗佢啦。 啲红苹果又爽又甜。 食个啦!","maa4 maa1 : gam3 , dam2 zo2 keoi5 laa1 。 di1 hung4 ping4 gwo2 jau6 song2 jau6 tim4 。 sik6 go3 laa1 !","màh mā : gam , dám jó kéuih lā dī hùngh pìngh gwó yauh sóng yauh tìmh sihk go lā !","Mother: Well then, throw it out. The red apples are crisp and sweet. Eat one!",,Cantonese::FSI
仔: 好呀。 我好攰呀。 我去瞓嘞。,仔: 好呀。 我好攰呀。 我去瞓嘞。,zai2 : hou2 aa4 。 ngo5 hou2 gui6 aa4 。 ngo5 heoi3 fan3 la3 。,jái : hóu àh ngóh hóu guih àh ngóh heui fan la,Son: OK. I’m tired. I’m going to bed.,,Cantonese::FSI
"媽媽: 係囉。 好去瞓啦。 如果唔係, 聽日你就唔夠精神嘅嘞。","妈妈: 系啰。 好去瞓啦。 如果唔系, 听日你就唔够精神嘅嘞。","maa4 maa1 : hai6 lo1 。 hou2 heoi3 fan3 laa1 。 jyu4 gwo2 m4 hai6 , ting1 jat6 nei5 zau6 m4 gau3 zing1 san4 ge3 la3 。","màh mā : haih lō hóu heui fan lā yùh gwó mh haih , tīng yaht néih jauh mh gau jīng sành ge la",Mother: That’s right. You’d better go to bed. Otherwise you won’t have enough energy tomorrow.,,Cantonese::FSI
仔: 聽朝唔使噉早叫我。,仔: 听朝唔使噉早叫我。,zai2 : ting1 ziu1 m4 sai2 gam2 zou2 giu3 ngo5 。,jái : tīng jīu mh sái gám jóu giu ngóh,Son: You don’t have to call me so early tomorrow.,,Cantonese::FSI
"媽媽: 咁, 幾點叫你呀?","妈妈: 咁, 几点叫你呀?","maa4 maa1 : gam3 , gei2 dim2 giu3 nei5 aa4 ?","màh mā : gam , géi dím giu néih àh ?","Mother: Well, what time shall I call you.",,Cantonese::FSI
"仔: 你幾點起身, 就幾點叫我啦。 但係唔好太晏, 我唔想遲到。","仔: 你几点起身, 就几点叫我啦。 但系唔好太晏, 我唔想迟到。","zai2 : nei5 gei2 dim2 hei2 san1 , zau6 gei2 dim2 giu3 ngo5 laa1 。 daan6 hai6 m4 hou2 taai3 aan3 , ngo5 m4 soeng2 ci4 dou3 。","jái : néih géi dím héi sān , jauh géi dím giu ngóh lā daanh haih mh hóu taai aan , ngóh mh séung chìh dou",Son: Call me when you get up. But not too late. I don’t want to get to work late.,,Cantonese::FSI
黃小姐: 咩嘢事呀?,黄小姐: 咩嘢事呀?,wong4 siu2 ze2 : me1 je5 si6 aa4 ?,wòngh síu jé : mē yéh sih àh ?,Ms Wong: Yes?,,Cantonese::FSI
"煮飯: 我睇到報紙話呢度請煮飯, 係唔係呀?","煮饭: 我睇到报纸话呢度请煮饭, 系唔系呀?","zyu2 faan6 : ngo5 tai2 dou3 bou3 zi2 waa6 ni1 dou6 cing2 zyu2 faan6 , hai6 m4 hai6 aa4 ?","jyú faanh : ngóh tái dou bou jí wah nī douh chíng jyú faanh , haih mh haih àh ?",Cook: I read in the paper that they were hiring a cook here。 Is that right?,,Cantonese::FSI
黃小姐: 係呀。 入嚟啦。 我媽媽打緊電話。 你坐下先啦。 等佢講完我話佢知你來咗啦。,黄小姐: 系呀。 入嚟啦。 我妈妈打紧电话。 你坐下先啦。 等佢讲完我话佢知你来咗啦。,wong4 siu2 ze2 : hai6 aa4 。 jap6 lai4 laa1 。 ngo5 maa4 maa1 daa2 gan2 din6 waa2 。 nei5 co5 haa6 sin1 laa1 。 dang2 keoi5 gong2 jyun4 ngo5 waa6 keoi5 zi1 nei5 loi4 zo2 laa1 。,wòngh síu jé : haih àh yahp làih lā ngóh màh mā dá gán dinh wá néih chóh hah sīn lā dáng kéuih góng yùnh ngóh wah kéuih jī néih lòih jó lā,"Ms Wong: Yes. Please come in. My mother is talking on the phone. First have a seat. When she gets through, I’ll tell her you’ve come.",,Cantonese::FSI
"煮飯: 好, 唔該。","煮饭: 好, 唔该。","zyu2 faan6 : hou2 , m4 goi1 。","jyú faanh : hóu , mh gōi","Cook: Fine, thank you.",,Cantonese::FSI
黃太: 你有冇帶介紹信同身份證嚟呀?,黄太: 你有冇带介绍信同身份证嚟呀?,wong4 taai3 : nei5 jau5 mou5 daai3 gaai3 siu6 seon3 tung4 san1 fan6 zing3 lai4 aa4 ?,wòngh taai : néih yáuh móuh daai gaai siuh seun tùngh sān fanh jing làih àh ?,Mrs Wong: Did you bring your letters of recommendation and your ID card?,,Cantonese::FSI
"煮飯: 有。 嗱, 唔該你睇下啦。","煮饭: 有。 嗱, 唔该你睇下啦。","zyu2 faan6 : jau5 。 naa4 , m4 goi1 nei5 tai2 haa6 laa1 。","jyú faanh : yáuh nàh , mh gōi néih tái hah lā",Cook: Yes. Here – please take a look.,,Cantonese::FSI
"黃太: 我哋呢度嘅工夫係噉分嘅: 廚房之外嘅事有第啲工人負責。 我哋呢度冚唪唥兩個大人, 兩個細佬哥。 通常禮拜一至禮拜五淨係得我一個人喺屋企食晏嘅啫。 我先生同埋啲細佬哥差唔多成個禮拜都唔返得嚟食嘅。 噉嘅工啱唔啱你呢?","黄太: 我哋呢度嘅工夫系噉分嘅: 厨房之外嘅事有第啲工人负责。 我哋呢度冚唪唥两个大人, 两个细佬哥。 通常礼拜一至礼拜五净系得我一个人喺屋企食晏嘅啫。 我先生同埋啲细佬哥差唔多成个礼拜都唔返得嚟食嘅。 噉嘅工啱唔啱你呢?","wong4 taai3 : ngo5 dei6 ni1 dou6 ge3 gung1 fu1 hai6 gam2 fan1 ge3 : cyu4 fong2 zi1 ngoi6 ge3 si6 jau5 dai6 di1 gung1 jan4 fu6 zaak3 。 ngo5 dei6 ne1 dou6 ham6 baang6 laang6 loeng5 go3 daai6 jan4 , loeng5 go3 sai3 lou2 go1 。 tung1 soeng4 lai5 baai3 jat1 zi3 lai5 baai3 ng5 zing6 hai6 dak1 ngo5 jat1 go3 jan4 hai2 uk1 kei2 sik6 aan3 ge3 ze1 。 ngo5 sin1 saang1 tung4 maai4 di1 sai3 lou2 go1 caa1 m4 do1 seng4 go3 lai5 baai3 dou1 m4 faan2 dak1 lai4 sik6 ge3 。 gam2 ge3 gung1 ngaam1 m4 ngaam1 nei5 ne1 ?","wòngh taai : ngóh deih nī douh ge gūng fū haih gám fān ge : chyùh fóng jī ngoih ge sih yáuh daih dī gūng yành fuh jaak ngóh deih nē douh hamh baangh laangh léungh go daaih yành , léungh go sai lóu gō tūng sèungh láih baai yāt ji láih baai ngh jingh haih dāk ngóh yāt go yành hái wūk kéi sihk aan ge jē ngóh sīn sāang tùngh màaih dī sai lóu gō chā mh dō sèngh go láih baai dōu mh fáan dāk làih sihk ge gám ge gūng ngāam mh ngāam néih nē ?",Mrs Wong: Our work here is divided up this way: There’s another servant responsible for the work outside of the kitchen. Altogether there are two adults and two children here. Ordinarily from Monday to Friday there’s only myself alone who eats lunch at home. My husband and the children aren’t able to come home for lunch practically the whole week. Does such work suit you?,,Cantonese::FSI
煮飯: 得。 冇所謂嘅。,煮饭: 得。 冇所谓嘅。,zyu2 faan6 : dak1 。 mou5 so2 wai6 ge3 。,jyú faanh : dāk móuh só waih ge,Cook: It’s alright. No complaints.,,Cantonese::FSI
"黃太: 咁, 你要幾多錢人工呢?","黄太: 咁, 你要几多钱人工呢?","wong4 taai3 : gam3 , nei5 jiu3 gei2 do1 cin2 jan4 gung1 ne1 ?","wòngh taai : gam , néih yiu géi dō chín yành gūng nē ?",Mrs Wong: How much do you want for wages?,,Cantonese::FSI
煮飯: 四百啦。,煮饭: 四百啦。,zyu2 faan6 : sei3 baak3 laa1 。,jyú faanh : sei baak lā,Cook: Four hundred.,,Cantonese::FSI
黃太: 好啦。 你幾時可以來上工呢?,黄太: 好啦。 你几时可以来上工呢?,wong4 taai3 : hou2 laa1 。 nei5 gei2 si4 ho2 ji5 loi4 soeng5 gung1 ne1 ?,wòngh taai : hóu lā néih géi sìh hó yíh lòih séungh gūng nē ?,Mrs Wong: Agreed. When can you come start work?,,Cantonese::FSI
"煮飯: 下個月一號, 好嗎?","煮饭: 下个月一号, 好吗?","zyu2 faan6 : haa6 go3 jyut6 jat1 hou6 , hou2 maa5 ?","jyú faanh : hah go yuht yāt houh , hóu máh ?","Cook: The first of next month, alright?",,Cantonese::FSI
黃太: 好啦。 我等你啦。,黄太: 好啦。 我等你啦。,wong4 taai3 : hou2 laa1 。 ngo5 dang2 nei5 laa1 。,wòngh taai : hóu lā ngóh dáng néih lā,Mrs Wong: Fine. I’ll expect you.,,Cantonese::FSI
本地人: 聽見話學中文嘅外國人多數都學國語。 係唔係真㗎?,本地人: 听见话学中文嘅外国人多数都学国语。 系唔系真㗎?,bun2 dei6 jan4 : ting3 gin3 waa6 hok6 zung1 man4 ge3 ngoi6 gwok3 jan4 do1 sou3 dou1 hok6 gwok3 jyu5 。 hai6 m4 hai6 zan1 ga3 ?,bún deih yành : ting gin wah hohk jūng mành ge ngoih gwok yành dō sou dōu hohk gwok yúh haih mh haih jān ga ?,Local: I hear that foreigners who study Chinese mostly all study Mandarin. Is that true?,,Cantonese::FSI
美國人: 係真㗎。 但係喺香港就有好多美國人學廣東話嘞。,美国人: 系真㗎。 但系喺香港就有好多美国人学广东话嘞。,mei5 gwok3 jan4 : hai6 zan1 ga3 。 daan6 hai6 hai2 hoeng1 gong2 zau6 jau5 hou2 do1 mei5 gwok3 jan4 hok6 gwong2 dung1 waa2 la3 。,méih gwok yành : haih jān ga daanh haih hái hēung góng jauh yáuh hóu dō méih gwok yành hohk gwóng dūng wá la,"American: Yes, that’s right. But in Hong Kong a lot of Americans study Cantonese.",,Cantonese::FSI
"本地人: 咁, 喺領事館做事嗰啲美國人係唔係個個都學廣東話嘅呢?","本地人: 咁, 喺领事馆做事𠮶啲美国人系唔系个个都学广东话嘅呢?","bun2 dei6 jan4 : gam3 , hai2 ling5 si6 gun2 zou6 si6 go2 di1 mei5 gwok3 jan4 hai6 m4 hai6 go3 go3 dou1 hok6 gwong2 dung1 waa2 ge3 ne1 ?","bún deih yành : gam , hái língh sih gún jouh sih gó dī méih gwok yành haih mh haih go go dōu hohk gwóng dūng wá ge nē ?",Local: Do the Americans who work at the consulate all study Cantonese?,,Cantonese::FSI
"美國人: 唔係嘅。 有啲學廣東話, 有啲學國語, 有啲兩樣都唔學。","美国人: 唔系嘅。 有啲学广东话, 有啲学国语, 有啲两样都唔学。","mei5 gwok3 jan4 : m4 hai6 ge3 。 jau5 di1 hok6 gwong2 dung1 waa2 , jau5 di1 hok6 gwok3 jyu5 , jau5 di1 loeng5 joeng6 dou1 m4 hok6 。","méih gwok yành : mh haih ge yáuh dī hohk gwóng dūng wá , yáuh dī hohk gwok yúh , yáuh dī léungh yeungh dōu mh hohk","American: No. Some study Cantonese, some study Mandarin, others don’t study either one.",,Cantonese::FSI
"本地人: 對外國人來講, 呢兩樣話, 邊樣難啲呀?","本地人: 对外国人来讲, 呢两样话, 边样难啲呀?","bun2 dei6 jan4 : deoi3 ngoi6 gwok3 jan4 loi4 gong2 , ne1 loeng5 joeng6 waa6 , bin1 joeng6 naan4 di1 aa4 ?","bún deih yành : deui ngoih gwok yành lòih góng , nē léungh yeungh wah , bīn yeungh nàanh dī àh ?",Local: For foreigners which of the two languages is more difficult?,,Cantonese::FSI
美國人: 我唔知噃。 因為我淨係學過廣東話啫呀。 廣東話同國語有咩嘢唔同呀?,美国人: 我唔知噃。 因为我净系学过广东话啫呀。 广东话同国语有咩嘢唔同呀?,mei5 gwok3 jan4 : ngo5 m4 zi1 bo3 。 jan1 wai6 ngo5 zing6 hai6 hok6 gwo3 gwong2 dung1 waa2 ze1 aa4 。 gwong2 dung1 waa2 tung4 gwok3 jyu5 jau5 me1 je5 m4 tung4 aa4 ?,méih gwok yành : ngóh mh jī bo yān waih ngóh jingh haih hohk gwo gwóng dūng wá jē àh gwóng dūng wá tùngh gwok yúh yáuh mē yéh mh tùngh àh ?,"American: Gee, I don’t know. Because I’ve only studied Cantonese. Cantonese and Mandarin – how do they differ?",,Cantonese::FSI
本地人: 其實廣東話同國語有好多好似嘅。,本地人: 其实广东话同国语有好多好似嘅。,bun2 dei6 jan4 : kei4 sat6 gwong2 dung1 waa2 tung4 gwok3 jyu5 jau5 hou2 do1 hou2 ci5 ge3 。,bún deih yành : kèih saht gwóng dūng wá tùngh gwok yúh yáuh hóu dō hóu chíh ge,Local: Actually Cantonese and Mandarin have many similarities.,,Cantonese::FSI
美國人: 你即係話廣東話同國語冇咩嘢大分別囉噃?!,美国人: 你即系话广东话同国语冇咩嘢大分别啰噃?!,mei5 gwok3 jan4 : nei5 zik1 hai6 waa6 gwong2 dung1 waa2 tung4 gwok3 jyu5 mou5 me1 je5 daai6 fan1 bit6 lo1 bo3 ? !,méih gwok yành : néih jīk haih wah gwóng dūng wá tùngh gwok yúh móuh mē yéh daaih fān biht lō bo ? !,American: You’re saying that there are no big differences between Cantonese and Mandarin?!,,Cantonese::FSI
本地人: 噉又唔係。 不過三兩句好難講得完嘅。,本地人: 噉又唔系。 不过三两句好难讲得完嘅。,bun2 dei6 jan4 : gam2 jau6 m4 hai6 。 bat1 gwo3 saam1 loeng5 geoi3 hou2 naan4 gong2 dak1 jyun4 ge3 。,bún deih yành : gám yauh mh haih bāt gwo sāam léungh geui hóu nàanh góng dāk yùnh ge,"Local: No, I’m not saying that either. However it is difficult to explain in just a few sentences.",,Cantonese::FSI
工人: 做乜呀?,工人: 做乜呀?,gung1 jan4 : zou6 mat1 aa4 ?,gūng yành : jouh māt àh ?,Worker: What is it?,,Cantonese::FSI
郵差: 收掛號信。,邮差: 收挂号信。,jau4 caa1 : sau1 gwaa3 hou6 seon3 。,yàuh chā : sāu gwa houh seun,Postman: Registered letter.,,Cantonese::FSI
"工人: 我事頭唔喺度噃, 點算呀? 我唔知要咩嘢手續㗎。","工人: 我事头唔喺度噃, 点算呀? 我唔知要咩嘢手续㗎。","gung1 jan4 : ngo5 si6 tau2 m4 hai2 dou6 bo3 , dim2 syun3 aa4 ? ngo5 m4 zi1 jiu3 me1 je5 sau2 zuk6 ga3 。","gūng yành : ngóh sih táu mh hái douh bo , dím syun àh ? ngóh mh jī yiu mē yéh sáu juhk ga",Worker: My boss isn’t home – what’ll I do? I don’t know what the procedure is.,,Cantonese::FSI
"郵差: 只要你簽個名喺呢度, 就得嘅嘞。","邮差: 只要你签个名喺呢度, 就得嘅嘞。","jau4 caa1 : zi2 jiu3 nei5 cim1 go3 ming4 hai2 ni1 dou6 , zau6 dak1 ge3 la3 。","yàuh chā : jí yiu néih chīm go mìngh hái nī douh , jauh dāk ge la",Postman: You just need to sign your name here and you can have it.,,Cantonese::FSI
"工人: 我唔識字㗎, 點簽呀?","工人: 我唔识字㗎, 点签呀?","gung1 jan4 : ngo5 m4 sik1 zi6 ga3 , dim2 cim1 aa4 ?","gūng yành : ngóh mh sīk jih ga , dím chīm àh ?",Worker: I can’t read or write – how can I sign?,,Cantonese::FSI
"郵差: 咁, 除咗你之外, 重有冇邊個識字嘅喺度呀?","邮差: 咁, 除咗你之外, 重有冇边个识字嘅喺度呀?","jau4 caa1 : gam3 , ceoi4 zo2 nei5 zi1 ngoi6 , zung6 jau5 mou5 bin1 go3 sik1 zi6 ge3 hai2 dou6 aa4 ?","yàuh chā : gam , chèuih jó néih jī ngoih , jungh yáuh móuh bīn go sīk jih ge hái douh àh ?","Postman: Well, aside from you, is there anyone else here who can read and write?",,Cantonese::FSI
工人: 冇囉。,工人: 冇啰。,gung1 jan4 : mou5 lo1 。,gūng yành : móuh lō,Worker: No.,,Cantonese::FSI
"郵差: 咁, 你有冇圖章呀?","邮差: 咁, 你有冇图章呀?","jau4 caa1 : gam3 , nei5 jau5 mou5 tou4 zoeng1 aa4 ?","yàuh chā : gam , néih yáuh móuh tòuh jēung àh ?","Postman: In that case, do you have a chop?",,Cantonese::FSI
工人: 我個圖章畀咗事頭同我鎖埋。 我又冇鎖匙嘅。 除非張個櫃桶整爛啦…,工人: 我个图章畀咗事头同我锁埋。 我又冇锁匙嘅。 除非张个柜桶整烂啦…,gung1 jan4 : ngo5 go3 tou4 zoeng1 bei2 zo2 si6 tau2 tung4 ngo5 so2 maai4 。 ngo5 jau6 mou5 so2 si4 ge3 。 ceoi4 fei1 zoeng1 go3 gwai6 tung2 zing2 laan6 laa1 …,gūng yành : ngóh go tòuh jēung béi jó sih táu tùngh ngóh só màaih ngóh yauh móuh só sìh ge chèuih fēi jēung go gwaih túng jíng laanh lā …,Worker: My chop I gave to the boss to lock up for me. And I don’t have the key. Unless I took the drawer and broke it…,,Cantonese::FSI
"郵差: 咁呀, 噉麻煩。 算啦, 算嘞。 不如叫你事頭自己去郵政局攞罷嘞。","邮差: 咁呀, 噉麻烦。 算啦, 算嘞。 不如叫你事头自己去邮政局攞罢嘞。","jau4 caa1 : gam3 aa4 , gam2 maa4 faan4 。 syun3 laa1 , syun3 la3 。 bat1 jyu4 giu3 nei5 si6 tau2 zi6 gei2 heoi3 jau4 zing3 guk2 lo2 baa6 la3 。","yàuh chā : gam àh , gám màh fàanh syun lā , syun la bāt yùh giu néih sih táu jih géi heui yàuh jing gúk ló bah la","Postman: Oh, such trouble! Never mind! You’d better tell your boss to go to the post office himself to get it.",,Cantonese::FSI
"工人: 好啦。 佢一返嚟, 我就叫佢即刻去啦。","工人: 好啦。 佢一返嚟, 我就叫佢即刻去啦。","gung1 jan4 : hou2 laa1 。 keoi5 jat1 faan1 lai4 , ngo5 zau6 giu3 keoi5 zik1 hak1 heoi3 laa1 。","gūng yành : hóu lā kéuih yāt fāan làih , ngóh jauh giu kéuih jīk hāk heui lā","Worker: Alright. As soon as he comes back, I’ll tell him to go right away.",,Cantonese::FSI
郵差: 係噉話啦。,邮差: 系噉话啦。,jau4 caa1 : hai6 gam2 waa6 laa1 。,yàuh chā : haih gám wah lā,Postman: That’s the way!,,Cantonese::FSI
工人: 唔該晒。,工人: 唔该晒。,gung1 jan4 : m4 goi1 saai3 。,gūng yành : mh gōi saai,Worker: Thanks a lot.,,Cantonese::FSI
"何生: 張生, 要你等咗噉耐, 真係唔好意思嘞。","何生: 张生, 要你等咗噉耐, 真系唔好意思嘞。","ho4 sang1 : zoeng1 sang1 , jiu3 nei5 dang2 zo2 gam2 noi6 , zan1 hai6 m4 hou2 ji3 si1 la3 。","hòh sāng : jēung sāng , yiu néih dáng jó gám noih , jān haih mh hóu yi sī la","Mr Ho: Mr Cheung, I feel terrible about making you wait for so long.",,Cantonese::FSI
"張生: 唔緊要。但係我知你好少遲到嘅, 我怕發生咗咩嘢事啫。","张生: 唔紧要。但系我知你好少迟到嘅, 我怕发生咗咩嘢事啫。","zoeng1 sang1 : m4 gan2 jiu3 。 daan6 hai6 ngo5 zi1 nei5 hou2 siu2 ci4 dou3 ge3 , ngo5 paa3 faat3 sang1 zo2 me1 je5 si6 ze1 。","jēung sāng : mh gán yiu daanh haih ngóh jī néih hóu síu chìh dou ge , ngóh pa faat sāng jó mē yéh sih jē","Mr Cheung: That’s alright. But I knew you are very seldom late, and I was afraid something had happened.",,Cantonese::FSI
"何生: 係呀。我女朋友被車撞嚫, 入咗醫院呀。","何生: 系呀。我女朋友被车撞嚫, 入咗医院呀。","ho4 sang1 : hai6 aa4 。 ngo5 neoi5 pang4 jau5 bei6 ce1 zong6 can3 , jap6 zo2 ji1 jyun2 aa4 。","hòh sāng : haih àh ngóh néuih pàngh yáuh beih chē jongh chan , yahp jó yī yún àh",Mr Ho: That’s right. My girl was hit by a car and went to the hospital.,,Cantonese::FSI
張生: 係呀！幾時呀?,张生: 系呀！几时呀?,zoeng1 sang1 : hai6 aa4 ！ gei2 si4 aa4 ?,jēung sāng : haih àh géi sìh àh ?,Mr Cheung: Really! When?,,Cantonese::FSI
何生: 頭先我哋放工嗰陣啫呀。,何生: 头先我哋放工𠮶阵啫呀。,ho4 sang1 : tau4 sin1 ngo5 dei6 fong3 gung1 go2 zan6 ze1 aa4 。,hòh sāng : tàuh sīn ngóh deih fong gūng gó janh jē àh,Mr Ho: Just a while ago as we were leaving work.,,Cantonese::FSI
張生: 冇危險啊嗎?,张生: 冇危险啊吗?,zoeng1 sang1 : mou5 ngai4 him2 aa3 maa5 ?,jēung sāng : móuh ngàih hím a máh ?,"Mr Cheung: No danger, eh?",,Cantonese::FSI
"何生: 冇! 初初我重以為好危險添。 收尾敷咗藥, 醫生就話返得屋企嘞。","何生: 冇! 初初我重以为好危险添。 收尾敷咗药, 医生就话返得屋企嘞。","ho4 sang1 : mou5 ! co1 co1 ngo5 zung6 ji5 wai4 hou2 ngai4 him2 tim1 。 sau1 mei1 fu1 zo2 joek6 , ji1 sang1 zau6 waa6 faan2 dak1 uk1 kei2 la3 。","hòh sāng : móuh ! chō chō ngóh jungh yíh wàih hóu ngàih hím tīm sāu mēi fū jó yeuhk , yī sāng jauh wah fáan dāk wūk kéi la","Mr Ho: At first I thought it was quite serious. In the end, after getting treated with medicine, the doctor said she could go home.",,Cantonese::FSI
張生: 撞嚫邊度呀?,张生: 撞嚫边度呀?,zoeng1 sang1 : zong6 can3 bin1 dou6 aa4 ?,jēung sāng : jongh chan bīn douh àh ?,Mr Cheung: Where (on the body) was she hit?,,Cantonese::FSI
"何生: 撞嚫隻腳, 好彩冇斷到骨啫呀。","何生: 撞嚫只脚, 好彩冇断到骨啫呀。","ho4 sang1 : zong6 can3 zek3 goek3 , hou2 coi2 mou5 dyun6 dou3 gwat1 ze1 aa4 。","hòh sāng : jongh chan jek geuk , hóu chói móuh dyunh dou gwāt jē àh",Mr Ho: Her leg was hurt; luckily at least the bone wasn’t broken.,,Cantonese::FSI
張生: 喺邊度撞嚫㗎?,张生: 喺边度撞嚫㗎?,zoeng1 sang1 : hai2 bin1 dou6 zong6 can3 ga3 ?,jēung sāng : hái bīn douh jongh chan ga ?,Mr Cheung: Where (in the city) was she hit?,,Cantonese::FSI
何生: 離我哋寫字樓冇幾遠啫呀。,何生: 离我哋写字楼冇几远啫呀。,ho4 sang1 : lei4 ngo5 dei6 se2 zi6 lau4 mou5 gei2 jyun5 ze1 aa4 。,hòh sāng : lèih ngóh deih sé jih làuh móuh géi yúnh jē àh,Mr Ho: At a place not far from our office.,,Cantonese::FSI
張生: 近住中國銀行嗰度呀?,张生: 近住中国银行𠮶度呀?,zoeng1 sang1 : gan6 zyu6 zung1 gwok3 ngan4 hong4 go2 dou6 aa4 ?,jēung sāng : ganh jyuh jūng gwok ngành hòngh gó douh àh ?,Mr Cheung: Near the Bank of China?,,Cantonese::FSI
何生: 嗯。就喺中國銀行同上海銀行之間囉。,何生: 嗯。就喺中国银行同上海银行之间啰。,ho4 sang1 : ng6 。 zau6 hai2 zung1 gwok3 ngan4 hong4 tung4 soeng6 hoi2 ngan4 hong4 zi1 gaan1 lo1 。,hòh sāng : ngh jauh hái jūng gwok ngành hòngh tùngh seungh hói ngành hòngh jī gāan lō,Mr Ho: Uh-huh. Between the Bank of China and the Shanghai Bank.,,Cantonese::FSI
張生: 冇事都算好彩嘞。,张生: 冇事都算好彩嘞。,zoeng1 sang1 : mou5 si6 dou1 syun3 hou2 coi2 la3 。,jēung sāng : móuh sih dōu syun hóu chói la,Mr Cheung: That there was no happening really can be considered lucky.,,Cantonese::FSI
何生: 我都係噉話嘞。,何生: 我都系噉话嘞。,ho4 sang1 : ngo5 dou1 hai6 gam2 waa6 la3 。,hòh sāng : ngóh dōu haih gám wah la,Mr Ho: I think so too.,,Cantonese::FSI
細佬: 嘩! 啲風越來越大添! 點出街呀?,细佬: 哗! 啲风越来越大添! 点出街呀?,sai3 lou2 : waa1 ! di1 fung1 jyut6 loi4 jyut6 daai6 tim1 ! dim2 ceot1 gaai1 aa4 ?,sai lóu : wā ! dī fūng yuht lòih yuht daaih tīm ! dím chēut gāai àh ?,Younger Brother: Wow! The wind is getting stronger all the time! How can I go out?,,Cantonese::FSI
家姐: 已經掛咗三號風球嘅囉噃. 你重想出街呀? 如果一轉五號以上或者就冇車冇船嘅嘞.,家姐: 已经挂咗三号风球嘅啰噃. 你重想出街呀? 如果一转五号以上或者就冇车冇船嘅嘞.,gaa1 ze1 : ji5 ging1 gwaa3 zo2 saam1 hou6 fung1 kau4 ge3 lo1 bo3 . nei5 zung6 soeng2 ceot1 gaai1 aa4 ? jyu4 gwo2 jat1 zyun3 ng5 hou6 ji5 soeng6 waak6 ze2 zau6 mou5 ce1 mou5 syun4 ge3 la3 .,gā jē : yíh gīng gwa jó sāam houh fūng kàuh ge lō bo . néih jungh séung chēut gāai àh ? yùh gwó yāt jyun ngh houh yíh seungh waahk jé jauh móuh chē móuh syùnh ge la .,"Older Sister: They’ve already put up the Number 3 typhoon signal, for heaven’s sake. You still plan to go out? If it goes higher than Number 5, then maybe there won’t be any buses or ferries.",,Cantonese::FSI
細佬: 係呀. 但係我同張小姐約好兩點一個骨至兩點半喺碼頭見面.,细佬: 系呀. 但系我同张小姐约好两点一个骨至两点半喺码头见面.,sai3 lou2 : hai6 aa4 . daan6 hai6 ngo5 tung4 zoeng1 siu2 ze2 joek3 hou2 loeng5 dim2 jat1 go3 gwat1 zi3 loeng5 dim2 bun3 hai2 maa5 tau4 gin3 min6 .,sai lóu : haih àh . daanh haih ngóh tùngh jēung síu jé yeuk hóu léungh dím yāt go gwāt ji léungh dím bun hái máh tàuh gin minh .,Younger Brother: That’s right. But I made an appointment to meet Miss Cheung at the ferry between 2:15 and 2:30.,,Cantonese::FSI
家姐: 而家幾點呀?,家姐: 而家几点呀?,gaa1 ze1 : ji4 gaa1 gei2 dim2 aa4 ?,gā jē : yìh gā géi dím àh ?,Older Sister: What time is it now?,,Cantonese::FSI
細佬: 爭啲兩點嘞.,细佬: 争啲两点嘞.,sai3 lou2 : zaang1 di1 loeng5 dim2 la3 .,sai lóu : jāang dī léungh dím la .,Younger Brother: It’s almost 2 o’clock.,,Cantonese::FSI
"家姐: 你點解唔打電話畀佢, 叫佢改第日呢?","家姐: 你点解唔打电话畀佢, 叫佢改第日呢?","gaa1 ze1 : nei5 dim2 gaai2 m4 daa2 din6 waa2 bei2 keoi5 , giu3 keoi5 goi2 dai6 jat6 ne1 ?","gā jē : néih dím gáai mh dá dinh wá béi kéuih , giu kéuih gói daih yaht nē ?",Older Sister: Why don’t you phone her and tell her to change it to another day?,,Cantonese::FSI
細佬: 可惜佢屋企冇電話. 冇辦法通知佢.,细佬: 可惜佢屋企冇电话. 冇办法通知佢.,sai3 lou2 : ho2 sik1 keoi5 uk1 kei2 mou5 din6 waa2 . mou5 baan6 faat3 tung1 zi1 keoi5 .,sai lóu : hó sīk kéuih wūk kéi móuh dinh wá . móuh baanh faat tūng jī kéuih .,Younger Brother: Unfortunately her house doesn’t have a phone. There’s no way to communicate with her.,,Cantonese::FSI
"家姐: 而家打緊風, 我估張小姐大概都唔出嚟嘅嘞.","家姐: 而家打紧风, 我估张小姐大概都唔出嚟嘅嘞.","gaa1 ze1 : ji4 gaa1 daa2 gan2 fung1 , ngo5 gu2 zoeng1 siu2 ze2 daai6 koi3 dou1 m4 ceot1 lai4 ge3 la3 .","gā jē : yìh gā dá gán fūng , ngóh gú jēung síu jé daaih koi dōu mh chēut làih ge la .",Older Sister: There’s a typhoon going on now and I bet Miss Cheung probably won’t even come out.,,Cantonese::FSI
"細佬: 啊, 大概係佢打嚟嘞.","细佬: 啊, 大概系佢打嚟嘞.","sai3 lou2 : aa3 , daai6 koi3 hai6 keoi5 daa2 lai4 la3 .","sai lóu : a , daaih koi haih kéuih dá làih la .","Younger Brother: Oh, that’s probably her calling now.",,Cantonese::FSI
家姐: 咁重好嘞. 你就唔使出去啦. 噉嘅天氣出去對你冇益㗎.,家姐: 咁重好嘞. 你就唔使出去啦. 噉嘅天气出去对你冇益㗎.,gaa1 ze1 : gam3 zung6 hou2 la3 . nei5 zau6 m4 sai2 ceot1 heoi3 laa1 . gam2 ge3 tin1 hei3 ceot1 heoi3 deoi3 nei5 mou5 jik1 ga3 .,gā jē : gam jungh hóu la . néih jauh mh sái chēut heui lā . gám ge tīn hei chēut heui deui néih móuh yīk ga .,Older Sister: That’s good. Then you won’t have to go out. Going out in such weather isn’t good for you.,,Cantonese::FSI
阿四: 啲茶凍咗嘞. 等我同你沖過壺熱嘅啦.,阿四: 啲茶冻咗嘞. 等我同你冲过壶热嘅啦.,o1 sei3 : di1 caa4 dung3 zo2 la3 . dang2 ngo5 tung4 nei5 cung1 gwo3 wu4 jit6 ge3 laa1 .,ō sei : dī chàh dung jó la . dáng ngóh tùngh néih chūng gwo wùh yiht ge lā .,A Sei: The tea's gotten cold. Let me make you another hot one.,,Cantonese::FSI
"包太: 唔該. 好聲呀, 唔好倒瀉呀!","包太: 唔该. 好声呀, 唔好倒泻呀!","baau1 taai3 : m4 goi1 . hou2 seng1 aa4 , m4 hou2 dou2 se2 aa4 !","bāau taai : mh gōi . hóu sēng àh , mh hóu dóu sé àh !",Mrs Pao: Be careful! Don't spill it!,,Cantonese::FSI
阿四: 弊嘞! 真係倒瀉添!,阿四: 弊嘞! 真系倒泻添!,o1 sei3 : bai6 la3 ! zan1 hai6 dou2 se3 tim1 !,ō sei : baih la ! jān haih dóu se tīm !,A Sei: Blast! I did spill it!,,Cantonese::FSI
包太: 快啲拎塊布嚟抹啦. 好彩冇跌爛隻杯啫.,包太: 快啲拎块布嚟抹啦. 好彩冇跌烂只杯啫.,baau1 taai3 : faai3 di1 ling1 faai3 bou3 lai4 maat3 laa1 . hou2 coi2 mou5 dit3 laan6 zek3 bui1 ze1 .,bāau taai : faai dī līng faai bou làih maat lā . hóu chói móuh dit laanh jek būi jē .,Mrs. Pao: Hurry and get a cloth to wipe it up. It's lucky that you didn't break the cup.,,Cantonese::FSI
影相,影相,jing2 soeng2,yíng séung,To take photos,,
雜誌封面,杂志封面,zaap6 zi3 fungi min6,jaahp ji fungi minh,Magazinecover,,
一期,一期,jat1 kei4,yāt kèih,An issue (of a magazine),,
專,专,zyun1,jyūn,Specialize in doing,,
當個,当个,donglgo3,donglgo,The current (week or month),,
熱門,热门,jit6 mun2,yiht mún,Trending,,
娛樂性,娱乐性,jyu4 lok6 sing3,yùh lohk sing,Entertaining,,
資訊成分,资讯成分,zil seon3 sing4 fan6,zil seun sìngh fanh,Informational value,,
出名,出名,ceot1 meng2,chēut méng,Famous,,
拍片,拍片,paak3 pin2,paak pín,Shoot video,,
廣告片,广告片,gwong2 gou3 pin2,gwóng gou pín,Ad clips,,
話題性,话题性,waa6 tai4 sing3,wah tàih sing,Controversial,,
共鳴,共鸣,gung6 ming4,gungh mìngh,Resonate,,
繼續,继续,gai3 zuk6,gai juhk,Continue,,
出色,出色,ceot1 sik1,chēut sīk,Outstanding,,
插手,插手,caap3 sau2,chaap sáu,Meddle in,,
專注,专注,zyun1 zyu3,jyūn jyu,Concentrate on,,
資料,资料,zi1 liu2,jī líu,Information,,
辭咗份工,辞咗份工,ci4 zo2 fan6 gung1,chìh jó fanh gūng,Quit one's job,,
撈,捞,lou1,lōu,To have a job (as opposed to not having one and doing nothing),,
獵頭公司,猎头公司,lip6 tau4 gung1 si1,lihp tàuh gūng sī,Headhunting company,,
寫程式,写程式,se2 cing4 sik1,sé chìngh sīk,Write a program,,
手機程式,手机程式,sau2 gei1 cing4 sik1,sáu gēi chìngh sīk,Mobile app,,
電腦程式,电脑程式,din6 nou5 cing4 sik1,dinh nóuh chìngh sīk,Desktop app,,
網站,网站,mong5 zaam6,móngh jaamh,Website,,
購物平台,购物平台,kau3 mat6 ping4 toi4,kau maht pìngh tòih,Shopping platform,,
好興,好兴,hou2 hing1,hóu hīng,Trending,,
系統,系统,hai6 tung2,haih túng,System,,
貨,货,fo3,fo,Goods,,
相機,相机,soeng2 gei1,séung gēi,Camera,,
折,折,zit3,jit,Discount,,
堂,堂,tong4,tòngh,Lesson,,
圖文並茂,图文并茂,tou4 man4 bing6 mau6,tòuh mành bingh mauh,To have text and photo together,,
靠...維生,靠...维生,kaau3…wai4 sang1,kaau…wàih sāng,To make a living of something,,
依一刻,依一刻,ji1 jat1 hak1,yī yāt hāk,This moment,,
師傅,师傅,si1 fu6,sī fuh,"Master, teacher",,
賺錢,赚钱,zaan6 cin2,jaanh chín,Make money,,
學費,学费,hok6 fai3,hohk fai,Tuition fee,,
溫工,温工,wan2 gung1,wán gūng,Find a job,,
淘寶,淘宝,tou4 bou2,tòuh bóu,"Taobao, largest eCommerce site in China",,
100毛,100毛,yaat1 baak3 mou4,yāat baak mòuh,"lOOMost, a local satirical magazine",,
行山,行山,hang4 saan1,hàngh sāan,To hike,,
時裝,时装,si4 zong1,sìh jōng,Fashion,,
新鮮,新鲜,san1 sin1,sān sīn,Fresh,,
勁多,劲多,ging6 do1,gingh dō,A ton of,,
堅持,坚持,gin1 ci4,gīn chìh,To persevere,,
陪,陪,pui4,pùih,To accompany,,
特登,特登,dak6 dang1,dahk dāng,On purpose,,
蝌啖氣,蝌啖气,tau2 daam6 hei3,táu daamh hei,To take a breath of air,,
覯景,觏景,leng3 ging2,leng gíng,Beautiful view,,
人群,人群,jan4 kwan4,yành kwành,Crowds,,
喪去行,丧去行,song3 heoi3 hang4,song heui hàngh,Hiking like crazy,,
每逢X,每逢X,mui5 fung4 X,múih fùngh X,Every (week on a particular day),,
難度,难度,naan4 dou6,nàanh douh,Difficulty,,
BB班,BB班,BB baan1,BB bāan,The easiest level,,
港九新界,港九新界,gong2 gau2 san1 gaai3,góng gáu sān gaai,"Hong Kong Island, Kowloon and NewTerritories (everywhere in Hong Kong)",,
狗牙嶺,狗牙岭,gau2 ngaa4 leng5,gáu ngàh léhng,Kau Nga Ling （a place),,
東涌,东涌,dung1 cung1,dūng chūng,Tung Chung (a place),,
迪士尼,迪士尼,dik6 si6 nei4,dihk sih nèih,Disneyland,,
爬,爬,paa4,pàh,To climb,,
滿分,满分,mun5 fan1,múnh fān,Full marks,,
大霧,大雾,daai6 mou6,daaih mouh,Fog,,
鍛煉,锻炼,dyun3 lin6,dyun lihn,To train,,
毅力,毅力,ngai6 lik6,ngaih lihk,Perseverance,,
咧啡,咧啡,le2 fe2,lé fé,Disorganized and untidy,,
獅子山,狮子山,si1 zi2 saan1,sī jí sāan,Lion Rock (a place),,
獅子山徑,狮子山径,si1 zi2 saan1 ging3,sī jí sāan ging,Lion Rock Trail,,
樓梯,楼梯,lau4 tai1,làuh tāi,Stairs,,
直路,直路,zik6 lou6,jihk louh,Straight road,,
九龍,九龙,gau2 lung4,gáu lùhng,Kowloon,,
望夫石,望夫石,mong6 fu1 sek6,mongh fū sehk,Amah Rock (a place),,
因咩,因咩,jan1 me1,yān mē,Why,,
消費,消费,siu1 fai3,sīu fai,Spend,,
唱K,唱K,coeng3 K,cheung K,To go karaoke,,
靜靜地,静静地,zing6 zing2 dei2,jingh jíng déi,To be alone quietly,,
掛住,挂住,gwaa3 zyu6,gwa jyuh,To miss (someone),,
話曬,话晒,waa6 saai3,wah saai,After all,,
聖誕節,圣诞节,sing3 daan3 zit3,sing daan jit,Christmas,,
誇張,夸张,kwaa1 zoeng1,kwā jēung,Exaggerated,,
正,正,zeng3,jeng,Awesome,,
溜冰,溜冰,lau4 bing1,làuh bīng,Ice skating,,
倫敦,伦敦,leon4 deon1,lèunh dēun,London,,
英鎊,英镑,jing1 bong2,yīng bóng,British pound,,
犀利,犀利,sai1 lei6,sāi leih,"To a large extent, To be really good at something (when describing someone)",,
畢業,毕业,bat1 jip6,bāt yihp,To graduate,,
經濟,经济,ging1 zai3,gīng jai,Economy,,
機會,机会,gei1 wui6,gēi wuih,Opportunity,,
陌生,陌生,mak6 saang1,mahk sāang,Unfamiliar,,
重新,重新,cung4 san1,chùngh sān,Afresh,,
言念誌吓,言念志吓,lam2 lam2 haa5,lám lám háh,Upon contemplation,,
自生自滅,自生自灭,zi6 sang1 zi6 mit6,jih sāng jih miht,To be on one's own (without assistance),,
差好遠,差好远,caa1 hou2 jyun5,chā hóu yúnh,There's a huge difference,,
同事,同事,tung4 si6,tùngh sih,Colleagues,,
歡樂,欢乐,fun1 lok6,fūn lohk,Joy,,
唔捨得,唔舍得,m4 se2 dak1,mh sé dāk,To miss (can't bear the thought of parting with),,
脫歐,脱欧,tyut3 ngau1,tyut ngāu,Brexit,,
艱難,艰难,gaan1 naan4,gāan nàanh,Difficult,,
面孔,面孔,min6 hung2,minh húng,Face (literally our faces),,
益,益,jik1,yīk,Prioritize (some group of people or person) first,,
本地人,本地人,bun2 dei6 jan4,bún deih yành,Locals,,
歧視,歧视,kei4 si6,kèih sih,To discriminate,,
唔多唔少,唔多唔少,m4 do1 m4 siu2,mh dō mh síu,Bound to be,,
蝕底,蚀底,sit6 dai2,siht dái,Treated in a lesser light (compared to another group of people),,
嚟緊,嚟紧,lei4 gan2,lèih gán,In the X (time frame here) that ensues,,
馬來西亞,马来西亚,maa5 loi4 sai1 aa3,máh lòih sāi a,Malaysia,,
正如,正如,zing3 jyu4,jing yùh,As (e.g. I was just saying),,
淨,净,zeng6,jengh,To have X left,,
支持,支持,zi1 ci4,jī chìh,To support,,
請教,请教,cing2 gaau3,chíng gaau,To ask (someone how to do something),,
攝影家,摄影家,sip3 jing2 gaa1,sip yíng gā,Photographer,,
會展,会展,wui6 zin2,wuih jín,Exhibition Center (in Hong Kong),,
台灣,台湾,toi4 waan1,tòih wāan,Taiwan,,
婚攝,婚摄,fan1 sip3,fān sip,Wedding photography,,
萬零蚊,万零蚊,maan6 leng4 man1,maanh lèngh mān,A little more than ten thousand dollars,,
張,张,zoeng1,jēung,Classifier for photos and other thin things (like a sheet ofsomething in English),,
曬相,晒相,saai3 soeng2,saai séung,To print photos (from a roll offilm to photo paper),,
頭一曰,头一曰,tau4 jat1 jat6,tàuh yāt yaht,The first day,,
化妝,化妆,faa3 zong1,fa jōng,Makeup,,
一輯,一辑,jat1 cap1,yāt chāp,A bunch (of photos),,
據我所知,据我所知,geoi3 ngo5 so2 zil1,geui ngóh só jīl,As far as I know,,
走唔甩,走唔甩,zau2 m4 lat1,jáu mh lāt,You'd be hard pressed to go under (a certain amount of money),,
造型師,造型师,zou6 jing4 si1,jouh yìngh sī,Stylist,,
司機,司机,si1 gei1,sī gēi,Driver,,
一般嚟講,一般嚟讲,jat1 bun1 lai4 gong2,yāt būn làih góng,Generally speaking,,
包一日,包一日,baau1 jat1 jat6,bāau yāt yaht,"One day included (like in a service, a tour package, etc.)",,
起碼,起码,hei2 maa5,héi máh,At least,,
van仔,van仔,van zai2,van jái,A minivan,,
婚紗,婚纱,fan1 saa1,fān sā,Wedding dress,,
考慮,考虑,haau2 leoi6,háau leuih,To consider,,
生態,生态,sang1 taai3,sāng taai,Ecology,,
行山,行山,haang4 saan1,hàangh sāan,To hike,,
局樓大厦,局楼大厦,gou1 lau4 daai6 haa6,gōu làuh daaih hah,High rise buildings,,
大陸,大陆,daai6 luk6,daaih luhk,Mainland China,,
情侶,情侣,cing4 leoi5,chìngh léuih,Couple (unmarried),,
夫妻,夫妻,fu1 cai1,fū chāi,Couple (married),,
人生路不熟,人生路不熟,jan4 saang1 lou6 bat1 suk6,yành sāang louh bāt suhk,To be unfamiliarwith a place (saying),,
山景,山景,saan1 ging2,sāan gíng,Mountain scenery,,
水景,水景,seoi2 ging2,séui gíng,Scenery with bodies of water,,
客,客,haak3,haak,Client,,
討論,讨论,tou2 leon6,tóuh leuhn,To discuss,,
蒙羅麗莎,蒙罗丽莎,mung4 lo4 lai6 saa1,mùngh lòh laih sā,Mona Lisa (name of studio),,
馬灣,马湾,maa5 waan1,máh wāan,Ma Wan (a place in Hong Kong),,
全套（婚紗 ，照）,全套（婚纱 ，照）,cyun4 tou3 (fan1 saa1 ziu3 ),chyùhn tou (fān sā jiu ),An entires set (of wedding photos),,
計你平啲,计你平啲,gai3 nei5 peng4 di1,gai néih pèngh dī,I'll charge you less,,
穩定,稳定,wan2 ding6,wán dingh,"Stable, steady",,
拍拖,拍拖,paak3 to1,paak tō,To date,,
辛苦,辛苦,san1 fu2,sān fú,"Difficult, rough",,
磨合期,磨合期,mo4 hap6 kei4,mòh hahp kèih,Adjustment period,,
性格,性格,sing3 gaak3,sing gaak,Personality,,
夾,夹,gaap3,gaap,To match (something or someone),,
嗌交,嗌交,aai3 gaau1,aai gāau,To fight (verbally),,
例子,例子,lai6 zi2,laih jí,Example,,
粗俗,粗俗,cou1 zuk6,chōu juhk,Vulgar,,
頂你,顶你,ding2 nei5,díng néih,damn you,,
粗口,粗口,cou1 hau2,chōu háu,Swear words,,
愛情,爱情,ngoi3 cing4,ngoi chìngh,Love,,
愛護,爱护,ngoi3 wu6,ngoi wuh,To love and protect,,
尊重,尊重,zyun1 zung6,jyūn jungh,To respect,,
鬧,闹,naau6,naauh,To scold,,
互相,互相,wu6 soeng1,wuh sēung,Each other,,
打罵,打骂,daa2 maa6,dá mah,To confront physically and verbally,,
友誼,友谊,jau5 ji4,yáuh yih,Friendship,,
模式,模式,mou4 sik1,mòuh sīk,Mode,,
接受,接受,zip3 sau6,jip sauh,To accept,,
相處,相处,soeng1 cyu5,sēung chyúh,To get along,,
撒嬌,撒娇,saat3 giu1,saat gīu,"To act ""cutesy""",,
日劇,日剧,jat6 kek6,yaht kehk,Japanese dramas,,
粗魯,粗鲁,cou1 lou5,chōu lóuh,Rough (mannerisms),,
唔算係,唔算系,m4 syun3 hai6,mh syun haih,Doesn't count as,,
欣賞,欣赏,jan1 soeng2,yān séung,To appreciate (traits in someone or something),,
人格分裂,人格分裂,jan4 gaak3 fan1 lit6,yành gaak fān liht,Schizophrenic,,
收斂,收敛,sau1 lim6,sāu lihm,"To reel it in, to tone down",,
聲音,声音,seng1 jam1,sēng yām,Sound,,
阿雪,阿雪,aa3 syut3,a syut,Name of a participant in this conversation,,
拗撬,拗撬,aau3 giu6,aau giuh,To argue,,
位置,位置,wai2 zi3,wái ji,"Position, place",,
決裂,决裂,kyut3 lit6,kyut liht,Breakdown,,
唔捨得,唔舍得,m4 se2 dak1,mh sé dāk,To be unwilling to let something go,,
起步,起步,hei2 bou6,héi bouh,Starting point,,
捱,挨,ngaai4,ngàaih,To endure (harsh times),,
珍惜,珍惜,zan1 sik1,jān sīk,To cherish,,
闊,阔,fut3,fut,Wide,,
黃種人,黄种人,wong4 zung2 jan4,wòngh júng yành,Yellow people (Asians),,
急,急,gap1,gāp,Be in a hurry,,
悠哉悠哉,悠哉悠哉,jau4 zoi1 jau4 zoi1,yàuh jōi yàuh jōi,Laid back,,
趕 project,赶 project,gon2 project,gón project,To rush a project,,
消費,消费,siu1 fai3,sīu fai,Consumption,,
英镑,英镑,jing1 bong2,yīng bóng,British pound,,
繁華,繁华,faan4 waa4,fàanh wàh,Prosperous,,
多數,多数,do1 sou3,dō sou,A lot of times,,
戲院,戏院,hei3 jyun2,hei yún,Movie theater,,
_寺,_寺,zeon2 si4,jéun sìh,On time,,
播,播,bo3,bo,"To play (a film, a drama, etc.)",,
套（戲）,套（戏）,tou3 (hei3),tou (hei),Classifier for movies,,
張（飛）,张（飞）,zoeng1 (fei1),jēung (fēi),Classifier for tickets,,
廣告,广告,gwong2 gou3,gwóng gou,Advertisement,,
多元化,多元化,do1 jyun4 faa3,dō yùnh fa,Diversified,,
預,预,jyu6,yuh,To carve out a block of time beforehand (because you need to wait for something),,
劃位,划位,waak6 wai2,waahk wái,To reserve seats,,
霸位,霸位,baa3 wai2,ba wái,To grab a seat,,
寄,寄,gei3,gei,Send,,
公仔面,公仔面,gungl zai2 min6,gungl jái minh,Instant noodles,,
服務,服务,fuk6 mou6,fuhk mouh,Service,,
溫書,温书,wan1 syu1,wān syū,To do revision,,
段,段,dyun6,dyunh,Segment,,
叮,叮,ding1,dīng,To microwave,,
雞脾,鸡脾,gai1 pei4,gāi pèih,Chicken thighs,,
包裝,包装,baaul1 zong1,bāaul jōng,Packaging,,
香腸,香肠,hoeng1 coeng4,hēung chèungh,Sausage,,
薯片,薯片,syu4 pin3,syùh pin,Potato chips,,
餅乾,饼干,beng2 gon1,béng gōn,Biscuits,,
汽水,汽水,hei3 seoi2,hei séui,Soda,,
三文治,三文治,saam1 man4 zi6,sāam mành jih,Sandwich,,Cantonese::Lessons Food
屋苑,屋苑,nguk1 jyun2,ngūk yún,Housing estate,,
旺角,旺角,wong6 gok3,wongh gok,Mongkok (place in Hong Kong),,
尖沙咀,尖沙咀,zim1 saa1 zeoi2,jīm sā jéui,Tsim Sha Tsui (place in Hong Kong),,
企,企,kei5,kéih,To stand,,
班,班,baan1,bāan,Classifier for e.g. one bus within a schedule,,
Van,Van,Van,Van,Minivan,,
起標,起标,hei2 biu1,héi bīu,To start a meter (as in a taxi meter),,
港紙,港纸,gong2 zi2,góng jí,Hong Kong dollars,,
犀利過,犀利过,sai1 lei6 gwo3,sāi leih gwo,Even more than,,
心跳,心跳,sam1 tiu3,sām tiu,Heart beat,,
短暫,短暂,dyun2 zaam6,dyún jaamh,"Temporarily, in the short term",,
跳標,跳标,tiu3 biu1,tiu bīu,To jump (a taxi meter),,
張,张,zoeng1,jēung,Classifier for a photo,,
圖,图,tou4,tòuh,Photo,,
搵,揾,wan2,wán,To earn (money),,
洗,洗,sai2,sái,To spend (money),,
家用,家用,gaa1 jung6,gā yungh,Family expenses,,
交通,交通,gaau1 tung1,gāau tūng,Transport,,
養車,养车,joeng5 ce1,yéungh chē,To own a car (to pay back loan for a car in installments),,
架,架,gaa3,ga,Classifier for car,,
MPF,MPF,MPF,MPF,Mandatory Provident Fund,,
租樓,租楼,zou1 lau2,jōu láu,To rent (a place),,
供樓,供楼,gung1 lau2,gūng láu,To pay a mortgage,,
租屋,租屋,zou1 nguk1,jōu ngūk,To rent (a place),,
條,条,tiu4,tìuh,Classifier for a sum of money,,
收尾,收尾,sau1 mei5,sāu méih,At the end of (spending a sum of money),,
搵錢艱難,揾钱艰难,wan2 cin2 gaan1 naan4,wán chín gāan nàanh,It's hard to make a living (saying),,
買樓,买楼,maai5 lau42,máaih làuh2,Buy property,,
目標,目标,muk6 biu1,muhk bīu,Goal,,
層,层,cang4,chàngh,Classifier for building,,
基本,基本,gei1 bun2,gēi bún,Basics,,
曹星如,曹星如,cou4 sing1 jyu4,chòuh sīng yùh,Rex Tso Sing yu (Hong Kong boxer),,
繩量級,绳量级,sing4 loeng6 kap1,sìngh leungh kāp,Flyweight class (boxing),,
小嘍囉,小喽啰,siu2 lau1 lo1,síu lāu lō,Small fry,,
工業大廈,工业大厦,gung1 jip6 daai6 haa6,gūng yihp daaih hah,Industrial building,,
做通宵,做通宵,zou6 tung1 siu1,jouh tūng sīu,To pull all nighters,,
工作室,工作室,gung1 zok3 sat1,gūng jok sāt,Studio,,
露台,露台,lou6 toi4,louh tòih,Balcony,,
面積,面积,min6 zik1,minh jīk,Area,,
夾埋,夹埋,gaap3 maai4,gaap màaih,Combined,,
銅鑼灣,铜锣湾,tung4 lo4 waan1,tùngh lòh wāan,Causeway Bay (place in Hong Kong),,
旺角,旺角,wong6 gok3,wongh gok,Mong Kok (place in Hong Kong),,
最低,最低,zeoi3 dai1,jeui dāi,At least,,
嫌,嫌,jim4,yìmh,To find a particular trait insufficient,,
公園,公园,gung1 jyun4,gūng yùnh,Park,,
後院,后院,hau6 jyun2,hauh yún,Backyard,,
燒嘢食,烧嘢食,siu1 je5 sik6,sīu yéh sihk,To BBQfood,,
儲,储,cyu5,chyúh,To save up (money),,
聖誕,圣诞,sing3 daan3,sing daan,Christmas,,
韓國,韩国,Hon4 Gwok3,Hòhn Gwok,Korea,,
明星,明星,ming4 sing1,mìngh sīng,Celebrity,,
朴寶劍,朴宝剑,Pok3 Bou2 Gim3,Pok Bóu Gim,"Park Bo-gum, South Korean actor",,
層,层,cang4,chàngh,Layer,,
薄,薄,bok6,bohk,Thin,,
散,散,saan3,saan,To dissipate,,
麻麻地,麻麻地,maa4 maa2 dei6,màh má deih,Not too good,,
雞,鸡,gai1,gāi,Chicken,,
豬,猪,zyu1,jyū,Pig,,
泡菜,泡菜,paau3 coi3,paau choi,Kimchi,,
人參雞,人参鸡,jan4 sam1 gai1,yành sām gāi,"samgye-tang (ginseng chicken, Korean delicacy)",,
年糕,年糕,nin4 gou1,nình gōu,rice cake eaten on Chinese New Year / tteok-bokki (Korean rice cake),,
街邊小食,街边小食,gaai1 bin1 siu2 sik6,gāai bīn síu sihk,Street food,,
台灣,台湾,Toi4 Waan1,Tòih Wāan,Taiwan,,
大陸,大陆,daai6 luk6,daaih luhk,Mainland (China),,
跟團,跟团,gan1 tyun4,gān tyùnh,To join a tour group,,
順德,顺德,Seon6 Dak1,Seohn Dāk,"Shunde, city near Foshan in Guangdong, China",,
樂園,乐园,lok6 jyun4,lohk yùnh,Amusement park,,
台北,台北,Toi4 Bak1,Tòih Bāk,"Taipei, Taiwan",,
台中,台中,toi4 zung1,tòih jūng,"Taichung, Taiwan",,
阿里山,阿里山,Aa3 Lei5 Saan1,Aa Léih Sāan,"Alishan, (National Scenic Area), mountain resort in Chiayi County, Taiwan",,
曰月潭,曰月潭,Jat6 Jyut6 Taam4,Jaht Jyuht Tàahm,"Sun Moon Lake, tourist attraction in Nantou County, Taiwan",,
攞假,攞假,lo2 gaa3,ló ga,To take a leave of absence (from work),,
山,山,saan1 keoi1,sāan kēui,Mountainous areas,,
放鬆,放松,fong3 sung1,fong sūng,"To relax, unwind",,
擠迫,挤迫,zai1 bik1,jāi bīk,Crowded,,
見識,见识,gin3 sik1,gin sīk,To broaden one's horizons,,
慳,悭,haan1,hāan,To be thrifty,,
儲一筆錢,储一笔钱,cyu5 jat1 bat1 cin2,chyúh yāt bāt chín,To save up a sum of money,,
美食,美食,mei5 sik6,méih sihk,Delicacies,,
天氣,天气,tin hei3,tin hei,weather,,
四季,四季,sei3 gwai3,sei gwai,the four seasons,,
春夏秋冬,春夏秋冬,coen1 haa6 cau1 dung1,choēn hah chāu dūng,"spring, summer, autumn, winter",,
灰濛濛,灰蒙蒙,fui1 mung4 mung4,fūi mùngh mùngh,"(sky) grey, overcast",,
陽光,阳光,joeng4 gwong1,yèungh gwōng,sunshine,,
翳煽/煽,翳煽/煽,ai3 guk6 / guk6,ai guhk / guhk,"stuffy (air), hot and humid (weather)",,
潮濕,潮湿,ciu4 sap1,chìuh sāp,humid,,
濕度,湿度,sap1 dou6,sāp douh,humidity/ relative humidity,,
瞭衫,瞭衫,long3 saam1,long sāam,to hang clothes for drying,,
變化,变化,bin3 faa3,bin fa,change(s),,
早晚,早晚,zou2 maan5,jóu máanh,morning and evening,,
晏晝,晏昼,aan3 zau3,aan jau,afternoon,,Cantonese::Date&Time
預期,预期,jyu6 kei4,yuh kèih,"expectation, prediction",,
>區雨,>区雨,> keoi1 jyu5,> kēui yúh,to 'brew' rain (the stuffy sensation before a rainstorm) (uncommon word),,
打風,打风,daa2 fungi,dá fungi,(typhoon) to strike,,
大風,大风,daai6 fungi,daaih fungi,windy,,
涼爽,凉爽,loeng4 song2,lèungh sóng,cool (sensation/wind),,
體驗,体验,tai2 jim6,tái yimh,to experience,,
公主病,公主病,gung1 zyu2 beng6,gūng jyú bengh,princess syndrome,,
徵狀,征状,zing1 zong6,jīng jongh,symptom,,
名牌袋,名牌袋,ming4 paai4 doi2,mìngh pàaih dói,brand-name handbag,,
放工,放工,fong3 gung1,fong gūng,to finish a day's work,,
接,接,zip3,jip,to pick up (someone),,
一時時,一时时,jat1 si2 si4,yāt sí sìh,it depends / sometimes,,
擔遮,担遮,daam1 ze1,dāam jē,to hold up an umbrella,,
就,就,zau6,jauh,to let someone have their way,,
聽話,听话,teng1 waa6,tēng wah,"to obey, heed (someone)",,
應承,应承,jing1 sing4,yīng sìngh,"to promise, say yes",,
極端,极端,gik6 dyun1,gihk dyūn,extreme,,
當街當巷,当街当巷,dong1 gaai1 dong1 hong6,dōng gāai dōng hongh,"idiom right on the street, in public",,
鬧,闹,naau6,naauh,"to tell off, scold",,
潑婦罵街,泼妇骂街,put3 fu5 maa 6 gaa1,put fúh maa 6 gā,idiom a rude woman flipping out on the street,,
高貴,高贵,gou1 gwai3,gōu gwai,"noble, graceful",,
局局在上,局局在上,gou1 gou1 zoi6 soeng6,gōu gōu joih seungh,superior,,
皇室,皇室,wong4 sat1,wòngh sāt,"royalty, a royal family",,
見仁見智,见仁见智,gin3 jan4 gin3 zi3,gin yành gin ji,idiom depends on who you ask,,
不得而知,不得而知,bat1 dak1 ji4 zi1,bāt dāk yìh jī,"cannot be known, unfathomable",,
鬧交,闹交,naau6 gaau1,naauh gāau,"to argue, have a row",,
除此之外,除此之外,ceoi4 ci2 zi1 ngoi6,chèuih chí jī ngoih,apart from that,,
論文,论文,leon6 man2,leunh mán,(university) essay/paper/dissertation/thesis,,
功課,功课,gung1 fo3,gūng fo,homework assignment,,
過去式,过去式,gwo3 heoi3 sik1,gwo heui sīk,fig past tense,,
難頂,难顶,naan4 ding2,nàanh díng,intolerable,,
乞人憎,乞人憎,hak1 jan4 zang1,hāk yành jāng,"detestable, despicable, causes hatred",,
暑假,暑假,syu2 gaa3,syú ga,summer holidays,,
假期,假期,gaa3 kei4,ga kèih,"holiday, vacation",,
經歷,经历,ging1 lik6,gīng lihk,experience (ofan incident),,
德國,德国,Dak1 Gwok3,Dāk Gwok,Germany,,
到埗,到埗,dou3 bou6,dou bouh,"to arrive, arrival (abroad)",,
機場,机场,gei3 coeng4,gei chèungh,airport,,
行李,行李,hang4 lei5,hàngh léih,luggage,,
發生,发生,faat3 sang1,faat sāng,to happen,,
想像,想像,soeng2 zoeng6,séung jeungh,to imagine,,
(枕)印仔,(枕)印仔,(dam2) jan3 zai2,(dám) yan jái,(to apply a) rubber stamp,,
(過)海關,(过)海关,(gwo3) hoi2 gwaan1,(gwo) hói gwāan,(to go through) customs,,
落機,落机,lok6 gei1,lohk gēi,to get off a plane,,
護照,护照,wu6 ziu3,wuh jiu,passport,,advanced official
境內,境内,ging2 noi6,gíng noih,within the borders of a country,,
內陸機,内陆机,noi6 luk6 gei1,noih luhk gēi,domestic flight,,
寄艙,寄舱,gei3 cong1,gei chōng,to check in luggage on a plane,,
失物認領,失物认领,sat1 mat6 jing6 ling5,sāt maht yihng líhng,lost and found,,
遊客,游客,jau4 haak3,yàuh haak,tourist,,
可疑,可疑,ho2 ji4,hó yìh,"suspicious, dubious",,
明顯,明显,ming4 hin2,mìngh hín,obvious(ly),,
柏林,柏林,Paak3 Lam4,Paak Làhm,Berlin,,
獨立,独立,duk6 laap6,duhk laahp,independent,,
短片,短片,dyun2 pin2,dyún pín,video clip,,
編劇,编剧,pin1 kek6,pīn kehk,screenwriter,,
當(做）,当(做）,dong3 (zou6),dong (jouh),"to take someone for someone, to assume",,
非法入境者,非法入境者,fei1 faat3 jap 6 ging2 ze2,fēi faat jap 6 gíng jé,illegal immigrant,,
茄哩啡,茄哩啡,ke1 le1 fe1,kē lē fē,movie extra,,
臨時演員,临时演员,lam4 si4 jin2 jyun4,làhm sìh yín yùhn,movie extra,,
臥虎藏龍,卧虎藏龙,ngo6 fu2 cong4 lung4,ngoh fú chòngh lùngh,"idiom (person) to have hidden talents, (place) to be full of hidden talents",,
電影,电影,din6 jing2,dinh yíng,movie,,
歷史,历史,lik6 si2,lihk sí,history,,
促膝長談,促膝长谈,cuk1 sat1 coeng4 taam4 i,chūk sāt chèungh tàamh i,diom holding the knees together and having a long chat,,
旁若無人,旁若无人,pong4 joek6 mou4 jan4,pòngh yeuhk mòuh yành,idiom as if there were nobody around,,
曾經,曾经,cang4 ging1,chàngh gīng,"once, some time ago",,
上海,上海,Soeng6 Hoi2,Soehng Hói,Shanghai,,
交換生,交换生,gaau1 wun6 sang1,gāau wunh sāng,exchange student,,
大概,大概,daai6 koi3,daaih koi,approximately,,
交流,交流,gaau1 lau4,gāau làuh,(to be on an) exchange programme,,
哈爾濱,哈尔滨,Haa1 Ji5 Ban1,Hāa Jíh Bān,"Harbin, capital of Heilongjiang, China",,
經過,经过,ging1 gwo3,gīng gwo,to pass by/through,,
松花江,松花江,Cung4 Faa1 Gong1,Cùhng Fāa Gōng,"Songhua River, China",,
河/河流,河/河流,ho4 / ho4 lau4,hòh / hòh làuh,river,,
結冰,结冰,git3 bing1,git bīng,to be frozen,,
橫掂,横掂,waang4 dim6,wàangh dimh,since…anyway,,
岸,岸,ngon6,ngonh,"coast, one side of a body of water",,
花崗岩,花岗岩,faa1 gong1 ngaam4,fā gōng ngàamh,granite,,
跣/跣低,跣/跣低,sin3/sin3 dai1,sin/sin dāi,to slip,slippery/to slip and fall,
可惜,可惜,ho2 sik1,hó sīk,"too bad, a shame",,
蠢,蠢,ceon2,chéun,"stupid, dumb",,
天真,天真,tin1 zan1,tīn jān,"naive, silly",,
傻,傻,so4,sòh,silly,,
跌,跌,dit3,dit,to fall,,
裂,裂,lit3,lit,to crack,,
隔籬,隔篱,gaak3 lei4,gaak lèih,beside (oneself),,
紳士風度,绅士风度,san1 si2 fung1 dou6,sān sí fūng douh,"chivalry, being like a gentleman",,
拉,拉,laai1,lāai,"to pull, drag",,
頻能,频能,pan4 nang4,pành nàngh,panicking,,
犀利,犀利,sai1 lei6,sāi leih,(in this context) severely,,
奮不顧身,奋不顾身,fan5 bat1 gu3 san1,fánh bāt gu sān,selfless(ly),,
拖(行）,拖(行）,to1 (hang4),tō (hàhng),to drag (along),,
災難片,灾难片,zoi1 naan6 pin2,jōi naanh pín,disaster film,,
上岸,上岸,soeng5 ngon6,séungh ngonh,to arrive on land (from water),,
有驚無險,有惊无险,jau5 ging1 mou4 him2,yáuh gīng mòuh hím,idiom there was a scare but no real danger,,
鬆一口氣,松一口气,sung1 jat1 hau2 hei3,sūng yāt háu hei,"fig to feel relieved, as in 'phew!'",,
然之後,然之后,jin4 zi1 hau6,yình jī hauh,afterwards,,
以後,以后,ji5 hau6,yíh hauh,from now on (forever),,
驚險,惊险,ging1 him2,gīng hím,daunting,,
…足,…足,zuk1,jūk,"to do something (a task) properly, completely, meticulously",,
安全措施,安全措施,on1 cyun4 cou3 si1,ōn chyùnh chou sī,safety measures,,
教訓,教训,gaau3 fan3,gaau fan,a lesson (from a mistake),,
幕,幕,mok6,mohk,moment lit scene,,
出現,出现,ceot1 jin6,chēut yinh,to appear,,
當地人,当地人,dong3 dei6 jan4,dong deih yành,local person,,
叔叔,叔叔,suk1 suk1,sūk sūk,father's younger brother,a middle-aged man,
細路,细路,sai3 lou6,sai louh,used to address young kids (relative to the speaker),,
鬼故,鬼故,gwai2 gu2,gwái gú,ghost story,,
異同,异同,ji6 tung4,yih tùngh,differences and similarities,,
英國,英国,Jing4 Gwok3,Jìhng Gwok,"the United Kingdom(Note: England is technically 英格蘭, even though the distinction is not commonly made.)",,
相同,相同,soeng1 tung4,sēung tùngh,"same, identical",,
國際都市,国际都市,gwok3 zai3 dou1 si5,gwok jai dōu síh,"international city, metropolis",,
種族,种族,zung2 zuk6,júng juhk,"race, ethnicity",,
和平,和平,wo4 ping4,wòh pìngh,"peace, peaceful(ly)",,
共融,共融,gung6 jung4,gungh yùngh,"harmonious, in harmony",,
講翻,讲翻,gong2 faan1,góng fāan,to backtrack (in speech),,
利申,利申,lei6 san1,leih sān,"formal declaration of interestsslang to make a disclaimer, add relevant information affecting the speaker's stance",,
教科書,教科书,gaau3 fo1 syu1,gaau fō syū,textbook,,
正式,正式,zing3 sik1,jing sīk,formal,,
曰常用語,曰常用语,jat6 soeng4 jung6 jyu5,yaht sèungh yungh yúh,everyday language,,
譬如,譬如,pei3 jyu4,pei yùh,for example,,
有陣時,有阵时,jau5 zan6 si4,yáuh janh sìh,"sometimes, once in a while",,
親切感,亲切感,can1 cit3 gam2,chān chit gám,sense of familiarity,,
健身房,健身房,gin6 san1 fong4,ginh sān fòngh,gym room,,
見外,见外,gin3 ngoi2,gin ngói,"too formal, distant",,
相處,相处,soeng1 cyu5,sēung chyúh,to get along,,
轉,转,zyun3,jyun,to rotate,"to change, switch",
普遍,普遍,pou2 pin3,póu pin,in general,common(ly),
友好,友好,jau5 hou2,yáuh hóu,friendly,,
欣賞,欣赏,jan1 soeng2,yān séung,to appreciate,,
交流,交流,gaau1 lau4,gāau làuh,to exchange (ideas),,
地道,地道,dei6 dou6,deih douh,"authentic, local",,
加班,加班,gaa1 baan1,gā bāan,to work extra hours,,
嚴重,严重,jim4 zung6,yìmh jungh,severe,,
工種,工种,gung1 zung2,gūng júng,type of job,,
心情,心情,sam1 cing4,sām chìngh,mood,,
閒閒地,闲闲地,haan4 haan2 dei2,hàanh háan déi,"easily, basic, a given",,
凌晨,凌晨,ling4 san4,lìhng sàhn,"early morning, in the middle of the night",,
誇張,夸张,kwaa1 zoeng1,kwā jēung,"exaggerated, extreme",to exaggerate,
行業,行业,hong4 jip6,hòngh yihp,"occupation, industry",,
睹法,睹法,tai2 faat3,tái faat,"opinion, perspective, view",,
傾偈,倾偈,king1 gai2,kīng gái,"to chat, chatter",,
設計,设计,cit3 gai3,chit gai,design,to design,
雙層巴士,双层巴士,soeng1 cang4 baa1 si2,sēung chàngh bā sí,double-decker bus,,
發展,发展,faat3 zin2,faat jín,development,to develop,
規劃,规划,kwai1 waak6,kwāi waahk,planning e.g. of infrastructure,,
雙黃線,双黄线,soeng1 wong4 sin3,sēung wòngh sin,double yellow line,,
紅綠燈,红绿灯,hung4 luk6 dang1,hùngh luhk dāng,(red-green) traffic lights,,
斑馬線,斑马线,baan1 maa5 sin3,bāan máh sin,zebra crossing,,
致命,致命,zi3 ming6,ji mingh,fatal,,
弱點,弱点,joek6 dim2,yeuhk dím,"weakness, flaw",,
訊號,讯号,seon3 hou6,seun houh,"signal, reception",,
上網,上网,soeng5 mong5,séungh móngh,to use/browse the Internet,,
犯事,犯事,faan6 si6,faanh sih,to commit a crime,,
包保,包保,baau1 bou2,bāau bóu,guaranteed,,
笑話,笑话,siu3 waa2,siu wá,joke,,
多元化,多元化,do1 jyun4 faa3,dō yùnh fa,"diverse, varied",,
延續性,延续性,jin4 zuk6 sing3,yình juhk sing,"continuity, consistency",,
音樂節,音乐节,jam1 ngok6 zit3,yām ngohk jit,music festival,,
爵士樂,爵士乐,zoek3 si6 ngok6,jeuk sih ngohk,Jazz music,,
易如反掌,易如反掌,ji6 jyu4 faan2 zoeng2,yih yùh fáan jéung,lit. as easy as turning over one's palm,,
現場音樂,现场音乐,jin6 coeng4 jam1 ngok6,yinh chèungh yām ngohk,live music,,
表演,表演,biu2 jin2,bíu yín,performance,to perform,
輕而易舉,轻而易举,hing1 ji4 ji6 geoi2,hīng yìh yih géui,lit. light and easy to raise,,
八十年代,八十年代,baat3 sap6 nin4 doi6,baat sahp nình doih,the 80s,,
主流,主流,zyu2 lau4,jyú làuh,mainstream,,
時差,时差,si4 caa1,sìh chā,Time difference,,
減,减,gaam2,gáam,To subtract,,
中秋節,中秋节,zung1 cau1 zit3,jūng chāu jit,Mid-autumn Festival,,
海灘,海滩,hoi2 taan1,hói tāan,Beach,,
遊船河,游船河,jau4 syun4 ho2,yàuh syùnh hó,To go on a boat ride,,
沙灘,沙滩,saa1 taan1,sā tāan,Beach,,
曬太陽,晒太阳,saai3 taai3 joeng4,saai taai yèungh,To get a suntan,,
親仔,亲仔,leng3 zai2,leng jái,Good looking guys,,
靓女,靓女,leng3 neoi2,leng néui,Beautiful gals,,
石澳,石澳,sek6 ou3,sehk ou,Shek O (a place in HK),,
風,风,fungi,fungi,Wind,,
冷氣,冷气,laang5 hei3,láahng hei,air conditioning,,
畫展,画展,waa2 zin2,wá jín,exhibition of paintings,,
當代,当代,dong1 doi6,dōng doih,Contemporary,,
藝術展,艺术展,ngai6 seot6 zin2,ngaih seuht jín,Art exhibition,,
酒店,酒店,zau2 dim3,jáu dim,Hotel,,
萬豪酒店,万豪酒店,maan6 hou4 zau2 dim3,maanh hòuh jáu dim,A hotel name,,
展覽,展览,zin2 laam5,jín láahm,Exhibition,,
藝術品,艺术品,ngai6 seot6 ban2,ngaih seuht bán,Artwork,,
亞洲,亚洲,ngaa3 zau1,nga jāu,Asia,,
韓國,韩国,hon4 gwok3,hònh gwok,(South) Korea,,
尊貴會員,尊贵会员,zyun1 gwai3 wui2 jyun4,jyūn gwai wúi yùnh,Premium member,,
揸,揸,zaa1,jā,To hold,,
咭,咭,kaat1,kāat,Card,,
杯,杯,bui1,būi,Quantifier for drinks (cup),,
啤酒,啤酒,be1 zau2,bē jáu,Beer,,
慘,惨,caam2,cháam,Sad,,
打邊爐,打边炉,daa2 bin1 lou4,dá bīn lòuh,To have hotpot,,
料,料,liu2,líu,Ingredients,,
鎊,镑,bong2,bóng,British pound,,
任食,任食,jam6 sik6,yamh sihk,All you can eat,,
散嗌,散嗌,saan2 aai3,sáan aai,Order separately,,
癡線,痴线,ci1 sin3,chī sin,Crazy,,
質素,质素,zat1 sou3,jāt sou,Quality,,
鬼唔知,鬼唔知,gwai2 m4 zi1,gwái mh jī,Who doesn't know,,
爭好遠,争好远,zang1 hou2 jyun5,jāng hóu yúnh,It's a world apart (from something else).,,
月尾,月尾,jyut6 mei5,yuht méih,End of the month,,
收到風,收到风,sau1 dou2 fungi,sāu dóu fungi,Get wind of,,
期待,期待,kei4 doi6,kèih doih,To look forward to,,
美國,美国,mei5 gwok3,méih gwok,America,,
紐約,纽约,nau2 joek3,náu yeuk,New York,,
西雅圖,西雅图,sai1 ngaa5 tou4,sāi ngáh tòuh,Seattle,,
韓國,韩国,hon4 gwok3,hònh gwok,Korea,,Cantonese::BobaBreak
簽證,签证,cim1 zing3,chīm jing,To apply for a visa,,
美國領事館,美国领事馆,mei5 gwok3 ling5 si6 gun2,méih gwok língh sih gún,American consulate,,
排隊,排队,paai4 deoi2,pàaih déui,To line up,,
保安檢查,保安检查,bou2 ngon1 gim2 caa4,bóu ngōn gím chàh,Security check,,
手袋,手袋,sau2 doi2,sáu dói,Handbag,,
打指模,打指模,daa2 zi2 mou4,dá jí mòuh,To scan one's fingerprints,,
單對單,单对单,daan1 deoi3 daan1,dāan deui dāan,One on one,,
而試官,而试官,min6 si3 gun1,minh si gūn,Interviewer,,
美國總統大選,美国总统大选,mei5 gwok3 zung2 tung2 daai6 syun2,méih gwok júng túng daaih syún,American presidential election,,
情況,情况,cing4 fong3,chìhng fong,Situation,,
感受,感受,gam2 sau6,gám sauh,Feel,,
航空公司,航空公司,hong4 hung1 gung1 si1,hòngh hūng gūng sī,Airline company,,
大韓航空,大韩航空,daai6 hon4 hong4 hung1,daaih hònh hòngh hūng,Korea Air,,
轉機,转机,zyun3 gei1,jyun gēi,Transfer,,
停,停,ting4,tìngh,Layover,,
青年旅舍,青年旅舍,cing1 nin4 leoi5 se3,chīng nình léuih se,Youth hostel,,
租,租,zou1,jōu,Rent,,
私交,私交,si1 gaau1,sī gāau,To connect personally with,,
提議,提议,tai4 ji3,tàih yi,To suggest,,
音樂會門票,音乐会门票,jam1 ngok6 wui2 mun4 piu3,yām ngohk wúi mùnh piu,Concert tickets,,
歌手,歌手,gol1 sau2,gōl sáu,Singer,,
慶祝,庆祝,hing3 zuk1,hing jūk,To celebrate,,
不外乎,不外乎,bat1 ngoi6 fu4,bāt ngoih fùh,Doesn't go further than,,
打邊爐,打边炉,daa2 bin1 lou4,dá bīn lòuh,To have hot pot,,
德國式,德国式,dak1 gwok3 sik1,dāk gwok sīk,Germany style,,
探,探,taam3,taam,To visit,,
歐洲,欧洲,ngau1 zau1,ngāu jāu,Europe,,
同學,同学,tung4 hok6,tùngh hohk,Classmates,,
溝通,沟通,kau1 tung1,kāau tūng,Communication,,
特色,特色,dak6 sik1,dahk sīk,Specialty,,
世界各地,世界各地,sai3 gaai3 gok3 dei6,sai gaai gok deih,All over the world,,
口音,口音,hau2 jam1,háu yām,Accent,,
上堂,上堂,soeng5 tong4,séungh tòngh,To be in class,,
合作,合作,hap6 zok3,hahp jok,To collaborate,,
分組,分组,fan1 zou2,fān jóu,To split into teams,,
套,套,tou3,tou,Classifier for films,,
黑白片,黑白片,hak1 baak6 pin2,hāk baahk pín,Black and white clip,,
無聲,无声,mou4 sing1 / mou5 seng1,mòuh sīng / móuh sēng,Mute,,
音樂,音乐,jam1 ngok6,yām ngohk,Music,,Cantonese::Hobbies
劇本,剧本,kek6 bun2,kehk bún,Script,,
故事,故事,gu3 si6,gu sih,Story,,
交,交,gaau1,gāau,To hand in,,
賣橋,卖桥,maai6 kiu2,maaih kíu,To sell an idea,,
條,条,tiu4,tìuh,Classifier for idea,,
有趣,有趣,jau5 ceoi3,yáuh cheui,Interesting,,
剪接,剪接,zin2 zip3,jín jip,To edit a clip,,
遲啲,迟啲,ci4 di1,chìh dī,Later,,
探,探,taam3,taam,To visit (someone),,
大彳老,大彳老,daai6 lou2,daaih lóu,interjection Dude (in a complaining tone),,
老細,老细,lou5 sai3,lóuh sai,Boss,,
慷慨,慷慨,hong2 koi3,hóng koi,Generous,,
請假,请假,ceng2 gaa3,chéng ga,To take a leave of absence,,
大假,大假,daai6 gaa3,daaih ga,Days off work (included in your employment package),,
黐飲黐食,黐饮黐食,ci1 jam2 ci1 sik6,chī yám chī sihk,To mooch off someone,,
機票,机票,gei1 piu3,gēi piu,Ticket,,
政治,政治,zing3 zi6,jing jih,Politics,,
穩定,稳定,wan2 ding6,wán dingh,Stable,,
吸引,吸引,kap1 jan5,kāp yánh,Attractive,,
國泰航空,国泰航空,gwok3 taai3 hong4 hung1,gwok taai hòngh hūng,Cathay Pacific (airline),,
一程,一程,jat1 cing4,yāt chìngh,One way,,
抵,抵,dai2,dái,Something that's a good deal,,
愛丁堡,爱丁堡,ngoi3 ding1 bou2,ngoi dīng bóu,Edinburgh,,
愛爾蘭,爱尔兰,ngoi3 ji5 laan4,ngoi yíh làanh,Ireland,,
北歐,北欧,bak1 ngau1,bāk ngāu,Northern Europe,,
芬蘭,芬兰,fan1 laan4,fān làahn,Finland,,
瑞士,瑞士,seoi6 si6,seuih sih,Switzerland,,
度蜜月,度蜜月,dou6 mat6 jyut6,douh maht yuht,To spend one's honeymoon,,
可想然之,可想然之,ho2 soeng2 jin4 zi1,hó séung yình jī,One can imagine that,,
算喇,算喇,syun3 laa1,syun lā,To leave it at that,,
年假,年假,nin4 gaa3,nình ga,Days offwork (included in your employment package),,
奥地利,奥地利,ou3 dei6 lei6,ou deih leih,Austria,,
算吧啦,算吧啦,syun3 baa2 laa1,syun bá lā,Forget about it,,
攀石,攀石,paan1 sek6,pāan sehk,To go rock climbing,,
散,散,saan4,sàanh,(body) feeling weak,,
牙膏,牙膏,ngaa4 gou1,ngàh gōu,Toothpaste,,
手臂,手臂,sau2 bei3,sáu bei,Arm,,
廢,废,fai3,fai,To stop working (a body part),,
chu厂,chu厂,coe2,choé,slang Taxing,,
三層樓,三层楼,saam1 cang4 lau2,sāam chàngh láu,Three stories (building),,
老鼠仔,老鼠仔,lou5 syu2 zai2,lóuh syú jái,Biceps,,
手力,手力,sau2 lik6,sáu lihk,Arm strength,,
拉,拉,laai1,lāai,To pull,,
撐,撑,caang3,chaang,To push against something to support something,,
大彳老,大彳老,daai6 lou2,daaih lóu,Dude,,
石墻,石墙,sek6 coeng4,sehk chèungh,Rock wall,,
踩,踩,caai2,cháai,To step on,,
夠膽,够胆,gau3 daam2,gau dáam,To have the guts to,,
企起身,企起身,kei5 hei2 san1,kéih héi sān,To stand back up,,
有型,有型,jau5 jing4,yáuh yìngh,Cool,,
獅子山,狮子山,sil1 zi2 saan1,sīl jí sāan,Lion Mountain (place name),,
有排,有排,jau5 paai4,yáuh pàaih,To take a long time,,
室外,室外,sat1 ngoi6,sāt ngoih,Outdoors,,
傻仔,傻仔,so4 zai2,sòh jái,Idiot,,
循...方向,循...方向,ceon4…fong1 hoeng3,chèuhn…fōng heung,Towards the direction of,,
鬆身,松身,sung1 san1,sūng sān,"Loose, baggy",,
背心,背心,bui3 sam1,bui sām,Vest,,
危險,危险,ngai4 him2,ngàih hím,Dangerous,,
跌,跌,dit3,dit,To fall,,
運動型,运动型,wan6 dung6 jing4,wanh dungh yìngh,Sportive,,
上衣,上衣,soeng6 ji1,seungh yī,Top,,
布,布,bou3,bou,"Cloth, fabric",,
除,除,ceoi4,chèuih,To take off (clothes),,
半天吊,半天吊,bun3 tin1 diu3,bun tīn diu,Dangling midair,,
揸,揸,zaal1,jāal,To clutch,,
繩,绳,sing4,sìngh,Rope,,
順利,顺利,seon6 lei6,seunh leih,Smoothly,,
輕,轻,heng1,hēng,Light,,
石峽尾,石峡尾,sek6 gip6 mei5,sehk gihp méih,Shek Kip Mei (place name),,
室外運動場,室外运动场,sat1 ngoi6 wan6 dung6 coeng4,sāt ngoih wanh dungh chèungh,Outdoors sports ground,,
术苛茗風,术苛茗风,mai5 kei4 lou5 syu2,máih kèih lóuh syú,Mickey Mouse,,
T恤,T恤,Tseot1,Tsēot,T-shirt,,
一八幾,一八几,jat1 baat3 gei2,yāt baat géi,1.8 something meters,,
幼,幼,jau3,yau,Slender,,
中途休息,中途休息,zung1 tou4 jau1 sik1,jūng tòuh yāu sīk,Midway break,,
捧,捧,bong6,bongh,Classifier for wall,,
條,条,tiu4,tìuh,Classifier for track,,
放鬆,放松,fong3 sung1,fong sūng,To relax,,
全個人,全个人,cyun4 go3 jan4,chyùnh go yành,The entire body,,
天生我材必有用,天生我材必有用,tin1 saang1 ngo5 coi4 bit1 jau5 jung6,tīn sāang ngóh chòih bīt yáuh yungh,proverb Everyone's talented at sth.,,
真心,真心,zan1 sam1,jān sām,Genuinely,,
讚,赞,zaan3,jaan,To compliment,,
沖涼,冲凉,cung1 loeng4,chūng lèungh,To take a shower,,
緊張,紧张,gan2 zoeng1,gán jēung,nervous,,
事業,事业,si6 jip6,sih yihp,career,,
新發展,新发展,san1 faat3 zin2,sān faat jín,new development,,
邀請,邀请,jiu1 cing2,yīu chíng,to invite,,Cantonese::Verbs
藝術家,艺术家,ngai6 seot6 gaa1,ngaih seuht gā,artist,,
身份,身份,san1 fan2,sān fán,identity,,
交流,交流,gaau1 lau4,gāau làuh,exchange,,
蠟染,蜡染,laap6 jim5,laahp yímh,batik,,
贊助,赞助,zaan3 zo6,jaan joh,to sponsor,,
費用,费用,fai3 jung6,fai yungh,expenses,,
期待,期待,kei4 doi6,kèih doih,to anticipate,,
傳統,传统,cyun4 tung2,chyùnh túng,traditional,,
事業心,事业心,si6 jip6 sam1,sih yihp sām,(lit.) career heart,(fig) dedication to career,
碼頭,码头,maa5 tau4,máh tàuh,pier,,
搵返好嘅碼頭,揾返好嘅码头,wan2 faan1 hou2 ge3 maa5 tau4,wán fāan hóu ge máh tàuh,to find a good person to marry,,
危險,危险,ngai4 him2,ngàih hím,dangerous,,
機會,机会,gei1 wui6,gēi wuih,opportunity,,
奇怪,奇怪,kei4 gwai3,kèih gwai,strange,,
競爭,竞争,ging3 zang1,ging jāng,competition,,
有陣時,有阵时,jau5 zan6 si4,yáuh janh sìh,sometimes,,
海外,海外,hoi2 ngoi6,hói ngoih,overseas,,
活動,活动,wut6 dung6,wuht dungh,activity,,
影響力,影响力,jing2 hoeng2 lik6,yíng héung lihk,influence,,
緣分,缘分,jyun4 fan6,yùnh fanh,fate,,
把握,把握,baa2 aak1,bá āak,"to grasp, to seize",,
市場,市场,si5 coeng4,síh chèungh,market (food or commercial),,
困難,困难,kwan3 naan4,kwan nàanh,difficult,,
辛苦,辛苦,san1 fu2,sān fú,hard,,
老實講,老实讲,lou5 sat6 gong2,lóuh saht góng,frankly speaking,,
支持,支持,zi1 ci4,jī chìh,to support,,
煩惱,烦恼,faan4 nou5,fàanh nóuh,troubles and worries,,
尤其,尤其,jau4 kei4,yàuh kèih,especially,,
攞出嚟講,攞出嚟讲,lo2 ceot1 lei4 gong2,ló chēut lèih góng,to bring something up and discuss it,,
接受,接受,zip3 sau6,jip sauh,to accept,,
反對,反对,faan2 deoi3,fáan deui,to oppose,,
聲音,声音,sing1 jam1,sīng yām,sound,,
關心,关心,gwan1 sam1,gwān sām,to be concerned about someone or something,,
影相,影相,jing2 soeng2,yíng séung,to take photos,,
周圍走,周围走,zau1 wai4 zau2,jāu wàih jáu,to go all over the place,,
器材,器材,hei3 coi4,hei chòih,equipment (usually photography),,
開頭,开头,hoi1 tau4,hōi tàuh,beginning,,
揹,揹,me1,mē,to carry on one’s back,,
背囊,背囊,bui3 nong4,bui nòngh,knapsack,,
後尾,后尾,hau6 mei1,hauh mēi,(in the) end,,
喼,喼,gip1,gīp,a suitcase,,
寧願,宁愿,ning4 jyun2,nìngh yún,to prefer to do,,
走走糴糴,走走籴籴,zau2 zau2 dek3 dek3,jáu jáu dek dek,to run around,,
諗法,谂法,lam2 faat3,lám faat,thoughts,,
坦白講,坦白讲,taan2 baak6 gong2,táan baahk góng,frankly speaking,,
夢想,梦想,mong6 soeng2,mongh séung,dreams,,
追求,追求,zeoi1 kau4,jēui kàuh,to pursue,,
訛,讹,ngo4,ngòh,to nag,,
家庭主婦,家庭主妇,gaa1 ting4 zyu2 fu5,gā tìngh jyú fúh,homemaker,,
游水落嚟,游水落嚟,jau4 seoi2 lok6 lai4,yàuh séui lohk làih,jau4 seoi2 lok6 lei4 to swim down south (to illegally enter Hong Kong by swimming here),,
偷渡,偷渡,tau1 dou6,tāu douh,to immigrate illegally,,
陌生,陌生,mak6 sang1,mahk sāng,foreign,,
挨,挨,aai4,àaih,to endure hardship,,
共鳴,共鸣,gung6 ming4,gungh mìngh,resonance,,
嫁,嫁,gaa3,ga,to marry (a woman marrying a man),,
嫁唔出,嫁唔出,gaa3 m4 ceot1,ga mh chēut,to be unable to fund a husband,,
安撫,安抚,on1 fu2,ōn fú,to comfort,,
理財,理财,lei5 coi4,léih chòih,to manage one’s finances,,
確保,确保,kok3 bou2,kok bóu,to ensure,,
生活費,生活费,sang1 wut6 fai3,sāng wuht fai,living expenses,,
情感,情感,cing4 gam2,chìngh gám,"emotions, feelings",,
理性,理性,lei5 sing3,léih sing,rational,,
馬拉人,马拉人,maa5 laai1 jan4,máh lāai yành,Malay (the ethnicity),,
華人,华人,waa4 jan4,wàh yành,ethnic Chinese,,
印尼,印尼,jan3 nei4,yan nèih,Indonesia,,
伊斯蘭,伊斯兰,ji1 si1 laan4,yī sī làanh,Islam,,
教徒,教徒,gaau3 tou4,gaau tòuh,believer (of a religion),,
正統,正统,zing3 tung2,jing túng,"legitimate, pure",,
原住民,原住民,jyun4 zyu6 man4,yùnh jyuh mành,aboriginals,,
喺我印象中,喺我印象中,hai2 ngo5 jan3 zoeng6 zung1,hái ngóh yan jeungh jūng,to be under the impression,,
移民,移民,ji4 man4,yìh mành,to immigrate,,
內地,内地,noi6 dei6,noih deih,mainland (usually China),,
國語,国语,gwok3 jyu5,gwok yúh,Mandarin Chinese,,
廣東話,广东话,gwong2 dung1 waa2,gwóng dūng wá,Cantonese,,
馬來文,马来文,maa5 loi4 man2,máh lòih mán,Malay (the language),,
印度文,印度文,jan3 dou6 man2,yan douh mán,Hindi,,
印度人,印度人,jan3 dou6 jan4,yan douh yành,Indian (the people),,
講人壞話,讲人坏话,gong2 jan4 waai6 waa2,góng yành waaih wá,to speak ill of others,,
隔離,隔离,gaak3 lei4,gaak lèih,next to,,
口音,口音,hau2 jam1,háu yām,accent,,
得意,得意,daak1 ji3,dāak yi,interesting,,
漏,漏,lau6 to,lauh to,leave out,,
常用,常用,soeng4 jung6,sèungh yungh,commonly used,,
溝通,沟通,kau1 tung1,kāu tūng,to communicate,,
距離,距离,keoi5 lei4,kéuih lèih,distance,,
接觸,接触,zip3 zuk1,jip jūk,to come into contact with,,
英國,英国,jing1 gwok3,yīng gwok,England,,
X + 年班,X + 年班,X + nin4 baan1,X + nình bāan,"year X (primary, secondary school and university)",,
同齡,同龄,tung4 ling4,tùngh lìngh,to be of the same age,,
入學,入学,jap6 hok6,yahp hohk,"to start school (primary, secondary school and university)",,
比較,比较,bei2 gaau3,béi gaau,comparatively speaking,,
拍拖,拍拖,paak3 to2,paak tó,to date,,
畢業,毕业,bat1 jip6,bāt yihp,to graduate,,academic advanced
long-D,long-D,/,/,long distance relationship,,
維持,维持,wai4 ci4,wàih chìh,to maintain,,
安全感,安全感,on1 cyun4 gam2,ōn chyùnh gám,sense of security,,
始終,始终,ci2 zung1,chí jūng,after all,,
盡量,尽量,zeon6 loeng6,jeunh leungh,as much as possible,,
創作,创作,cong3 zok3,chong jok,to create (especially art),,
少數民族,少数民族,siu2 sou3 man4 zuk6,síu sou mành juhk,ethnic minorities,,
文化,文化,man4 faa3,mành fa,culture,,
黐身,黐身,ci1 san1,chī sān,to be attached to someone,,
計劃,计划,gai3 waak6,gai waahk,plans,,
將來,将来,zoeng1 loi4,jēung lòih,future,,
點會冇 + verb + 吖,点会冇 + verb + 吖,dim2 wui5 mou5 + verb + aa1,dím wúih móuh + verb + ā,No way I didn’t + verb,,
目前嚟講,目前嚟讲,muk6 cin4 lei4 gong2,muhk chình lèih góng,up till now,,
對我嚟講,对我嚟讲,deoi3 ngo5 lei4 gong2,deui ngóh lèih góng,to me,,
結婚,结婚,git3 fan1,git fān,marriage,,
階段,阶段,gai1 dyun6,gāi dyunh,stage,,
基礎,基础,gei1 co2,gēi chó,"fundamentals, foundations",,
發展期,发展期,faat3 zin2 kei4,faat jín kèih,development phase,,
藝術人,艺术人,ngai6 seot6 jan4,ngaih seuht yành,art person,,
專注,专注,zyun1 zyu3,jyūn jyu,to focus on,,
究竟,究竟,gau3 ging3,gau ging,(fig.) at the end of the day,,
長久,长久,coeng4 gau2,chèungh gáu,long term,,
長久落去,长久落去,coeng4 gau2 lok6 heoi3,chèungh gáu lohk heui,to last forever (relationships),,
適合,适合,sik1 hap6,sīk hahp,to be a good match for,,
敏感,敏感,man5 gam2,mánh gám,sensitive,,
希望,希望,hei1 mong5,hēi móngh,to hope,,
青春,青春,cing1 ceon1,chīng chēun,youth,,
有限,有限,jau5 haan6,yáuh haanh,to be limited,,
四十歲都一枝花,四十岁都一枝花,sei3 sap6 seoi3 dou1 jat1 zi1 faa1,sei sahp seui dōu yāt jī fā,"(literal) Even at 40, it’s still a flower",(figurative) men “blossom” at 40 (in contrast to women who “wilt”),
無論,无论,mou4 leon6,mòuh leunh,regardless of,,
調返轉,调返转,diu6 faan1 zeon3,diuh fāan jeun,to flip (literally or figuratively),,
壯男,壮男,zong3 naam4,jong nàamh,buff man,,
後生,后生,hau6 saang1,hauh sāang,young,,
皮膚,皮肤,pei4 fu1,pèih fū,skin,,
顦,顦,caau4,chàauh,wrinkled,,
老,老,lou5,lóuh,to age,,
化妝,化妆,faa3 zong1,fa jōng,to put on makeup,,
冚,冚,kam2,kám,to cover something,,
生兒育女,生儿育女,saang1 ji4 juk6 neoi5,sāang yìh yuhk néuih,to give birth to children,,
B,B,bi1,bī,baby,,
女明星,女明星,neoi5 ming4 sing1,néuih mìngh sīng,female stars (in the entertainment industry),,
舒淇,舒淇,syu1 kei4,syū kèih,"Shu Qi, a famous Chinese female actress",,
年齡,年龄,nin4 ling4,nình lìngh,age,,
恐懼,恐惧,hong2 geoi6,hóng geuih,fear,,
害怕,害怕,hoi6 paa3,hoih pa,to be afraid of,,
大吉利是,大吉利是,daai6 gat1 lai6 si6,daaih gāt laih sih,touchwood,,
真實,真实,zan1 sat6,jān saht,reality,,
藝術,艺术,ngai6 seot6,ngaih seuht,art,,
創作,创作,cong3 zok3,chong jok,creation (especially artistic works),,
關口,关口,gwan1 hau2,gwān háu,threshold,(literally) entry point,
市場,市场,si5 coeng4,síh chèungh,market (food and commercial),,
籮底橙,箩底橙,lo4 dai2 caang2,lòh dái cháang,(literally) oranges at the bottom of the basket,(figuratively) leftovers,
剩女,剩女,sing6 neoi2,singh néui,leftover women,,
思想,思想,si1 soeng2,sī séung,thought,,
緊要,紧要,gan2 jiu3,gán yiu,important,,Cantonese::BobaBreak
分開,分开,fan1 hoi1,fān hōi,to be separated,,
例子,例子,lai6 zi2,laih jí,"example, case",,
由於,由于,jau4 jyu1,yàuh yū,due to,,
驚,惊,geng1,gēng,to fear,,
吸引,吸引,kap1 jan5,kāp yánh,to attract,,
成熟,成熟,sing4 suk6,sìngh suhk,mature,,
綠葉,绿叶,luk6 jip6,luhk yihp,(literally) green leaves,(figurative) B-list guys,
寧願,宁愿,ning4 jyun2,nìngh yún,to prefer that,,
冇理由,冇理由,mou5 lei5 jau4,móuh léih yàuh,it doesn’t make sense that,,
追趕,追赶,zeoi1 gon2,jēui gón,to chase,,
大前提,大前提,daai6 cin4 tai4,daaih chình tàih,premises,,
意思,意思,ji3 si1,yi sī,meaning,,
伴侶,伴侣,bun6 leoi5,bunh léuih,partner,,
情侶,情侣,cing4 leoi5,chìngh léuih,lovers,,
補習,补习,bou2 zaap6,bóu jaahp,tutoring,,
節目,节目,zit3 muk6,jit muhk,programme,,
行業,行业,hong4 jip6,hòngh yihp,industry,,
怪獸家長,怪兽家长,gwai3 sau3 gaa1 zoeng2,gwai sau gā jéung,"monster parents (coined in Hong Kong, similar to “tiger moms”, but to both parents)",,
專業,专业,zyun1 jip6,jyūn yihp,profession,,
數學,数学,sou3 hok6,sou hohk,maths,,
遇,遇,jyu6,yuh,to enounter,,
棘手,棘手,kik1 sau2,kīk sáu,thorny,,
曳,曳,jai5,yáih,naughty,,
難忘,难忘,naan4 mong4,nàanh mòngh,unforgettable,,
經歷,经历,ging1 lik6,gīng lihk,experiences,,
分別,分别,fan1 bit6,fān biht,differences,,
聽話,听话,teng1 waa6,tēng wah,"obedient, listen to your instructions",,
練習,练习,lin6 zap6,linh jahp,practice exercises,,
走嚟走去,走嚟走去,zau2 lei4 zau2 heoi3,jáu lèih jáu heui,to run all over the place,,
發脾氣,发脾气,faat3 pei4 hei3,faat pèih hei,to throw a tantrum,to lose one’s tempter,
指令,指令,zi2 ling6,jí lingh,commands,,
工作紙,工作纸,gung1 zok3 zi2,gūng jok jí,worksheet,,
掛住,挂住,gwa3 zyu6,gwa jyuh,"to be focused only on (an activity, usually something distracting)",,
誇張,夸张,kwa1 zoeng1,kwā jēung,exaggerated,,
教返好佢,教返好佢,gaau3 faan1 hou2 keoi5,gaau fāan hóu kéuih,to improve a child’s behaviour,,
秘訣,秘诀,bei3 kyut3,bei kyut,secret (as in trick to getting something done),,
受軟唔受硬,受软唔受硬,sau6 jyun5 m4 sau6 ngaang6,sauh yúnh mh sauh ngaangh,(literally) take the soft treatment but not the hard one,(figuratively) needs positive reinforcement (negative doesn’t work on them),
鬧,闹,nao6,naoh,to berate,,
喊,喊,haam3,haam,to cry,,Cantonese::Verbs
家長,家长,gaa1 zoeng2,gā jéung,parents,,
點算,点算,dim2 syun3,dím syun,What to do (about it)?,,
講道理,讲道理,gong2 dou6 lei5,góng douh léih,to reason with someone,,
惡,恶,ok3,ok,tough (attitude),,
情況,情况,cing4 fong3,chìngh fong,situation,,
偈仔,偈仔,gai2 zai2,gái jái,ideas (to resolve a problem),,
搞,搞,gaau2,gáau,"to settle, to deal with",,
講完,讲完,gong2 jyun4,góng yùnh,to finish talking about,,
變化,变化,bin3 faa3,bin fa,variation,,
成績,成绩,sing4 zik1,sìngh jīk,results (academic in this context),,
對面,对面,deoi3 min6,deui minh,opposite (as in opposite of),,
監,监,gaam1,gāam,"to supervise, to monitor",,
參與,参与,caam1 jyu5,chāam yúh,to participate,,
一方面,一方面,jat1 fong1 min6,yāt fōng minh,on the one hand,,
合作,合作,hap6 zok3,hahp jok,to cooperate,,
相輔相成,相辅相成,soeng1 fu6 soeng1 sing4,sēung fuh sēung sìngh,to complement each other,,
緊張,紧张,gan2 zoeng1,gán jēung,tense,,
成功感,成功感,sing4 gung1 gam2,sìngh gūng gám,sense of accomplishment,,
進步,进步,zeon3 bou6,jeun bouh,to improve,,
請 + someone + 食嘢,请 + someone + 食嘢,ceng2 + someone + sik6 je5,chéng + someone + sihk yéh,to treat someone to a meal,,
建立,建立,gin3 laap6,gin laahp,to establish,,
感情關係,感情关系,gam2 cing4 gwan1 hai6,gám chìngh gwān haih,emotional bond,,
經驗,经验,ging1 jim6,gīng yimh,experiences,,
聽講,听讲,teng1 gong2,tēng góng,to hear (as in I hear you’re from Hong Kong),,
元朗,元朗,jyun4 long5,yùnh lóngh,Yuen Long (a place in Hong Kong),,
九龍,九龙,gau2 long4,gáu lòngh,Kowloon (one of the three main areas of Hong Kong),,
由細到大,由细到大,jau4 sai3 dou3 daai6,yàuh sai dou daaih,"(literally) from when I was young to my adulthood, i.e. all my life",,
原居民,原居民,jyun4 geoi1 man4,yùnh gēui mành,aboriginals,,
沙田,沙田,saa1 tin4,sā tình,Sha Tin (a place in Hong Kong),,
初頭,初头,co1 tau4,chō tàuh,in the beginning,,
幻想,幻想,waan6 soeng2,waanh séung,fantasy,,
牛,牛,ngau4,ngàuh,cow,,Cantonese
鄉下,乡下,hoeng1 haa2,hēung há,rural areas,,
彌敦道,弥敦道,nei4 dun1 dou6,nèih dūn douh,Nathan Road,,
繁榮,繁荣,faan4 wing4,fàanh wìngh,prosperous,,
馬路,马路,maa5 lou6,máh louh,road,,
舊,旧,gau6,gauh,old,,
新,新,san1,sān,new,,
夾雜,夹杂,gaap3 zaap6,gaap jaahp,to mix together,,
一截,一截,jat1 zit3,yāt jit,a segment,,
青山公路,青山公路,cing1 saan1 gung1 lou6,chīng sāan gūng louh,Castle Peak Road,,
隔涉,隔涉,gaak3 sip3,gaak sip,isolated,,
一忽,一忽,jat1 fat1,yāt fāt,one area,,
教育路,教育路,gaau3 juk6 lou6,gaau yuhk louh,Kau Yuk Road,,
舖頭,舖头,pou3 tau2,pou táu,stores,,
旺角,旺角,wong3 gok3,wong gok,Mong Kok (a place in Hong Kong),,
集中,集中,zaap6 zung1,jaahp jūng,to concentrate,,
豐澤,丰泽,fung1 zaak6,fūng jaahk,Fortress (an electronics chain store),,
百老匯,百老汇,baak3 lou5 wui6,baak lóuh wuih,Broadway (an electronics chain store),,
格價,格价,gaak3 gaa3,gaak ga,to compare prices,,
周圍,周围,zou1 wai4,jōu wàih,surroundings,,
士多鋪,士多铺,si6 do1 pou3 store,sih dō pou store,(Cantonese translation of English word store),,
生活用品,生活用品,sang1 wut6 jung6 ban2,sāng wuht yungh bán,life necessities,,
位置,位置,wai6 zi3,waih ji,location,,
圍村,围村,wai4 cyun1,wàih chyūn,walled villages,,
腦,脑,nou5,nóuh,brain,,
盆菜,盆菜,pun4 coi3,pùnh choi,Poon choi (like the Cantonese equivalent of a casserole),,
公公婆婆,公公婆婆,gung4 gung1 po4 po2,gùngh gūng pòh pó,elderly people (not related to you),,
後生仔,后生仔,hau6 saang1 zai2,hauh sāang jái,young people,,
外圍,外围,ngoi6 wai4,ngoih wàih,outskirts,,
年青人,年青人,nin4 cing1 jan4,nình chīng yành,young people,,
B仔糖水,B仔糖水,bi1 zai2 tong4 seoi2,bī jái tòngh séui,The name of a Chinese desserts shop,,
泊,泊,paak3,paak,to park (a car),,
跑車,跑车,paau2 ce1,páau chē,sports car,,
密集,密集,mat6 zaap6,maht jaahp,crowded,,
糖水,糖水,tong4 seoi2,tòngh séui,Cantonese style desserts (literally “sugar water”),,
周圍望,周围望,zau1 wai4 mong6,jāu wàih mongh,to look around,,
行個圈,行个圈,haang4 go3 hyun1,hàangh go hyūn,to take a walk around,,
織布,织布,zik1 bou3,jīk bou,weaving,,
衫褲鞋襪,衫裤鞋袜,saam1 fu3 haai4 mat6,sāam fu hàaih maht,"clothes (literally shirts, pants, shoes and socks)",,
織,织,zik1,jīk,to weave,,
牛郎織女,牛郎织女,ngau4 long4 zik1 neoi2,ngàuh lòngh jīk néui,The Weaver Girl and the Cowherd,,
線織,线织,sin3 zik1,sin jīk,thread woven,,
婆婆,婆婆,po4 po2,pòh pó,old ladies,,
針織,针织,zam1 zik1,jām jīk,to knit with needles,,
偏,偏,pin1,pīn,to lean towards (something),,
純藝,纯艺,seon4 ngai6,sèunh ngaih,pure art,,
遺忘,遗忘,wai4 mong4,wàih mòngh,forgotten,,
文化知識,文化知识,man4 faa3 zi1 sik1,mành fa jī sīk,cultural knowledge,,
資料搜集,资料搜集,zi1 liu2 sau2 zaap6,jī líu sáu jaahp,information gathering,,
模仿,模仿,mou4 fong2,mòuh fóng,imitation,,
甚至,甚至,sam6 zi3,samh ji,even,,
創作,创作,cong3 zok3,chong jok,to create (artistic works),,
作品,作品,zok3 ban2,jok bán,works (especially of art),,
訊息,讯息,seon3 sik1,seun sīk,message,,
大眾,大众,daai6 zung3,daaih jung,the general populace,,
時裝設計,时装设计,si4 zong1 cit3 gai3,sìh jōng chit gai,fashion design,,
影相,影相,jing2 soeng2,yíng séung,take photos,,
攝影師,摄影师,sip3 jing2 si1,sip yíng sī,photographer,,
計平啲畀我,计平啲畀我,gai3 peng4 di1,gai pèngh dī,give me a discount,,
生存,生存,sang1 cyun4,sāng chyùnh,to survive,,
尊重,尊重,zyun1 zung6,jyūn jungh,to respect,,
城市,城市,sing4 si5,sìngh síh,city,,
的確,的确,dik1 kok3,dīk kok,indeed,,
接 job,接 job,zip3 j o b,jip j o b,to take on jobs,,
藝術家,艺术家,ngai6 syut6 gaa1,ngaih syuht gā,artist,,
為生,为生,wai4 sang1,wàih sāng,to make a living,,
基本上,基本上,gei1 bun2 soeng6,gēi bún seungh,basically,,Cantonese::Adverbs
年資,年资,nin4 zi1,nình jī,experience,,
全職,全职,cyun4 zik1,chyùnh jīk,full time,,
唔啦更,唔啦更,m4 laa1 gaan1,mh lā gāan,unrelated,,
人際關係,人际关系,jan4 zai3 gwan1 hai6,yành jai gwān haih,relationships (as in when building networks),,
擺,摆,baai2,báai,to put,,
展覽,展览,zin2 laam5,jín láamh,exhibition,,
爭取,争取,zang1 ceoi2,jāng chéui,to fight for,,
曝光率,曝光率,bou6 gwong1 leot2,bouh gwōng léut,exposure,,
賺錢,赚钱,zaan6 cin2,jaanh chín,to earn money,,
分開,分开,fan1 hoi1,fān hōi,to separate,,
兩回事,两回事,loeng5 wui4 si6,léungh wùih sih,two different things,,
師兄,师兄,si1 hing1,sī hīng,former students,,
懷念,怀念,waai4 nim6,wàaih nimh,to miss,,
紅,红,hung4,hùngh,famous,,
自由地,自由地,zi6 jau4 dei6,jih yàuh deih,freely,,
成名,成名,sing4 ming4,sìngh mìngh,to become famous,,
壓力,压力,ngaat3 lik6,ngaat lihk,pressure,,
數量,数量,so3 loeng6,so leungh,quantity,,
le,le,le1,lē,abbreviation for “level”,,
平衡點,平衡点,ping4 hang4 dim2,pìngh hàngh dím,balance point,,
享受,享受,hoeng2 sau6,héung sauh,to enjoy,,
年輕,年轻,nin4 heng1 / nin4 hing1,nình hēng / nình hīng,young,,
商業,商业,soeng1 jip6,sēung yihp,commercial,,
高技術,高技术,gou1 gei6 seot6,gōu geih seuht,technically demanding,,
學問,学问,hok6 man6,hohk manh,knowledge,,
把握,把握,baa2 ngaak1,bá ngāak,to grasp,,
繼續,继续,gai3 zuk6,gai juhk,to continue,,
討論,讨论,tou2 leon6,tóu leunh,to discuss,,
阿Snow,阿Snow,aa3 Snow,a Snow,Snow (one of the speakers),,
雪,雪,syut3,syut,Snow (one of the speakers),,
關於,关于,gwan1 jyu1,gwān yū,about,,
荷蘭,荷兰,ho4 laan1,hòh lāan,the Netherlands,,
大麻,大麻,daai6 maa4,daaih màh,weed,,
大自然,大自然,daai6 zi6 jin4,daaih jih yình,nature,,
景,景,ging2,gíng,scenery,,
歸園田居,归园田居,gwai1 jyun4 tin4 geoi1,gwāi yùnh tình gēui,"(lit.) to go back to nature, (fig.) attached to being closer to nature",,
花草樹木,花草树木,faa1 cou2 syu6 muk6,fā chóu syuh muhk,"(lit.) flowers, grass and trees, (fig.) green life / plants",,
山景,山景,saan1 ging2,sāan gíng,mountain scenery,,
平靜,平静,ping4 zing6,pìngh jingh,calm,,
小村落,小村落,siu2 cyun1 lok6,síu chyūn lohk,small village,,
外地人,外地人,ngoi6 dei6 jan4,ngoih deih yành,outsiders,,
觀眾,观众,gun1 zung3,gūn jung,audience,,
驚訝,惊讶,ging1 ngaa5,gīng ngáh,shocked,,
本土,本土,bun2 tou2,bún tóu,local,,
歸隱田園,归隐田园,gwai1 jan2 tin4 jyun4,gwāi yán tình yùnh,"(lit.) go back and retire to the fields, (fig.) to go from a city to a country life",,
習慣,习惯,zaap6 gwan3,jaahp gwan,to get used to,,
城市化,城市化,sing4 si5 faa3,sìngh síh fa,urbanized,,
交通,交通,gaau1 tung1,gāau tūng,transportation,,
我聽落,我听落,ngo5 teng1 lok6,ngóh tēng lohk,the way I hear it,,
方法,方法,fong1 faat3,fōng faat,ways,,
的士,的士,dik1 si2,dīk sí,taxi,,
火車,火车,fo2 ce1,fó chē,train,,
地鐵,地铁,dei6 tit3,deih tit,subway,,
揸車,揸车,zaa1 ce1,jā chē,to drive,,
車牌,车牌,ce1 paai4,chē pàaih,license (car),,
踩單車,踩单车,caai2 daan1 ce1,cháai dāan chē,to ride a bike,,
王國,王国,wong4 gwok3,wòngh gwok,kingdom,,
鄰近,邻近,leon4 gan6,lèunh ganh,neighbouring,,
留學,留学,lau4 hok6,làuh hohk,to study overseas,,
居住,居住,geoi1 zyu6,gēui jyuh,to live in,,
一段時間,一段时间,jat1 dyun6 si4 gaan3,yāt dyunh sìh gaan,a period of time,,
發現,发现,faat3 jin6,faat yinh,to discover,,
歧視,歧视,kei4 si6,kèih sih,discrimination,,
事情,事情,si6 cing4,sih chìngh,events,,
觀念,观念,gun1 nim6,gūn nimh,concept,,
新奇,新奇,san1 kei4,sān kèih,curious about something new,,
中國,中国,zung1 gwok3,jūng gwok,China,,Cantonese::Ling
未必,未必,mei6 bit1,meih bīt,not necessarily,,
手語,手语,sau2 jyu5,sáu yúh,"sign language, (informally) hand signs",,
深刻,深刻,sam1 hak1,sām hāk,deep (impression),,
微笑,微笑,mei4 siu3,mèih siu,to give a faint smile,,
售貨員,售货员,sau6 fo3 jyun4,sauh fo yùnh,salesperson,,
街,街,gaai1,gāai,street,,Cantonese Cantonese::BobaBreak
擦肩而過,擦肩而过,caat3 gin1 ji4 gwo3,chaat gīn yìh gwo,(lit.) to brush one’s shoulder while passing someone,(fig.) to walk past someone,
對住,对住,deoi3 zyu6,deui jyuh,towards,,
笑,笑,siu3,siu,to smile,,Cantonese::Verbs
嘗試,尝试,soeng4 si3,sèungh si,to try,,
眼神接觸,眼神接触,ngaan5 san4 zip3 zuk1,ngáanh sành jip jūk,eye contact,,
隔離鄰舍,隔离邻舍,gaak3 lei4 leon4 se5,gaak lèih lèunh séh,next door neighbours,,
尾聲,尾声,mei5 sing1,méih sīng,the end (of a programme),,
推介,推介,teoi1 gaai3,tēui gaai,to recommend,,
尤其是,尤其是,jau4 kei4 si6,yàuh kèih sih,especially,,
紅燈區,红灯区,hung4 dang1 keoi1,hùngh dāng kēui,red light district,,
博物館,博物馆,bok3 mat6 gun2,bok maht gún,museum,,
非常,非常,fei1 soeng4,fēi sèungh,very much,,
分享,分享,fan1 hoeng2,fān héung,to share,,Cantonese::Verbs
阿雪,阿雪,aa3 syut3,a syut,Snow (one of the speakers),,
平時,平时,ping4 si4,pìngh sìh,usually,,Cantonese Cantonese::Adverbs Cantonese::BobaBreak
放假,放假,fong3 gaa3,fong ga,to be on vacation,,
通常,通常,tung1 soeng4,tūng sèungh,usually,,
留,留,lau4,làuh,to stay,,
約 + sb. + 出街,约 + sb. + 出街,jeok3 + sb. + ceot1 gaai1,yeok + sb. + chēut gāai,to ask someone out (not necessarily on a date),,
打波,打波,daa2 bo1,dá bō,to play basketball,,
特登,特登,dak6 dang1,dahk dāng,on purpose,,
好處,好处,hou2 cyu5,hóu chyúh,good points,,
車程,车程,ce1 cing4,chē chìngh,distance (by car),,
類型,类型,leoi3 jing4,leui yìngh,types,,
休閒,休闲,jau1 haan4,yāu hàanh,recreational,,
娛樂,娱乐,jyu4 lok6,yùh lohk,entertainment,,
唱K,唱K,coeng3 K,cheung K,to go karaoke,,
包,包,baau1,bāau,to include (in the price),,
計,计,gai3,gai,to count,,
國際化,国际化,gwok3 zai3 faa3,gwok jai fa,internationalize,,
國家,国家,gwok3 gaa1,gwok gā,country,,
貨品,货品,fo3 ban2,fo bán,goods,,
梗係,梗系,gang2 hai6,gáng haih,definitely,,
商場,商场,soeng1 coeng4,sēung chèungh,shopping mall,,
尖沙咀,尖沙咀,zim1 saa1 zeoi2,jīm sā jéui,Tsim Sha Tsui (place in HK),,
旺角,旺角,wong6 gok3,wongh gok,Mong Kok (place in HK),,
樓下,楼下,lau4 haa6,làuh hah,"(lit.) downstairs, (fig.) around in one’s neighbourhood",,
款,款,fun2,fún,style,,
質素,质素,zat1 sou3,jāt sou,quality,,
差,差,caa1,chā,bad,,
貨色,货色,fo3 sik1,fo sīk,kind,,
新界,新界,san1 gaai3,sān gaai,New Territories (part of HK),,
貴格,贵格,gwai3 gaak3,gwai gaak,expensive,,
店舖,店舖,dim3 pou3,dim pou,store,,
網上,网上,mong5 soeng6,móngh seungh,online,,
淘寶,淘宝,tou4 bou2,tòuh bóu,Taobao,,
熟,熟,suk6,suhk,to be familiar with,,
外國,外国,ngoi6 gwok3,ngoih gwok,foreign countries,,
大陸,大陆,daai6 luk6,daaih luhk,mainland China,,
親身,亲身,can1 san1,chān sān,directly (experience),,
感受,感受,gam2 sau6,gám sauh,to feel,,
物品,物品,mat6 ban2,maht bán,goods,,
信心,信心,seon3 sam1,seun sām,confidence,,
節目,节目,zit3 muk6,jit muhk,programme (things to do for leisure),,
容納,容纳,jung4 naap6,yùngh naahp,to accommodate,,
美食之都,美食之都,mei5 sik6 zi1 dou1,méih sihk jī dōu,the capital of dining,,
姓名,姓名,sing3 ming4,sing mìngh,"name and surname, CL:個",,
公園,公园,gung1 jyun4,gūng yùnh,"park (for public recreation), CL:個, 座",,
國家,国家,gwok3 gaa1,gwok gā,"country, nation, state, CL:個",,
城市,城市,sing4 si5,sìngh síh,"city, town, CL:座",,
街,街,gaai1,gāai,"street, CL:條",,
電子郵件,电子邮件,din6 zi2 jau4 gin6,dinh jí yàuh ginh,"email, CL:封, 份",,
結婚,结婚,git3 fan1,git fān,"to marry, to get married, CL:次",,
小時,小时,siu2 si4,síu sìh,"hour, CL:個",,
點鐘,点钟,dim2 zung1,dím jūng,(indicating time of day) o'clock,,
分,分,fan1,fān,"to divide, to separate, to distribute, to allocate, to distinguish (good and bad), part or subdivision, fraction, one tenth (of certain units), unit of length equivalent to 0.33 cm, minute (unit of time), minute (angular measurement unit), a point (in sports or games), 0.01 yuan (unit of money)part, share, ingredient, component",,
分鐘,分钟,fan1 zung1,fān jūng,minute,,Cantonese::Date&Time
天,天,tin1,tīn,"day, sky, heaven",,Cantonese::neverForget
夏天,夏天,haa6 tin1,hah tīn,"summer, CL:個",,
冬天,冬天,dung1 tin1,dūng tīn,"winter, CL:個",,
秋天,秋天,cau1 tin1,chāu tīn,"autumn, CL:個",,
春天,春天,ceon1 tin1,chēun tīn,"spring (season), CL:個",,
年輕,年轻,nin4 hing1,nình hīng,young,,
老,老,lou5,lóuh,"old (of people), venerable (person), experienced, of long standing, always, all the time, of the past, very, outdated, (of meat etc) toughprefix used before the surname of a person or a numeral indicating the order of birth of the children in a family or to indicate affection or familiarity,",,
男生,男生,naam4 saang1,nàamh sāang,"schoolboy, male student, boy, guy (young adult male)",,
女生,女生,neoi5 saang1,néuih sāang,"schoolgirl, female student, girl",,
小孩,小孩,siu2 haai4,síu hàaih,"child, CL:個",,
家人,家人,gaa1 jan4,gā yành,"household, (one's) family",,
緊張,紧张,gan2 zoeng1,gán jēung,"nervous, keyed up, intense, tense, strained, in short supply, scarce, CL:陣",,
可愛,可爱,ho2 ngoi3,hó ngoi,"adorable, cute, lovely",,
胖,胖,bun6,bunh,"healthy, at easefat, plump",,
矮,矮,ngai2,ngái,"low, short (in length)",,
瘦,瘦,sau3,sau,"thin, to lose weight, (of clothing) tight, (of meat) lean, (of land) unproductive",,
千,千,cin1,chīn,thousand,,
萬,万,maan6,maanh,"surname Wanten thousand, a great number",,
在,在,zoi6,joih,"(located) at, (to be) in, to exist, in the middle of doing sth, (indicating an action in progress)",,
辦公室,办公室,baan6 gung1 sat1,baanh gūng sāt,"office, business premises, bureau, CL:間",,
工廠,工厂,gung1 cong2,gūng chóng,"factory, CL:家, 座",,
工人,工人,gung1 jan4,gūng yành,"worker, CL:個, 名",,
護士,护士,wu6 si6,wuh sih,"nurse, CL:個",,
司機,司机,si1 gei1,sī gēi,"chauffeur, driver, CL:個",,
老闆,老板,lou5 baan2,lóuh báan,"Robam (brand)boss, business proprietor, CL:個",,
同事,同事,tung4 si6,tùngh sih,"colleague, co-worker, CL:個, 位",,
上班,上班,soeng5 baan1,séungh bāan,"to go to work, to be on duty, to start work, to go to the office",,
小學,小学,siu2 hok6,síu hohk,"elementary school, primary school, CL:個",,
上學,上学,soeng5 hok6,séungh hohk,"to go to school, to attend school",,
作業,作业,zok3 jip6,jok yihp,"school assignment, homework, work, task, operation, CL:個, to operate",,
功課,功课,gung1 fo3,gūng fo,"homework, assignment, task, classwork, lesson, study, CL:門| 门",,
請假,请假,cing2 gaa3,chíng ga,to request leave of absence,,
考試,考试,haau2 si3,háau si,"to take an exam, exam, CL:次",,
教室,教室,gaau3 sat1,gaau sāt,"classroom, CL:間",,
洗手間,洗手间,sai2 sau2 gaan1,sái sáu gāan,"toilet, lavatory, washroom",,
語言,语言,jyu5 jin4,yúh yình,"language, CL:門, 種",,
科學,科学,fo1 hok6,fō hohk,"science, scientific knowledge, scientific, rational, CL:門, 個, 種",,
華語,华语,waa4 jyu5,wàh yúh,Chinese language,,
黑板,黑板,hak1 baan2,hāk báan,"blackboard, CL:塊, 個",,
課本,课本,fo3 bun2,fo bún,"textbook, CL:本",,
句子,句子,geoi3 zi2,geui jí,"sentence, CL:個",,
注意,注意,zyu3 ji3,jyu yi,"to take note of, to pay attention to",,
讀書,读书,duk6 syu1,duhk syū,"to read a book, to study, to attend school",,
回答,回答,wui4 daap3,wùih daap,"to reply, to answer, the answer, CL:個",,
休息,休息,jau1 sik1,yāu sīk,"rest, to rest",,
決定,决定,kyut3 ding6,kyut dingh,"to decide (to do something), to resolve, decision, CL:個, 項, certainly",,
圖片,图片,tou4 pin3,tòuh pin,"image, picture, photograph, CL:張",,
畫兒,画儿,waa2,wá,"picture, drawing, painting",,
房間,房间,fong4 gaan1,fòngh gāan,"room, CL:間, 個",,
廚房,厨房,cyu4 fong4,chyùh fòngh,"kitchen, CL:間",,
窗戶,窗户,coeng1,chēung,"window, CL:個, 扇",,
樓,楼,lau4,làuh,"surname Louhouse with more than 1 story, storied building, floor, CL:層, 座, 棟",,
樓上,楼上,lau4 soeng5,làuh séungh,upstairs,,
樓下,楼下,lau4 haa6,làuh hah,downstairs,,
電梯,电梯,din6 tai1,dinh tāi,"elevator, escalator, CL:臺, 部",,
家具,家具,gaa1 geoi6,gā geuih,"furniture, CL:件, 套",,
椅,椅,ji2 zi2,yí jí,"chair, CL:把, 套",,
桌,桌,coek3,cheuk,"table, desk, classifier for tables of guests at a banquet etc",,
沙發,沙发,saa1 faat3,sā faat,"sofa (loanword), CL:條, 張, (Internet slang) the first reply or replier to a forum post",,
床,床,cong4,chòngh,"bed, couch, classifier for beds, CL:張",,
關,关,gwaan1,gwāan,"surname Guanmountain pass, to close, to shut, to turn off, to concern, to involve",,
冷氣,冷气,laang5 hei3,láangh hei,air conditioning (Tw),,
安靜,安静,ngon1 zing6,ngōn jingh,"quiet, peaceful, calm",,
不錯,不错,bat1 co3,bāt cho,"correct, right, not bad, pretty good",,
海邊,海边,hoi2 bin1,hói bīn,"coast, seaside, seashore, beach",,
湖,湖,wu4,wùh,"lake, CL:個, 片",,
馬,马,maa5,máh,"surname Ma, abbr. for Malaysia 馬來西亞来西亚horse, CL:匹, horse or cavalry piece in Chinese chess, knight in Western chess",,
鳥,鸟,niu5,níuh,"variant of 屌, penisbird, CL:隻, 群, (dialect) to pay attention to, (intensifier) damned, goddam",,
貓,猫,maau1,māau,"cat, CL:隻, (dialect) to hide oneself, (coll.) modem",,
雞,鸡,gai1,gāi,"fowl, chicken, CL:隻, (slang) prostitute",,
太陽,太阳,taai3 joeng4,taai yèungh,"sun, CL:個, abbr. for 太陽穴阳穴",,
下雨,下雨,haa6 jyu5,hah yúh,to rain,,
下雪,下雪,haa6 syut3,hah syut,to snow,,
新年,新年,san1 nin4,sān nình,"New Year, CL:個",,
運動,运动,wan6 dung6,wanh dungh,"to move, to exercise, sports, exercise, motion, movement, campaign, CL:場",,
游泳,游泳,jau4 wing6,yàuh wingh,"swimming, to swim",,
踢,踢,tek3,tek,"to kick, to play (e.g. soccer), (slang) butch (in a lesbian relationship)",,
足球,足球,zuk1 kau4,jūk kàuh,"soccer ball, a football, CL:個, soccer, football",,
籃球,篮球,laam4 kau4,làamh kàuh,"basketball, CL:個, 隻",,
網球,网球,mong5 kau4,móngh kàuh,"tennis, tennis ball, CL:個",,
棒球,棒球,paang5 kau4,páangh kàuh,"baseball, CL:個, 隻",,
比賽,比赛,bei2 coi3,béi choi,"competition (sports etc), match, CL:場, 次, to compete",,
騎,骑,ke4,kèh,"(Taiwan) saddle horse, mounted soldierto ride (an animal or bike), to sit astride, classifier for saddle-horses",,
腳踏車,脚踏车,goek3 daap6 ce1,geuk daahp chē,"bicycle, bike (Tw), CL:輛",,
跑步,跑步,paau2 bou6,páau bouh,"to run, to jog, (military) to march at the double",,
電影院,电影院,din6 jing2 jyun2,dinh yíng yún,"cinema, movie theater, CL:家, 座",,
表演,表演,biu2 jin2,bíu yín,"play, show, performance, exhibition, to perform, to act, to demonstrate, CL:場",,
上網,上网,soeng5 mong5,séungh móngh,"to go online, to connect to the Internet, (of a document etc) to be uploaded to the Internet, (tennis, volleyball etc) to move in close to the net",,
輸,输,syu1,syū,"to lose, to transport, to donate, to enter (a password)",,
贏,赢,jeng4,yèngh,"to beat, to win, to profit",,
有時候,有时候,jau5 si4 hau6,yáuh sìh hauh,sometimes,,
久,久,gau2,gáu,"(long) time, (long) duration of time",,
報紙,报纸,bou3 zi2,bou jí,"newspaper, newsprint, CL:份, 期, 張",,
不客氣,不客气,bat1 haak3 hei3,bāt haak hei,"you're welcome, don't mention it, impolite, rude, blunt",,
禮物,礼物,lai5 mat6,láih maht,"gift, present, CL:件, 個, 份",,
歡迎,欢迎,fun1 jing4,fūn yìngh,"to welcome, welcome",,
晚會,晚会,maan5 wui2,máanh wúi,"evening party, CL:個",,
信封,信封,seon3 fung1,seun fūng,"envelope, CL:個",,
寄,寄,gei3,gei,"to send, to mail, to entrust, to depend on, to attach oneself to, to live (in a house), to lodge, foster (son etc)",,
接,接,zip3,jip,"to receive, to answer (the phone), to meet or welcome sb, to connect, to catch, to join, to extend, to take one's turn on duty, to take over for sb",,
郵局,邮局,jau4 guk6,yàuh guhk,"post office, CL:家, 個",,
銀行,银行,ngan4 hang4,ngành hàngh,"bank, CL:家, 個",,
警察,警察,ging2 caat3,gíng chaat,"police, police officer, CL:個",,
壞,坏,waai6,waaih,"bad, spoiled, broken, to break down, (suffix) to the utmost",,
幫忙,帮忙,bong1 mong4,bōng mòngh,"to help, to lend a hand, to do a favor, to do a good turn",,
計程車,计程车,gai3 cing4 ce1,gai chìngh chē,"taxi, cab (Tw)",,
車站,车站,ce1 zaam6,chē jaamh,"rail station, bus stop, CL:處, 個",,
火車,火车,fo2 ce1,fó chē,"train, CL:列, 節, 班, 趟",,
飛機,飞机,fei1 gei1,fēi gēi,"airplane, CL:架",,
飛機場,飞机场,fei1 gei1 coeng4,fēi gēi chèungh,"airport, (slang) flat chest, CL:處",,
馬路,马路,maa5 lou6,máh louh,"street, road, CL:條",,
十字路口,十字路口,sap6 zi6 lou6 hau2,sahp jih louh háu,"crossroads, intersection",,
對面,对面,deoi3 min6,deui minh,"(sitting) opposite, across (the street), directly in front, to be face to face",,
裡面,里面,leoi5 min6,léuih minh,"inside, interior",,
旅行,旅行,leoi5 hang4,léuih hàngh,"to travel, journey, trip, CL:趟, 次, 個",,
飯店,饭店,faan6 dim3,faanh dim,"restaurant, hotel, CL:家, 個",,
旅館,旅馆,leoi5 gun2,léuih gún,"hotel, CL:家",,
參觀,参观,caam1 gun1,chāam gūn,"to look around, to tour, to visit",,
地圖,地图,dei6 tou4,deih tòuh,"map, CL:張, 本",,
照相機,照相机,ziu3 soeng1 gei1,jiu sēung gēi,"camera, CL:個, 架, 部, 台, 隻",,
照相,照相,ziu3 soeng1,jiu sēung,to take a photograph,,
風景,风景,fung1 ging2,fūng gíng,"scenery, landscape, CL:個",,
頭,头,tau4,tàuh,"head, hair style, the top, end, beginning or end, a stub, remnant, chief, boss, side, aspect, first, leading, classifier for pigs or livestock, CL:個suffix for nouns",,
頭髮,头发,tau4 faat3,tàuh faat,hair (on the head),,
耳朵,耳朵,ji5 do2,yíh dó,"ear, CL:隻, 個, 對, handle (on a cup)",,
手指,手指,sau2 zi2,sáu jí,"finger, CL:個, 隻",,
肚子,肚子,tou5 zi2,tóuh jí,"belly, abdomen, stomach, CL:個",,
健康,健康,gin6 hong1,ginh hōng,"health, healthy",,
感冒,感冒,gam2 mou6,gám mouh,"to catch cold, (common) cold, CL:場, 次, (coll.) to be interested in (often used in the negative), (Tw) to detest, can't stand",,
生病,生病,saang1 beng6,sāang bengh,to fall ill,,
受傷,受伤,sau6 soeng1,sauh sēung,"to sustain injuries, wounded (in an accident etc), harmed",,
餓,饿,ngo6,ngoh,"to be hungry, hungry, to starve (sb)",,
渴,渴,hot3,hot,thirsty,,
舒服,舒服,syu1 fuk6,syū fuhk,"comfortable, feeling well",,
眼鏡,眼镜,ngaan5 geng3,ngáanh geng,"spectacles, eyeglasses, CL:副",,
痛,痛,tung3,tung,"ache, pain, sorrow, deeply, thoroughly",,
希望,希望,hei1 mong6,hēi mongh,"to wish for, to desire, hope, CL:個",,
商店,商店,soeng1 dim3,sēung dim,"store, shop, CL:家, 個",,
店,店,dim3,dim,"inn, shop, store, CL:家",,
重要,重要,cung4 jiu3,chùngh yiu,"important, significant, major",,
給,给,kap1,kāp,"to, for, for the benefit of, to give, to allow, to do sth (for sb), (grammatical equivalent of 被), (grammatical equivalent of 把), (sentence intensifier)to supply, to provide",,
公斤,公斤,gung1 gan1,gūng gān,kilogram (kg),,
顏色,颜色,ngaan4 sik1,ngàanh sīk,"color, countenance, appearance, facial expression, pigment, dyestuff",,
黃色,黄色,wong4 sik1,wòngh sīk,"yellow (color), pornographic",,
白色,白色,baak6 sik1,baahk sīk,"white, fig. reactionary, anti-communist",,
襪子,袜子,mat6 zi2,maht jí,"socks, stockings, CL:隻, 對, 雙",,
裙子,裙子,kwan4 zi2,kwành jí,"skirt, CL:條",,
短,短,dyun2,dyún,"short, brief, to lack, weak point, fault",,
小心,小心,siu2 sam1,síu sām,"to be careful, to take care",,
牛奶,牛奶,ngau4 naai5,ngàuh náaih,"cow's milk, CL:瓶, 杯",,
蛋,蛋,daan2,dáan,"variant of 蜑egg, CL:個, 打, oval-shaped thing",,
餃子,饺子,gaau2 zi2,gáau jí,"dumpling, pot-sticker, CL:個, 隻",,
麵,面,min6,minh,"flour, noodles, (of food) soft (not crunchy), (slang) (of a person) ineffectual, spineless",,
湯,汤,tong1,tōng,"surname Tangsoup, hot or boiling water, decoction of medicinal herbs, water in which sth has been boiled",,
包子,包子,baau1 zi2,bāau jí,"steamed stuffed bun, CL:個",,
蛋糕,蛋糕,daan2 gou1,dáan gōu,"cake, CL:塊, 個",,
麵包,面包,min6 baau1,minh bāau,"bread, CL:片, 袋, 塊",,
水果,水果,seoi2 gwo2,séui gwó,"fruit, CL:個",,
香蕉,香蕉,hoeng1 ziu1,hēung jīu,"banana, CL:枝, 根, 個, 把",,
食物,食物,sik6 mat6,sihk maht,"food, CL:種",,
飲料,饮料,jam2 liu2,yám líu,"drink, beverage",,
果汁,果汁,gwo2 zap1,gwó jāp,fruit juice,,Food
杯子,杯子,bui1 zi2,būi jí,"cup, glass, CL:個, 隻",,
多,多,do1,dō,"many, much, often, a lot of, numerous, more, in excess, how (to what extent), multi-, Taiwan pr. when it means ""how""",,
甜,甜,tim4,tìhm,sweet,,Food
菜單,菜单,coi3 daan1,choi dāan,"menu, CL:份, 張",,
巧克力,巧克力,haau2 hak1 lik6,háau hāk lihk,"chocolate (loanword), CL:塊",,
碗,碗,wun2,wún,"bowl, cup, CL:隻, 個",,
盤子,盘子,pun4 zi2,pùnh jí,"tray, plate, dish, CL:個",,
片,片,pin3,pin,"disk, sheetthin piece, flake, a slice, film, TV play, to slice, to carve thin, partial, incomplete, one-sided, classifier for slices, tablets, tract of land, area of water, classifier for CDs, movies, DVDs etc, used with numeral 一: classifier for scenario, scene, feeling, atmosphere, sound etc",,
一半,一半,jat1 bun3,yāt bun,half,,
過,过,gwo3,gwo,surname Guo(experienced action marker),,
一定,一定,jat1 ding6,yāt dingh,"surely, certainly, necessarily, fixed, a certain (extent etc), given, particular, must",,
我,我,ngo5,ngóh,"I, me, my",,
你,你,nei5,néih,"you (informal, as opposed to courteous 您)",,
他,他,taa1,tā,"he or him, (used for either sex when the sex is unknown or unimportant), (used before sb's name for emphasis), (used as a meaningless mock object), other, another",,
我們,我们,ngo5 mun4,ngóh mùnh,"we, us, ourselves, our",,
你們,你们,nei5 mun4,néih mùnh,you (plural),,
他們,他们,taa1 mun4,tā mùnh,they,,
您,您,nei5,néih,"you (courteous, as opposed to informal 你)",,
誰,谁,seoi4,sèuih,who,,
人,人,4-Jan,yành,"man, person, people, CL:個, 位",,
美國,美国,mei5 gwok3,méih gwok,"United States, USA, US",,
日本,日本,jat6 bun2,yaht bún,"Japan, Japanese",,
台灣,台湾,toi4 waan1,tòih wāan,variant of 臺灣湾,,
名字,名字,ming4 zi6,mìngh jih,"name (of a person or thing), CL:個",,
家,家,gaa1,gā,"home, family, (polite) my (sister, uncle etc), CL:個classifier for families or businessesrefers to the philosophical schools of pre-Han Chinanoun suffix for a specialist in some activity, such as a musician or revolutionary, corresponding to English -ist, -er, -ary or -iansurname Jia",,
電話,电话,din6 waa6,dinh wah,"telephone, CL:部, phone call, CL:通, phone number",,
現在,现在,jin6 zoi6,yinh joih,"now, at present, at the moment, modern, current, nowadays",,
今年,今年,gam1 nin4,gām nình,this year,,
今天,今天,gam1 tin1,gām tīn,"today, at the present, now",,
明天,明天,ming4 tin1,mìngh tīn,tomorrow,,Cantonese::Date&Time
昨天,昨天,zok6 tin1,johk tīn,yesterday,,
早上,早上,zou2 soeng5,jóu séungh,"early morning, CL:個",,
上午,上午,soeng5 ng5,séungh ngh,"morning, CL:個",,
中午,中午,zung1 ng5,jūng ngh,"noon, midday, CL:個",,
下午,下午,haa6 ng5,hah ngh,"afternoon, CL:個, p.m.",,
晚上,晚上,maan5 soeng5,máanh séungh,"evening, night, CL:個, in the evening",,
一,一,jat1,yāt,"one, 1, single, a (article), as soon as, entire, whole, all, throughout, ""one"" radical in Chinese characters (Kangxi radical 1)",,
二,二,ji6,yih,two,,
三,三,saam1,sāam,"surname Santhree, 3",,
四,四,sei3,sei,"four, 4",,
五,五,ng5,ngh,"five, 5",,
六,六,luk6,luhk,"six, 6",,
七,七,cat1,chāt,"seven, 7",,
八,八,baat3,baat,"eight, 8",,
九,九,gau2,gáu,"nine, 9",,Cantonese::neverForget
十,十,sap6,sahp,"ten, 10",,Cantonese::neverForget
零,零,ling4,lìngh,"zero, nought, zero sign, fractional, fragmentary, odd (of numbers), (placed between two numbers to indicate a smaller quantity followed by a larger one), fraction, (in mathematics) remainder (after division), extra, to wither and fall, to wither",,
兩,两,loeng5,léungh,"two, both, some, a few, tael, unit of weight equal to 50 grams (modern) or 1⁄16 of a catty 斤 (old)",,
時候,时候,si4 hau6,sìh hauh,"time, length of time, moment, period",,
百,百,baak3,baak,"surname Baihundred, numerous, all kinds of",,
半,半,bun3,bun,"half, semi-, incomplete, (after a number) and a half",,
爸爸,爸爸,baa1 baa1,bā bā,"(informal) father, CL:個, 位",,
媽媽,妈妈,maa1 maa1,mā mā,"mama, mommy, mother, CL:個, 位",,
哥哥,哥哥,go1 go1,gō gō,"older brother, CL:個, 位",,
弟弟,弟弟,dai6 dai6,daih daih,"younger brother, CL:個, 位",,
姊姊,姊姊,zi2 zi2,jí jí,"older sister, Taiwan pr.",,
妹妹,妹妹,mui6 mui6,muih muih,"younger sister, young woman, CL:個",,
的,的,dik1,dīk,"of, ~'s (possessive particle), (used after an attribute), (used to form a nominal expression), (used at the end of a declarative sentence for emphasis)aim, clear",,
第,第,dai6,daih,"(prefix indicating ordinal number, e.g. first, number two etc), order, (old) rank in the imperial examinations, mansion, (literary) but, just",,
點,点,dim2,dím,"point, dot, drop, speck, o'clock, point (in space or time), to draw a dot, to check on a list, to choose, to order (food in a restaurant), to touch briefly, to hint, to light, to ignite, to pour a liquid drop by drop, (old) one fifth of a two-hour watch 更, dot stroke in Chinese characters, classifier for items",,
個,个,go3,go,"individual, this, that, size, classifier for people or objects in general",,Cantonese::neverForget
歲,岁,seoi3,seui,"classifier for years (of age), year, year (of crop harvests)",,
年,年,nin4,nình,"surname Nianyear, CL:個",,
住,住,zyu6,jyuh,"to live, to dwell, to stay, to reside, to stop, (suffix indicating firmness, steadiness, or coming to a halt)",,
來,来,loi4,lòih,"to come, to arrive, to come round, ever since, next",,
是,是,si6,sih,"is, are, am, yes, to be",,Cantonese::neverForget
姓,姓,sing3,sing,"family name, surname, CL:個, to be surnamed",,
覺得,觉得,gok3 dak1,gok dāk,"to think, to feel",,
喜歡,喜欢,hei2 fun1,héi fūn,"to like, to be fond of",,
打電話,打电话,daa2 din6 waa6,dá dinh wah,to make a telephone call,,
高興,高兴,gou1 hing1,gōu hīng,"happy, glad, willing (to do sth), in a cheerful mood",,
漂亮,漂亮,piu1 loeng6,pīu leungh,"pretty, beautiful",,
高,高,gou1,gōu,"surname Gaohigh, tall, above average, loud, your (honorific)",,
好,好,ho2,hó,"good, well, proper, good to, easy to, very, so, (suffix indicating completion or readiness), (of two people) close, on intimate terms, (after a personal pronoun) helloto be fond of, to have a tendency to, to be prone to",,Cantonese::wrongaudio
很,很,han2,hán,"(adverb of degree), quite, very, awfully",,
真,真,zan1,jān,"really, truly, indeed, real, true, genuine",,
電腦,电脑,din6 nou5,dinh nóuh,"computer, CL:臺",,
老師,老师,lou5 si1,lóuh sī,"teacher, CL:個, 位",,
買,买,maai5,máaih,"to buy, to purchase",,
忙,忙,mong4,mòngh,"busy, hurriedly, to hurry, to rush",,
學生,学生,hok6 saang1,hohk sāang,"student, schoolchild",,
大學,大学,daai6 hok6,daaih hohk,"the Great Learning, one of the Four Books 四書书 in Confucianismuniversity, college, CL:所",,
學校,学校,hok6 haau6,hohk haauh,"school, CL:所",,
字,字,zi6,jih,"letter, symbol, character, word, CL:個, courtesy or style name traditionally given to males aged 20 in dynastic China",,
筆,笔,bat1,bāt,"pen, pencil, writing brush, to write or compose, the strokes of Chinese characters, classifier for sums of money, deals, CL:支, 枝",,
學,学,hok6,hohk,"to learn, to study, to imitate, science, -ology",,
問,问,man6,manh,to ask,,Cantonese Cantonese::Verbs
說,说,syut3,syut,"to persuadeto speak, to say, to explain, to scold, to tell off, a theory (typically the last character in a compound, as in 日心說心说 heliocentric theory)",,
寫,写,se2,sé,to write,,
聽,听,ting3,ting,"to listen, to hear, to obey, a can (loanword from English ""tin""), classifier for canned beverages(literary pronunciation, still advocated in Taiwan) to rule, to sentence, to allow",,
練習,练习,lin6 zaap6,linh jaahp,"to practice, exercise, drill, practice, CL:個",,
能,能,nang4,nàngh,"surname Nengcan, to be able to, might possibly, ability, (physics) energy",,
可以,可以,ho2 ji5,hó yíh,"can, may, possible, able to, not bad, pretty good",,
上課,上课,soeng5 fo3,séungh fo,"to go to class, to attend class, to go to teach a class",,
知道,知道,zi1 dou6,jī douh,"to know, to become aware of",,
電視,电视,din6 si6,dinh sih,"television, TV, CL:臺, 個",,
水,水,seoi2,séui,"surname Shuiwater, river, liquid, beverage, additional charges or income, (of clothes) classifier for number of washes",,
再,再,zoi3,joi,"again, once more, re-, second, another, then (after sth, and not until then), no matter how ... (followed by an adjective or verb, and then (usually) 也 or 都 for emphasis)",,
書,书,syu1,syū,"abbr. for 書經经book, letter, document, CL:本, 冊, 部, to write",,
電影,电影,din6 jing2,dinh yíng,"movie, film, CL:部, 片, 幕, 場",,
以前,以前,ji5 cin4,yíh chình,"before, formerly, previous, ago",,
以後,以后,ji5 hau6,yíh hauh,"after, later, afterwards, following, later on, in the future",,
走,走,zau2,jáu,"to walk, to go, to run, to move (of vehicle), to visit, to leave, to go away, to die (euph.), from, through, away (in compound verbs, such as 撤走), to change (shape, form, meaning)",,
等,等,dang2,dáng,"class, rank, grade, equal to, same as, to wait for, to await, et cetera, and so on, et al. (and other authors), after, as soon as, once",,
看,看,hon3,hon,"to look after, to take care of, to watch, to guardto see, to look at, to read, to watch, to visit, to call on, to consider, to regard as, to look after, to treat (an illness), to depend on, to feel (that), (after verb) to give it a try, Watch out! (for a danger)",,
什麼,什么,sam6 mo1,samh mō,"what?, something, anything",,
朋友,朋友,pang4 jau5,pàngh yáuh,"friend, CL:個, 位",,
東西,东西,dung1 sai1,dūng sāi,"east and westthing, stuff, person, CL:個, 件",,
吧,吧,baa1,bā,"bar (loanword) (serving drinks, or providing Internet access etc), to puff (on a pipe etc), (onom.) bang, abbr. for 貼吧吧(onom.) smack!",,
呢,呢,ne1,nē,"particle indicating that a previously asked question is to be applied to the preceding word (""What about ...?"", ""And ...?""), particle for inquiring about location (""Where is ...?""), particle signaling a pause, to emphasize the preceding words and allow the listener time to take them on board (""ok?"", ""are you with me?""), (at the end of a declarative sentence) particle indicating continuation of a state or action, particle indicating strong affirmationwoolen material",,
嗎,吗,maa1,mā,"see 嗎啡啡, morphine(question particle for ""yes-no"" questions)",,
找,找,zaau2,jáau,"to try to find, to look for, to call on sb, to find, to seek, to return, to give change",,
做,做,zou6,jouh,"to do, to make, to produce, to write, to compose, to act as, to engage in, to hold (a party), to be, to become, to function (in some capacity), to serve as, to be used for, to form (a bond or relationship), to pretend, to feign, to act a part, to put on appearance",,
再見,再见,zoi3 gin3,joi gin,"goodbye, see you again later",,
怎麼樣,怎么样,zam2 mo1 joeng6,jám mō yeungh,"how?, how about?, how was it?, how are things?",,
叫,叫,giu3,giu,"to shout, to call, to order, to ask, to be called, by (indicates agent in the passive mood)",,
謝謝,谢谢,ze6 ze6,jeh jeh,"to thank, thanks, thank you",,
對不起,对不起,deoi3 bat1 hei2,deui bāt héi,"unworthy, to let down, I'm sorry, excuse me, pardon me, if you please, sorry? (please repeat)",,
請問,请问,cing2 man6,chíng manh,"Excuse me, may I ask...?",,
這,这,ze5,jéh,"this, these",,
那,那,naa5,náh,"surname Na(archaic) many, beautiful, how, old variant of 挪",,
公共汽車,公共汽车,gung1 gung6 hei3 ce1,gūng gungh hei chē,"bus, CL:輛, 班",,
車,车,ce1,chē,"surname Chewar chariot (archaic), rook (in Chinese chess), rook (in chess)",,
到,到,dou3,dou,"to (a place), until (a time), up to, to go, to arrive, (verb complement denoting completion or result of an action)",,
去,去,heoi3,heui,"to go, to go to (a place), (of a time etc) last, just passed, to send, to remove, to get rid of, to reduce, to be apart from in space or time, to die (euphemism), to play (a part), (when used either before or after a verb) to go in order to do sth, (after a verb of motion indicates movement away from the speaker), (used after certain verbs to indicate detachment or separation)",,
回,回,wui4,wùih,"to circle, to go back, to turn around, to answer, to return, to revolve, Hui ethnic group (Chinese Muslims), time, classifier for acts of a play, section or chapter (of a classic book)",,
坐,坐,co5,chóh,"surname Zuoto sit, to take a seat, to take (a bus, airplane etc), to bear fruit, variant of 座",,
開車,开车,hoi1 ce1,hōi chē,to drive a car,,
錢,钱,cin2,chín,"surname Qiancoin, money, CL:筆, unit of weight, one tenth of a tael 兩",,
多少,多少,do1 siu2,dō síu,"number, amount, somewhathow much, how many, which (number), as much as",,
貴,贵,gwai3,gwai,"expensive, noble, precious, (honorific) your",,
便宜,便宜,bin6 ji4,binh yìh,"convenientcheap, inexpensive, small advantages, to let sb off lightly",,
大,大,daai6,daaih,"big, huge, large, major, great, wide, deep, older (than), oldest, eldest, greatly, very much, (dialect) father, father's elder or younger brothersee 大夫",,
小,小,siu2,síu,"small, tiny, few, young",,
難,难,naan4,nàanh,"difficult (to...), problem, difficulty, difficult, not gooddisaster, distress, to scold",,
容易,容易,jung4 ji6,yùngh yih,"easy, likely, liable (to)",,
有,有,jau5,yáuh,"to have, there is, there are, to exist, to be",,
想,想,soeng2,séung,"to think, to believe, to suppose, to wish, to want, to miss (feel wistful about the absence of sb or sth)",,
幾,几,gei2,géi,"almosthow much, how many, several, a few",,
塊,块,faai3,faai,"lump (of earth), chunk, piece, classifier for pieces of cloth, cake, soap etc, (coll.) classifier for money and currency units",,
飯,饭,faan6,faanh,"food, cuisine, cooked rice, meal, CL:碗, 頓",,
吃,吃,hek3,hek,"to eat, to consume, to eat at (a cafeteria etc), to eradicate, to destroy, to absorb, to suffer, to stammer (Taiwan pr. for this sense is )",,
請,请,cing2,chíng,"to ask, to invite, please (do sth), to treat (to a meal etc), to request",,
也,也,jaa5,yáh,"surname Yealso, too, (in Classical Chinese) final particle implying affirmation",,
不,不,bat1,bāt,"(negative prefix), not, no",,
沒,没,mut6,muht,"(negative prefix for verbs), have not, notdrowned, to end, to die, to inundate",,
都,都,dou1,dōu,"surname Ducapital city, metropolis",,
只,只,zi2,jí,"only, merely, just, but",,
可是,可是,ho2 si6,hó sih,"but, however, (used for emphasis) indeed",,
還是,还是,waan4 si6,wàanh sih,"or, still, nevertheless, had better",,
了,了,liu5,líuh,"(modal particle intensifying preceding clause), (completed action marker)to finish, to achieve, variant of 瞭, to understand clearly",,
得,得,dak1,dāk,"to obtain, to get, to gain, to catch (a disease), proper, suitable, proud, contented, to allow, to permit, ready, finishedto have to, must, ought to, to need to",,
男,男,naam4,nàamh,"male, Baron, lowest of five orders of nobility 五等爵位, CL:個",,
女,女,neoi5,néuih,"female, woman, daughterarchaic variant of 汝",,
孩子,孩子,haai4 zi2,hàaih jí,child,,
小姐,小姐,siu2 ze2,síu jé,"young lady, miss, (slang) prostitute, CL:個, 位",,
先生,先生,sin1 saang1,sīn sāang,"Mister (Mr.)teacher, husband, doctor (dialect), CL:位",,
太太,太太,taai3 taai3,taai taai,"married woman, Mrs., Madam, wife, CL:個, 位",,
女兒,女儿,neoi5 ji4,néuih yìh,daughter,,
兒子,儿子,ji4 zi2,yìh jí,son,,
大家,大家,daai6 gaa1,daaih gā,"everyone, influential family, great expert",,
路,路,lou6,louh,"surname Luroad, CL:條, journey, route, line (bus etc), sort, kind",,
手機,手机,sau2 gei1,sáu gēi,"cell phone, mobile phone, CL:部, 支",,
號碼,号码,hou6 maa5,houh máh,"number, CL:堆, 個",,
明年,明年,ming4 nin4,mìngh nình,next year,,
去年,去年,heoi3 nin4,heui nình,last year,,
生日,生日,saang1 jat6,sāang yaht,"birthday, CL:個",,
月,月,jyut6,yuht,"moon, month, monthly, CL:個, 輪",,
日,日,jat6,yaht,"abbr. for 日本, Japansun, day, date, day of the month",,
星期,星期,sing1 kei4,sīng kèih,"week, CL:個, day of the week, Sunday",,
星期天,星期天,sing1 kei4 tin1,sīng kèih tīn,"Sunday, CL:個",,
週末,周末,zau1 mut6,jāu muht,weekend,,Cantonese::Date&Time
號,号,hou6,houh,"roar, cry, CL:個ordinal number, day of a month, mark, sign, business establishment, size, ship suffix, horn (wind instrument), bugle call, assumed name, to take a pulse, classifier used to indicate number of people",,
從,从,cung4,chùngh,"surname Congfrom, through, via, to follow, to obey, to engage in (an activity), never (in negative sentence), (Taiwan pr. ) retainer, assistant, auxiliary, subordinate, related by common paternal grandfather or earlier ancestor",,
笑,笑,siu3,siu,"laugh, smile, CL:個",,
愛,爱,ngoi3,ngoi,"to love, to be fond of, to like, affection, to be inclined (to do sth), to tend to (happen)",,
好看,好看,hou2 hon3,hóu hon,"good-looking, nice-looking, good (of a movie, book, TV show etc), embarrassed, humiliated",,
快樂,快乐,faai3 lok6,faai lohk,"happy, merry",,
太,太,taai3,taai,"highest, greatest, too (much), very, extremely",,
非常,非常,fei1 soeng4,fēi sèungh,"very, very much, unusual, extraordinary",,
工作,工作,gung1 zok3,gūng jok,"to work, (of a machine) to operate, job, work, task, CL:個, 份, 項",,
醫生,医生,ji1 saang1,yī sāang,"doctor, CL:個, 位, 名",,
醫院,医院,ji1 jyun2,yī yún,"hospital, CL:所, 家, 座",,
公司,公司,gung1 si1,gūng sī,"(business) company, company, firm, corporation, incorporated, CL:家",,
賣,卖,maai6,maaih,"to sell, to betray, to spare no effort, to show off or flaunt",,
準備,准备,zeon2 bei6,jéun beih,"preparation, to prepare, to intend, to be about to, reserve (fund)",,
一點,一点,jat1 dim2,yāt dím,"a bit, a little, one dot, one point",,
一些,一些,jat1 se1,yāt sē,"some, a few, a little, (following an adjective) slightly ...er",,
本,本,bun2,bún,"root, stem, origin, source, this, the current, original, inherent, originallyclassifier for books, periodicals, files etc",,
張,张,zoeng1,jēung,"surname Zhangto open up, to spread, sheet of paper, classifier for flat objects, sheet, classifier for votes",,
中學,中学,zung1 hok6,jūng hohk,"middle school, CL:個",,
年級,年级,nin4 kap1,nình kāp,"grade, year (in school, college etc), CL:個",,
英文,英文,jing1 man4,yīng mành,English (language),,
紙,纸,zi2,jí,"paper, CL:張, 沓, classifier for documents, letter etc",,
問題,问题,man6 tai4,manh tàih,"question, problem, issue, topic, CL:個",,
意思,意思,ji3 si1,yi sī,"idea, opinion, meaning, wish, desire, interest, fun, token of appreciation, affection etc, CL:個, to give as a small token, to do sth as a gesture of goodwill etc",,
圖書館,图书馆,tou4 syu1 gun2,tòuh syū gún,"library, CL:家, 個",,
數學,数学,sou3 hok6,sou hohk,"mathematics, mathematical",,
歷史,历史,lik6 si2,lihk sí,"history, CL:門, 段",,
餐廳,餐厅,caan1 teng1,chāan tēng,"dining hall, dining room, restaurant, CL:間, 家",,
學習,学习,hok6 zaap6,hohk jaahp,"to learn, to study",,
參加,参加,sam1 gaa1,sām gā,"to participate, to take part, to join",,
畫,画,waa2,wá,"to draw, picture, painting, CL:幅, 張, classifier for paintings etc, variant of 劃",,
讀,读,duk6,duhk,"comma, phrase marked by pauseto read, to study, reading of word (i.e. pronunciation), similar to 拼音",,
會,会,wui2,wúi,"can, to be possible, to be able to, will, to be likely to, to be sure to, to assemble, to meet, to gather, to see, union, group, association, CL:個, a moment (Taiwan pr. for this sense is )to balance an account, accountancy, accounting",,
有趣,有趣,jau5 ceoi3,yáuh cheui,"interesting, fascinating, amusing",,
為什麼,为什么,wai4 sam6 mo1,wàih samh mō,"why?, for what reason?",,
下課,下课,haa6 fo3,hah fo,"to finish class, to get out of class",,
說話,说话,syut3 waa6,syut wah,"to speak, to say, to talk, to gossip, to tell stories, talk, word",,
懂,懂,dung2,dúng,"to understand, to comprehend",,
天氣,天气,tin1 hei3,tīn hei,weather,,
房子,房子,fong4 zi2,fòngh jí,"house, building (single- or two-story), apartment, room, CL:棟, 幢, 座, 套, 間",,
門,门,mun4,mùnh,"surname Mengate, door, CL:扇, gateway, doorway, CL:個, opening, valve, switch, way to do something, knack, family, house, (religious) sect, school (of thought), class, category, phylum or division (taxonomy), classifier for large guns, classifier for lessons, subjects, branches of technology, (suffix) -gate (i.e. scandal",derived from Watergate),
山,山,saan1,sāan,"surname Shanmountain, hill, anything that resembles a mountain, CL:座, bundled straw in which silkworms spin cocoons, gable",,
客廳,客厅,haak3 teng1,haak tēng,"drawing room (room for arriving guests), living room, CL:間",,
河,河,ho4,hòh,"river, CL:條, 道",,
狗,狗,gau2,gáu,"dog, CL:隻, 條",,
花,花,faa1,fā,"surname Huaflower, blossom, CL:朵, 支, 束, 把, 盆, 簇, fancy pattern, florid, to spend (money, time)",,
風,风,fung1,fūng,"wind, news, style, custom, manner, CL:陣, 絲",,
海,海,hoi2,hói,"surname Haiocean, sea, CL:個, 片, great number of people or things, (dialect) numerous",,
魚,鱼,jyu4,yùh,"surname Yufish, CL:條, 尾",,
樹,树,syu6,syuh,"tree, CL:棵, to cultivate, to set up",,
開,开,hoi1,hōi,"to open, to start, to turn on, to boil, to write out (a prescription, check, invoice etc), to operate (a vehicle), carat (gold), abbr. for Kelvin, 開爾文尔文, abbr. for 開本本, book format",,
冷,冷,laang5,láangh,surname Lengcold,,
熱,热,jit6,yiht,"to warm up, to heat up, hot (of weather), heat, fervent",,
洗澡,洗澡,sai2 zou2,sái jóu,"to bathe, to take a shower",,
咖啡,咖啡,gaa1 fe1,gā fē,"coffee (loanword), CL:杯",,
茶,茶,caa4,chàh,"tea, tea plant, CL:杯, 壺",,
生活,生活,saang1 wut6,sāang wuht,"life, activity, to live, livelihood",,
用,用,jung6,yungh,"to use, to employ, to have to, to eat or drink, expense or outlay, usefulness, hence, therefore",,
洗,洗,sai2,sái,"to wash, to bathe, to develop (photo)",,
穿,穿,cyun1,chyūn,"to wear, to put on, to dress, to bore through, to pierce, to perforate, to penetrate, to pass through, to thread",,
起床,起床,hei2 cong4,héi chòngh,"to get out of bed, to get up",,
方便,方便,fong1 bin6,fōng binh,"convenient, suitable, to facilitate, to make things easy, having money to spare, (euphemism) to relieve oneself",,
睡覺,睡觉,seoi6 gok3,seuih gok,"to go to bed, to sleep",,
先,先,sin1,sīn,"early, prior, former, in advance, first",,
常常,常常,soeng4 soeng4,sèungh sèungh,"frequently, often",,
每,每,mui5,múih,"each, every",,
次,次,ci3,chi,"next in sequence, second, the second (day, time etc), secondary, vice-, sub-, infra-, inferior quality, substandard, order, sequence, hypo- (chemistry), classifier for enumerated events: time",,
音樂,音乐,jam1 lok6,yām lohk,"music, CL:張, 曲, 段",,
票,票,piu3,piu,"ticket, ballot, banknote, CL:張, person held for ransom, amateur performance of Chinese opera, classifier for groups, batches, business transactions",,
照片,照片,ziu3 pin3,jiu pin,"photograph, picture, CL:張, 套, 幅",,
打,打,daa2,dá,"dozen (loanword)to beat, to strike, to hit, to break, to type, to mix up, to build, to fight, to fetch, to make, to tie up, to issue, to shoot, to calculate, to play (a game), since, from",,
玩,玩,waan2,wáan,"to play, to have fun, to trifle with, toy, sth used for amusement, curio or antique (Taiwan pr. ), to keep sth for entertainment",,
跑,跑,paau2,páau,"(of an animal) to paw (the ground)to run, to run away, to escape, to run around (on errands etc), (of a gas or liquid) to leak or evaporate, (verb complement) away, off",,
開始,开始,hoi1 ci2,hōi chí,"to begin, beginning, to start, initial, CL:個",,
走路,走路,zau2 lou6,jáu louh,"to walk, to go on foot",,
唱歌,唱歌,coeng3 go1,cheung gō,to sing a song,,
信,信,seon3,seun,"letter, mail, CL:封, to trust, to believe, to profess faith in, truthful, confidence, trust, at will, at random",,
喂,喂,wai3,wai,"hello (when answering the phone)hey, to feed (an animal, baby, invalid etc)",,
介紹,介绍,gaai3 siu6,gaai siuh,"to introduce (sb to sb), to give a presentation, to present (sb for a job etc), introduction",,
換,换,wun6,wunh,"to exchange, to change (clothes etc), to substitute, to switch, to convert (currency)",,
認識,认识,jing6 sik1,yingh sīk,"to know, to recognize, to be familiar with, to get acquainted with sb, knowledge, understanding, awareness, cognition",,
沒關係,没关系,mut6 gwaan1 hai6,muht gwāan haih,it doesn't matter,,
怎麼,怎么,zam2 mo1,jám mō,"how?, what?, why?",,
哪,哪,naa5,náh,"how, whichwhich? (interrogative, followed by classifier or numeral-classifier)",,
哪裡,哪里,naa5 leoi5,náh léuih,"where?, somewhere, anywhere, wherever, nowhere (negative answer to question), humble expression denying compliment",,
這裡,这里,ze5 leoi5,jéh léuih,here,,
那裡,那里,naa5 leoi5,náh léuih,"there, that place",,
上,上,soeng5,séungh,"see 上聲声on top, upon, above, upper, previous, first (of multiple parts), to climb, to get onto, to go up, to attend (class or university)",,Cantonese::neverForget
下,下,haa6,hah,"down, downwards, below, lower, later, next (week etc), second (of two parts), to decline, to go down, to arrive at (a decision, conclusion etc), measure word to show the frequency of an action",,
外,外,ngoi6,ngoih,"outside, in addition, foreign, external",,
前,前,cin4,chình,"front, forward, ahead, first, top (followed by a number), future, ago, before, BC (e.g. 前293年), former, formerly",,
後,后,hau6,hauh,"back, behind, rear, afterwards, after, later, post-",,Cantonese::neverForget
右邊,右边,jau6 bin1,yauh bīn,"right side, right, to the right",,
左邊,左边,zo2 bin1,jó bīn,"left, the left side, to the left of",,
旁邊,旁边,pong4 bin1,pòngh bīn,"lateral, side, to the side, beside",,
中間,中间,zung1 gaan1,jūng gāan,"between, intermediate, mid, middle",,
地鐵,地铁,dei6 tit3,deih tit,"subway, metro",,
地方,地方,dei6 fong1,deih fōng,"region, regional (away from the central administration), localarea, place, space, room, territory, CL:處, 個, 塊",,
附近,附近,fu6 gan6,fuh ganh,"(in the) vicinity, nearby, neighboring, next to",,
離,离,lei4,lèih,"surname Lito leave, to part from, to be away from, (in giving distances) from, without (sth), independent of, one of the Eight Trigrams 八卦, symbolizing fire, ☲",,
往,往,wong5,wóngh,"to go (in a direction), to, towards, (of a train) bound for, past, previous",,
送,送,sung3,sung,"to deliver, to carry, to give (as a present), to present (with), to see off, to send",,
帶,带,daai3,daai,"band, belt, girdle, ribbon, tire, area, zone, region, CL:條, to wear, to carry, to take along, to bear (i.e. to have), to lead, to bring, to look after, to raise",,
放,放,fong3,fong,"to put, to place, to release, to free, to let go, to let out, to set off (fireworks)",,
拿,拿,naa4,nàh,"to hold, to seize, to catch, to apprehend, to take, (used in the same way as 把: to mark the following noun as a direct object)",,
進來,进来,zeon3 loi4,jeun lòih,to come in,,
出去,出去,ceot1 heoi3,chēut heui,to go out,,
站,站,zaam6,jaamh,"station, to stand, to halt, to stop, branch of a company or organization, website",,
快,快,faai3,faai,"rapid, quick, speed, rate, soon, almost, to make haste, clever, sharp (of knives or wits), forthright, plainspoken, gratified, pleased, pleasant",,
慢,慢,maan6,maanh,slow,,Cantonese::CantoneseClass101
近,近,gan6,ganh,"near, close to, approximately",,
遠,远,jyun5,yúnh,"far, distant, remote, (intensifier in a comparison) by far, much (lower etc)to distance oneself from (classical)",,
手,手,sau2,sáu,"hand, (formal) to hold, person engaged in certain types of work, person skilled in certain types of work, personal(ly), convenient, classifier for skill, CL:雙, 隻",,
身體,身体,san1 tai2,sān tái,"the body, one's health, CL:具, 個, in person",,
眼睛,眼睛,ngaan5 zing1,ngáanh jīng,"eye, CL:隻, 雙",,
藥,药,joek6,yeuhk,"medicine, drug, substance used for a specific purpose (e.g. poisoning, explosion, fermenting), CL:種, 服, 味, to poison",,
累,累,leoi6,leuih,"to accumulate, to involve or implicate (Taiwan pr. ), continuous, repeatedtired, weary, to strain, to wear out, to work hard",,
雙,双,soeng1,sēung,"surname Shuangtwo, double, pair, both, even (number)",,
元,元,jyun4,yùnh,"surname Yuan, the Yuan or Mongol dynasty (1279-1368)currency unit (esp. Chinese yuan), first, original, primary, fundamental, constituent, part, era (of a reign), meta- (prefix), (math.) argument, variable, (Tw) (geology) eon",,
鞋子,鞋子,haai4 zi2,hàaih jí,shoe,,
褲子,裤子,fu3 zi2,fu jí,"trousers, pants, CL:條",,
市場,市场,si5 coeng4,síh chèungh,"marketplace, market (also in abstract)",,
衣服,衣服,ji1 fuk6,yī fuhk,"clothes, CL:件, 套",,
比,比,bei2,béi,"Belgium, Belgian, abbr. for 比利時利时to associate with, to be near",,
要,要,jiu3,yiu,"to demand, to request, to coerceimportant, vital, to want, to ask for, will, going to (as future auxiliary), may, must, (used in a comparison) must be, probably, if",,
長,长,coeng4,chèungh,"length, long, forever, always, constantlychief, head, elder, to grow, to develop, to increase, to enhance",,
新,新,san1,sān,"abbr. for Xinjiang 新疆 or Singapore 新加坡, surname Xinnew, newly, meso- (chemistry)",,
一樣,一样,jat1 joeng6,yāt yeungh,"same, like, equal to, the same as, just like",,
好吃,好吃,hou2 hek3,hóu hek,"tasty, deliciousto be fond of eating, to be gluttonous",,
件,件,gin6,ginh,"item, component, classifier for events, things, clothes etc",,
杯,杯,bui1,būi,"cup, trophy cup, classifier for certain containers of liquids: glass, cup",,
瓶,瓶,ping4,pìngh,"bottle, vase, pitcher, CL:個, classifier for wine and liquids",,
菜,菜,coi3,choi,"dish (type of food), vegetable, cuisine, CL:盤, 道, (coll.) (one's) type, (of one's skills etc) weak, poor",,
蘋果,苹果,ping4 gwo2,pìngh gwó,"apple, CL:個, 顆",,
肉,肉,juk6,yuhk,"meat, flesh, pulp (of a fruit), (coll.) (of a fruit) squashy, (of a person) flabby, irresolute",,
酒,酒,zau2,jáu,"wine (esp. rice wine), liquor, spirits, alcoholic beverage, CL:杯, 瓶, 罐, 桶, 缸",,
喝,喝,hot3,hot,"to drink, My goodness!to shout loudly",,
少,少,siu2,síu,"few, less, to lack, to be missing, to stop (doing sth), seldomyoung",,
一起,一起,jat1 hei2,yāt héi,"in the same place, together, with, altogether (in total)",,
因為,因为,jan1 wai4,yān wàih,"because, owing to, on account of",,
和,和,wo4,wòh,"surname He, Japanese (food, clothes etc)to mix (ingredients) together, to blend, classifier for rinses of clothes, classifier for boilings of medicinal herbs",,
所以,所以,so2 ji5,só yíh,"therefore, as a result, so, the reason why",,
跟,跟,gan1,gān,"heel, to follow closely, to go with, (of a woman) to marry sb, with, compared with, to, towards, and (joining two nouns)",,
著,著,"zyu3, zoek3","jyu, jeuk",aspect particle indicating action in progressto touch,"to come in contact with; to feel; to be affected by; to catch fire; to burn; (coll.) to fall asleep; (after a verb) hitting the mark; succeeding into wear (clothes); to contact; to use; to apply(chess) move, trick, all right!, (dialect) to add",
可能,可能,ho2 nang4,hó nàngh,"might (happen), possible, probable, possibility, probability, maybe, perhaps, CL:個",,
出生,出生,ceot1 saang1,chēut sāang,to be born,,
國,国,gwok3,gwok,"surname Guocountry, nation, state, national, CL:個",,
不同,不同,bat1 tung4,bāt tùngh,"different, distinct, not the same, not alike",,
地址,地址,dei6 zi2,deih jí,"address, CL:個",,
市,市,si5,síh,"market, city, CL:個",,
傳真,传真,cyun4 zan1,chyùnh jān,"fax, facsimile",,
留言,留言,lau4 jin4,làuh yình,"to leave a message, to leave one's comments, message",,
日期,日期,jat6 kei4,yaht kèih,"date, CL:個",,
時間,时间,si4 gaan1,sìh gāan,"time, period, CL:段",,
鐘頭,钟头,zung1 tau4,jūng tàuh,"hour, CL:個",,
晚,晚,maan5,máanh,"evening, night, late",,
夜,夜,je6,yeh,night,,
禮拜,礼拜,lai5 baai3,láih baai,"week, religious service, worship, CL:個",,
禮拜天,礼拜天,lai5 baai3 tin1,láih baai tīn,Sunday,,
前天,前天,cin4 tin1,chình tīn,the day before yesterday,,
後天,后天,hau6 tin1,hauh tīn,"the day after tomorrow, acquired (not innate), a posteriori",,
從前,从前,cung4 cin4,chùngh chình,"previously, formerly, once upon a time",,
夏,夏,haa6,hah,"summerthe Xia or Hsia dynasty c. 2000 BC, Xia of the Sixteen Kingdoms (407-432)surname Xia",,
冬,冬,dung1,dūng,winter,,
秋,秋,cau1,chāu,"surname Qiuautumn, fall, harvest time",,
春,春,ceon1,chēun,"surname Chunspring (season), gay, joyful, youthful, love, lust, life",,
一會兒,一会儿,jat1 wui2 ji4,yāt wúi yìh,"a moment, a while, in a moment, now...now...",,
不久,不久,bat1 gau2,bāt gáu,"not long (after), before too long, soon, soon after",,
剛剛,刚刚,gong1 gong1,gōng gōng,"just recently, just a moment ago",,
剛才,刚才,gong1 coi4,gōng chòih,"just now, a moment ago",,
當然,当然,dong1 jin4,dōng yình,"only natural, as it should be, certainly, of course, without doubt",,
自己,自己,zi6 gei2,jih géi,"oneself, one's own",,
別人,别人,bit6 jan4,biht yành,"other people, others, other person",,
年紀,年纪,nin4 gei2,nình géi,"age, CL:把, 個",,
男人,男人,naam4 jan4,nàamh yành,"a man, a male, men, CL:個",,
女人,女人,neoi5 jan4,néuih yành,womanwife,,
大人,大人,daai6 jan4,daaih yành,"adult, grownup, title of respect toward superiors",,
老人,老人,lou5 jan4,lóuh yành,"old man or woman, the elderly, one's aged parents or grandparents",,
習慣,习惯,zaap6 gwaan3,jaahp gwaan,"habit, custom, usual practice, to be used to, CL:個",,
家庭,家庭,gaa1 ting4,gā tìngh,"family, household, CL:戶, 個",,
父親,父亲,fu6 can1,fuh chān,"father , CL:個",,
母親,母亲,mou5 can1,móuh chān,"mother, CL:個",,
父母,父母,fu6 mou5,fuh móuh,"father and mother, parents",,
爺爺,爷爷,je4 je4,yèh yèh,"(coll.) father's father, paternal grandfather, CL:個",,
奶奶,奶奶,naai5 naai5,náaih náaih,"(informal) grandma (paternal grandmother), (respectful) mistress of the house, CL:位, (coll.) boobies, breasts",,
關係,关系,gwaan1 hai6,gwāan haih,"relation, relationship, to concern, to affect, to have to do with, guanxi, CL:個",,
教堂,教堂,gaau3 tong4,gaau tòngh,"church, chapel, CL:間",,
最,最,zeoi3,jeui,"most, the most, -est (superlative suffix)",,
更,更,gang3,gang,"to change or replace, to experience, one of the five two-hour periods into which the night was formerly divided, watch (e.g. of a sentry or guard)more, even more, further, still, still more",,
愉快,愉快,jyu4 faai3,yùh faai,"cheerful, cheerily, delightful, pleasant, pleasantly, pleasing, happy, delighted",,
開心,开心,hoi1 sam1,hōi sām,"to feel happy, to rejoice, to have a great time, to make fun of sb",,
著急,著急,zoek6 gap1,jeuhk gāp,"to worry, to feel anxious, Taiwan pr.",,
擔心,担心,daam1 sam1,dāam sām,"anxious, worried, uneasy, to worry, to be anxious",,
生氣,生气,saang1 hei3,sāang hei,"to get angry, to take offense, angry, vitality, liveliness",,
怕,怕,paa3,pa,"to be afraid, to fear, to dread, to be unable to endure, perhapssurname Pa",,
哭,哭,huk1,hūk,"to cry, to weep",,
難過,难过,naan4 gwo3,nàanh gwo,"to feel sad, to feel unwell, (of life) to be difficult",,
傷心,伤心,soeng1 sam1,sēung sām,"to grieve, to be broken-hearted, to feel deeply hurt",,
美,美,mei5,méih,"the Americas, abbr. for 美洲, USA, abbr. for 美國国beautiful, very satisfactory, good, to beautify, to be pleased with oneself",,
美麗,美丽,mei5 lai6,méih laih,beautiful,,
聰明,聪明,cung1 ming4,chūng mìngh,"intelligent, clever, bright, smart, acute (of sight and hearing)",,
認真,认真,jing6 zan1,yingh jān,"conscientious, earnest, serious, to take seriously, to take to heart",,
勇敢,勇敢,jung5 gam2,yúngh gám,"brave, courageous",,
禮貌,礼貌,lai5 maau6,láih maauh,"courtesy, manners",,
害羞,害羞,hoi6 sau1,hoih sāu,"shy, embarrassed, bashful",,
應該,应该,jing3 goi1,ying gōi,"ought to, should, must",,
相信,相信,soeng1 seon3,sēung seun,"to be convinced (that sth is true), to believe, to accept sth as true",,
經驗,经验,ging1 jim6,gīng yimh,"experience, to experience",,
關心,关心,gwaan1 sam1,gwāan sām,"to be concerned about, to care about",,
辛苦,辛苦,san1 fu2,sān fú,"exhausting, hard, tough, arduous, to work hard, to go to a lot of trouble, hardship(s)",,
願意,愿意,jyun6 ji3,yunh yi,"to wish, to want, ready, willing (to do sth)",,
心情,心情,sam1 cing4,sām chìngh,"mood, frame of mind, CL:個",,
幸福,幸福,hang6 fuk1,hangh fūk,"happiness, happy, blessed",,
可憐,可怜,ho2 lin4,hó lình,"pitiful, pathetic, to have pity on",,
差,差,caa1,chā,"difference, discrepancy, to differ, error, to err, to make a mistaketo send, to commission, messenger, mission",,
職業,职业,zik1 jip6,jīk yihp,"occupation, profession, vocation, professional",,
教師,教师,gaau3 si1,gaau sī,"teacher, CL:個",,
經理,经理,ging1 lei5,gīng léih,"manager, director, CL:個, 位, 名",,
記者,记者,gei3 ze2,gei jé,"reporter, journalist, CL:個",,
服務員,服务员,fuk6 mou6 jyun4,fuhk mouh yùnh,"waiter, waitress, attendant, customer service personnel, CL:個, 位",,
顧客,顾客,gu3 haak3,gu haak,"client, customer, CL:位",,
教書,教书,gaau3 syu1,gaau syū,to teach (in a school),,
開會,开会,hoi1 wui2,hōi wúi,"to hold a meeting, to attend a meeting",,
下班,下班,haa6 baan1,hah bāan,"to finish work, to get off work",,
危險,危险,ngai4 him2,ngàih hím,"danger, dangerous",,
安全,安全,ngon1 cyun4,ngōn chyùnh,"safe, secure, safety, security",,
成功,成功,sing4 gung1,sìngh gūng,"Chenggong or Chengkung town in Taitung County 臺東縣东县, southeast Taiwansuccess, to succeed, CL:次, 個",,
報告,报告,bou3 gou3,bou gou,"to inform, to report, to make known, report, speech, talk, lecture, CL:篇, 份, 個, 通",,
打算,打算,daa2 syun3,dá syun,"to plan, to intend, to calculate, plan, intention, calculation, CL:個",,
機會,机会,gei1 wui2,gēi wúi,"opportunity, chance, occasion, CL:個",,
當,当,dong1,dōng,"to be, to act as, manage, withstand, when, during, ought, should, match equally, equal, same, obstruct, just at (a time or place), on the spot, right, just atat or in the very same..., suitable, adequate, fitting, proper, to replace, to regard as, to think, to pawn, (coll.) to fail (a student)",,
如果,如果,jyu4 gwo2,yùh gwó,"if, in case, in the event that",,
計畫,计划,gai3 waa2,gai wá,variant of 計劃划 [n] plan,programme; project [v] plan; map out; scheme,
努力,努力,nou5 lik6,nóuh lihk,"great effort, to strive, to try hard",,
管理,管理,gun2 lei5,gún léih,"to supervise, to manage, to administer, management, administration, CL:個",,
學院,学院,hok6 jyun2,hohk yún,"college, educational institute, school, faculty, CL:所",,
小學生,小学生,siu2 hok6 saang1,síu hohk sāang,"primary school student, schoolchild, CL:個, 名, (fig.) beginner",,
大學生,大学生,daai6 hok6 saang1,daaih hohk sāang,"university student, college student",,
同學,同学,tung4 hok6,tùngh hohk,"to study at the same school, fellow student, classmate, CL:位, 個",,
校長,校长,haau6 coeng4,haauh chèungh,"(college, university) president, headmaster, CL:個, 位, 名",,
放假,放假,fong3 gaa3,fong ga,to have a holiday or vacation,,
畢業,毕业,bat1 jip6,bāt yihp,"graduation, to graduate, to finish school",,
開學,开学,hoi1 hok6,hōi hohk,"foundation of a University or College, school opening, the start of a new term",,
成績,成绩,sing4 zik1,sìngh jīk,"achievement, performance records, grades, CL:項, 個",,
學期,学期,hok6 kei4,hohk kèih,"term, semester, CL:個",,
學費,学费,hok6 fai3,hohk fai,"tuition fee, tuition, CL:個",,
暑假,暑假,syu2 gaa3,syú ga,"summer vacation, CL:個",,
寒假,寒假,hon4 gaa3,hònh ga,winter vacation,,
服務,服务,fuk6 mou6,fuhk mouh,"to serve, service, CL:項",,
宿舍,宿舍,suk1 se3,sūk se,"dormitory, dorm room, living quarters, hostel, CL:間",,
操場,操场,cou1 coeng4,chōu chèungh,"playground, sports field, drill ground, CL:個",,
校園,校园,haau6 jyun4,haauh yùnh,campus,,
中文,中文,zung1 man4,jūng mành,Chinese language,,
文化,文化,man4 faa3,mành fa,"culture, civilization, cultural, CL:個, 種",,
語法,语法,jyu5 faat3,yúh faat,grammar,,
漢語,汉语,hon3 jyu5,hon yúh,"Chinese language, CL:門",,
書法,书法,syu1 faat3,syū faat,"calligraphy, handwriting, penmanship",,
班,班,baan1,bāan,"team, class, squad, work shift, ranking, CL:個, classifier for groupssurname Ban",,
書桌,书桌,syu1 coek3,syū cheuk,"desk, CL:張",,
課,课,fo3,fo,"subject, course, CL:門, class, lesson, CL:堂, 節, to levy, tax, form of divination",,
字典,字典,zi6 din2,jih dín,"dictionary, character dictionary, CL:本",,
漢字,汉字,hon3 zi6,hon jih,"Chinese character, CL:個, Japanese: kanji, Korean: hanja, Vietnamese: hán tự",,
鉛筆,铅笔,jyun4 bat1,yùnh bāt,"(lead) pencil, CL:支, 枝, 桿",,
尺,尺,cek3,chek,"one of the characters used to represent a musical note in gongche notation, 工尺譜尺谱a Chinese foot, one-third of a meter, a ruler, a tape-measure, one of the three acupoints for measuring pulse in Chinese medicine, CL:支, 把",,
毛筆,毛笔,mou4 bat1,mòuh bāt,"writing brush, CL:枝, 管",,
教,教,gaau3,gaau,"surname Jiaoreligion, teaching, to make, to cause, to tell",,
講,讲,gong2,góng,"to speak, to explain, to negotiate, to emphasise, to be particular about, as far as sth is concerned, speech, lecture",,
講話,讲话,gong2 waa6,góng wah,"a speech, to speak, to talk, to address, CL:個",,
告訴,告诉,gou3 sou3,gou sou,"to press charges, to file a complaintto tell, to inform, to let know",,
念,念,nim6,nimh,"to read, to study (a subject), to attend (a school), to read aloud, to miss (sb), idea, remembrance, twenty (banker's anti-fraud numeral corresponding to 廿, 20)",,
討論,讨论,tou2 leon6,tóu leunh,"to discuss, to talk over, CL:個",,
認為,认为,jing6 wai4,yingh wàih,"to believe, to think, to consider, to feel",,
解釋,解释,gaai2 sik1,gáai sīk,"explanation, to explain, to interpret, to resolve, CL:個",,
同意,同意,tung4 ji3,tùngh yi,"to agree, to consent, to approve",,
了解,了解,liu5 gaai2,líuh gáai,"to understand, to realize, to find out",,
清楚,清楚,cing1 co2,chīng chó,"clear, distinct, to understand thoroughly, to be clear about",,
無聊,无聊,mou4 liu4,mòuh lìuh,"bored, boring, senseless",,
遍,遍,pin3,pin,"everywhere, all over, classifier for actions: one time",,
交,交,gaau1,gāau,"to hand over, to deliver, to pay (money), to turn over, to make friends, to intersect (lines), variant of 跤",,
借,借,ze3,je,"to lend, to borrow, by means of, to take (an opportunity)",,
算,算,syun3,syun,"to regard as, to figure, to calculate, to compute",,
對,对,deoi3,deui,"right, correct, couple, pair, towards, at, for, to face, opposite, to treat (sb a certain way), to match together, to adjust, to fit, to suit, to answer, to reply, classifier: couple",,
錯,错,co3,cho,"surname Cuomistake, wrong, bad, interlocking, complex, to grind, to polish, to alternate, to stagger, to miss, to let slip, to evade, to inlay with gold or silver",,
辦法,办法,baan6 faat3,baanh faat,"means, method, way (of doing sth), CL:條, 個",,
方法,方法,fong1 faat3,fōng faat,"method, way, means, CL:個",,
有用,有用,jau5 jung6,yáuh yungh,useful,,
進步,进步,zeon3 bou6,jeun bouh,"progress, improvement, to improve, to progress, CL:個",,
忘,忘,mong4,mòngh,"to forget, to overlook, to neglect",,
記,记,gei3,gei,"to record, to note, to memorize, to remember, mark, sign, classifier for blows, kicks, shots",,
公寓,公寓,gung1 jyu6,gūng yuh,"apartment building, block of flats, CL:套",,
大樓,大楼,daai6 lau4,daaih làuh,"building (a relatively large, multi-storey one), CL:幢, 座",,
臥室,卧室,ngo6 sat1,ngoh sāt,"bedroom, CL:間",,
花園,花园,faa1 jyun4,fā yùnh,"garden, CL:座, 個",,
門口,门口,mun4 hau2,mùnh háu,"doorway, gate, CL:個",,
浴室,浴室,juk6 sat1,yuhk sāt,"bathroom (room used for bathing), CL:間",,
樓梯,楼梯,lau4 tai1,làuh tāi,"stair, staircase, CL:個",,
牆,墙,coeng4,chèungh,"wall, CL:面, 堵",,
洗衣機,洗衣机,sai2 ji1 gei1,sái yī gēi,"washer, washing machine, CL:臺",,
冰箱,冰箱,bing1 soeng1,bīng sēung,"icebox, freezer cabinet, refrigerator, CL:臺, 個",,
燈,灯,dang1,dāng,"lamp, light, lantern, CL:盞",,
打開,打开,daa2 hoi1,dá hōi,"to open, to show (a ticket), to turn on, to switch on",,
盒子,盒子,hap6 zi2,hahp jí,"box, case",,
鄰居,邻居,leon4 geoi1,lèunh gēui,"neighbor, next door, CL:個",,
熱鬧,热闹,jit6 naau6,yiht naauh,"bustling with noise and excitement, lively",,
吵,吵,caau2,cháau,"to quarrel, to make a noise, noisy, to disturb by making a noise",,
滿意,满意,mun5 ji3,múnh yi,"satisfied, pleased, to one's satisfaction",,
乾淨,干净,gon1 zing6,gōn jingh,"clean, neat",,
房租,房租,fong4 zou1,fòngh jōu,rent for a room or house,,
租,租,zou1,jōu,"to hire, to rent, to charter, to rent out, to lease out, rent, land tax",,
開水,开水,hoi1 seoi2,hōi séui,"boiled water, boiling water",,
鄉下,乡下,hoeng1 haa6,hēung hah,"countryside, rural area, CL:個",,
森林,森林,sam1 lam4,sām làmh,"forest, CL:片",,
地,地,dei6,deih,#NAME?,,
草,草,cou2,chóu,"grass, straw, manuscript, draft (of a document), careless, rough, CL:棵, 撮, 株, 根variant of 肏",,
枝,枝,zi1,jī,"branch, classifier for sticks, rods, pencils etc",,
隻,只,zek3,jek,"classifier for birds and certain animals, one of a pair, some utensils, vessels etc",,
動物,动物,dung6 mat6,dungh maht,"animal, CL:隻, 群, 個",,
牛,牛,ngau4,ngàuh,"ox, cow, bull, CL:條, 頭, newton (abbr. for 牛頓顿), (slang) awesomesurname Niu",,
虎,虎,fu2,fú,"tiger, CL:隻",,
羊,羊,joeng4,yèungh,"sheep, goat, CL:頭, 隻surname Yang",,
豬,猪,zyu1,jyū,"hog, pig, swine, CL:口, 頭",,
月亮,月亮,jyut6 loeng6,yuht leungh,the moon,,
星星,星星,sing1 sing1,sīng sīng,star in the sky,,
雲,云,wan4,wành,"cloud, CL:朵abbr. for Yunnan Province 雲南省南省surname Yun",,
地球,地球,dei6 kau4,deih kàuh,"the earth, CL:個",,
世界,世界,sai3 gaai3,sai gaai,"world, CL:個",,
環境,环境,waan4 ging2,wàanh gíng,"environment, circumstances, surroundings, CL:個, ambient",,
火,火,fo2,fó,"surname Huofire, urgent, ammunition, fiery or flaming, internal heat (Chinese medicine), hot (popular), classifier for military units (old)",,
晴天,晴天,cing4 tin1,chìngh tīn,"clear sky, sunny day",,
暖和,暖和,nyun5 wo4,nyúnh wòh,"warm, nice and warm",,
涼快,凉快,loeng4 faai3,lèungh faai,"nice and cold, pleasantly cool",,
溫暖,温暖,wan1 nyun5,wān nyúnh,warm,,
度,度,dou6,douh,"to pass, to spend (time), measure, limit, extent, degree of intensity, degree (angles, temperature etc), kilowatt-hour, classifier for events and occurrencesto estimate, Taiwan pr.",,
溫度,温度,wan1 dou6,wān douh,"temperature, CL:個",,
雨,雨,jyu5,yúh,"rain, CL:陣, 場to rain, (of rain, snow etc) to fall, to precipitate, to wet",,
雪,雪,syut3,syut,"surname Xuesnow, snowfall, CL:場, to have the appearance of snow, to wipe away, off or out, to clean",,
空氣,空气,hung1 hei3,hūng hei,"air, atmosphere",,
間,间,gaan1,gāan,"between, among, within a definite time or space, room, section of a room or lateral space between two pairs of pillars, classifier for roomsgap, to separate, to thin out (seedlings), to sow discontent",,
睡,睡,seoi6,seuih,"to sleep, to lie down",,
發生,发生,faat3 saang1,faat sāang,"to happen, to occur, to take place, to break out",,
發現,发现,faat3 jin6,faat yinh,"to find, to discover",,
照顧,照顾,ziu3 gu3,jiu gu,"to take care of, to show consideration, to attend to, to look after",,
打掃,打扫,daa2 sou3,dá sou,"to clean, to sweep",,
餐,餐,caan1,chāan,"meal, to eat, classifier for meals",,
起來,起来,hei2 loi4,héi lòih,"to stand up, to get up(after a verb) indicating the beginning and continuation of an action or a state, indicating an upward movement (e.g. after 站), bringing things together (e.g. after 收拾), (after a perception verb, e.g. 看) expressing preliminary judgment",,
搬,搬,bun1,būn,"to move (i.e. relocate oneself), to move (sth relatively heavy or bulky), to shift, to copy indiscriminately",,
掛,挂,gwaa3,gwa,"to hang or suspend (from a hook etc), to hang up (the phone), (of a line) to be dead, to be worried or concerned, to make a phone call (dialect), to register or record, classifier for sets or clusters of objects, (slang) to kill, to die, to be finished, to fail (an exam)",,
過年,过年,gwo3 nin4,gwo nình,to celebrate the Chinese New Year,,
結束,结束,git3 cuk1,git chūk,"termination, to finish, to end, to conclude, to close",,
完,完,jyun4,yùnh,"to finish, to be over, whole, complete, entire",,
散步,散步,saan3 bou6,saan bouh,"to take a walk, to go for a walk",,
爬,爬,paa4,pàh,"to crawl, to climb, to get up or sit up",,
跳,跳,tiu3,tiu,"to jump, to hop, to skip over, to bounce, to palpitate",,
座位,座位,zo6 wai2,joh wái,"seat, CL:個",,
節目,节目,zit3 muk6,jit muhk,"program, item (on a program), CL:臺, 個, 套",,
新聞,新闻,san1 man4,sān mành,"news, CL:條, 個",,
政治,政治,zing3 zi6,jing jih,"politics, political",,
體育,体育,tai2 juk6,tái yuhk,"sports, physical education",,
網站,网站,mong5 zaam6,móngh jaamh,"website, network station, node",,
還,还,waan4,wàanh,"surname Huanto pay back, to returnstill, still in progress, still more, yet, even more, in addition, fairly, passably (good), as early as, even, also, else",,
經常,经常,ging1 soeng4,gīng sèungh,"frequently, constantly, regularly, often, day-to-day, everyday, daily",,
平常,平常,ping4 soeng4,pìngh sèungh,"ordinary, common, usually, ordinarily",,
總是,总是,zung2 si6,júng sih,always,,
已經,已经,ji5 ging1,yíh gīng,already,,Cantonese::Adverbs
各,各,gok3,gok,"each, every",,
雜誌,杂志,zaap6 zi3,jaahp ji,"magazine, CL:本, 份, 期",,
文章,文章,man4 zoeng1,mành jēung,"article, essay, literary works, writings, hidden meaning, CL:篇, 段, 頁",,
故事,故事,gu3 si6,gu sih,"old practice, CL:個narrative, story, tale",,
小說,小说,siu2 syut3,síu syut,"novel, fiction, CL:本, 部",,
美術,美术,mei5 seot6,méih seuht,"art, fine arts, painting, CL:種",,
興趣,兴趣,hing1 ceoi3,hīng cheui,"interest (desire to know about sth), interest (thing in which one is interested), hobby, CL:個",,
收,收,sau1,sāu,"to receive, to accept, to collect, to put away, to restrain, to stop, in care of (used on address line after name)",,
談,谈,taam4,tàamh,"speak, to talk, to converse, to chat, to discusssurname Tan",,
聊天兒,聊天儿,liu4 tin1,lìuh tīn,erhua variant of 聊天,,
唱,唱,coeng3,cheung,"to sing, to call loudly, to chant",,
歌,歌,go1,gō,"song, CL:支, 首, to sing",,
早,早,zou2,jóu,"early, morning, Good morning!, long ago, prematurely",,
遲到,迟到,ci4 dou3,chìh dou,to arrive late,,
後來,后来,hau6 loi4,hauh lòih,"afterwards, later",,
變,变,bin3,bin,"to change, to become different, to transform, to vary, rebellion",,
跳舞,跳舞,tiu3 mou5,tiu móuh,to dance,,
樂器,乐器,lok6 hei3,lohk hei,"musical instrument, CL:件",,
吉他,吉他,gat1 taa1,gāt tā,"guitar (loanword), CL:把",,
鋼琴,钢琴,gong3 kam4,gong kàmh,"piano, CL:架, 臺",,
可怕,可怕,ho2 paa3,hó pa,"awful, dreadful, fearful, formidable, frightful, scary, hideous, horrible, terrible, terribly",,
活動,活动,wut6 dung6,wuht dungh,"to exercise, to move about, to operate, to use connections (personal influence), loose, shaky, active, movable, activity, campaign, maneuver, behavior, CL:項, 個",,
就,就,zau6,jauh,"at once, right away, only, just (emphasis), as early as, already, as soon as, then, in that case, as many as, even if, to approach, to move towards, to undertake, to engage in, to suffer, subjected to, to accomplish, to take advantage of, to go with (of foods), with regard to, concerning",,
消息,消息,siu1 sik1,sīu sīk,"news, information, CL:條",,
才,才,coi4,chòih,"ability, talent, sb of a certain type, a capable individual, only, only then, just now",,
又,又,jau6,yauh,"(once) again, also, both... and..., and yet, (used for emphasis) anyway",,
客人,客人,haak3 jan4,haak yành,"visitor, guest, customer, client, CL:位",,
不好意思,不好意思,bat1 hou2 ji3 si1,bāt hóu yi sī,"to feel embarrassed, to find it embarrassing, to be sorry (for inconveniencing sb)",,
怎麼了,怎么了,zam2 mo1 liu5,jám mō líuh,"What's up?, What's going on?, What happened?",,
怎麼辦,怎么办,zam2 mo1 baan6,jám mō baanh,what's to be done,,
客氣,客气,haak3 hei3,haak hei,"polite, courteous, formal, modest",,
舞會,舞会,mou5 wui2,móuh wúi,"dance, ball, party, CL:場",,
最近,最近,zeoi3 gan6,jeui ganh,"recently, soon, nearest",,
請客,请客,cing2 haak3,chíng haak,"to give a dinner party, to entertain guests, to invite to dinner",,
慶祝,庆祝,hing3 zuk1,hing jūk,to celebrate,,
聽說,听说,ting3 syut3,ting syut,"to hear (sth said), one hears (that), hearsay, listening and speaking",,
感謝,感谢,gam2 ze6,gám jeh,"(express) thanks, gratitude, grateful, thankful, thanks",,
見面,见面,gin3 min6,gin minh,"to meet, to see each other, CL:次",,
約,约,joek3,yeuk,"to weigh in a balance or on a scaleto make an appointment, to invite, approximately, pact, treaty, to economize, to restrict, to reduce (a fraction), concise",,
事,事,si6,sih,"matter, thing, item, work, affair, CL:件, 樁, 回",,
事情,事情,si6 cing4,sih chìngh,"affair, matter, thing, business, CL:件, 樁",,
明信片,明信片,ming4 seon3 pin3,mìngh seun pin,postcard,,
卡片,卡片,kaa1 pin3,kā pin,card,,
幫,帮,bong1,bōng,"to help, to assist, to support, for sb (i.e. as a help), hired (as worker), side (of pail, boat etc), outer layer, upper (of a shoe), group, gang, clique, party, secret society",,
弄,弄,nung6,nungh,"lane, alleyto do, to manage, to handle, to play with, to fool with, to mess with, to fix, to toy with",,
檢查,检查,gim2 caa4,gím chàh,"inspection, to examine, to inspect, CL:次",,
通知,通知,tung1 zi1,tūng jī,"to notify, to inform, notice, notification, CL:個",,
麻煩,麻烦,maa4 faan4,màh fàanh,"inconvenient, troublesome, annoying, to trouble or bother sb, to put sb to trouble",,
偷,偷,tau1,tāu,"to steal, to pilfer, to snatch, thief, stealthily",,
錢包,钱包,cin2 baau1,chín bāau,"purse, wallet",,
拉,拉,[1] laai1 [2] laap6 [3] laai6,[1] lāai [2] laahp [3] laaih,"to pull, to play (a bowed instrument), to drag, to draw, to chat",,
小偷,小偷,siu2 tau1,síu tāu,thief,,
滿,满,mun5,múnh,"Manchu ethnic groupto fill, full, filled, packed, fully, completely, quite, to reach the limit, to satisfy, satisfied, contented",,
丟,丢,diu1,dīu,"to lose, to put aside, to throw",,
啊,啊,aa1,ā,"interjection of surprise, Ah!, Oh!modal particle ending sentence, showing affirmation, approval, or consent",,
汽車,汽车,hei3 ce1,hei chē,"car, automobile, bus, CL:輛",,
輛,辆,loeng6,leungh,classifier for vehicles,,
停車場,停车场,ting4 ce1 coeng4,tìngh chē chèungh,"parking lot, car park",,
搭,搭,daap3,daap,"to put up, to build (scaffolding), to hang (clothes on a pole), to connect, to join, to arrange in pairs, to match, to add, to throw in (resources), to take (boat, train), variant of 褡",,
起飛,起飞,hei2 fei1,héi fēi,(of an aircraft) to take off,,
出,出,ceot1,chēut,"to go out, to come out, to occur, to produce, to go beyond, to rise, to put forth, to happen, (used after a verb to indicate an outward direction or a positive result), classifier for dramas, plays, operas etc",,
出來,出来,ceot1 loi4,chēut lòih,"to come out, to appear, to arise(after a verb, indicates coming out, completion of an action, or ability to discern or detect)",,
進,进,zeon3,jeun,"to go forward, to advance, to go in, to enter, to put in, to submit, to take in, to admit, (math.) base of a number system, classifier for sections in a building or residential compound",,
進去,进去,zeon3 heoi3,jeun heui,to go in,,
回去,回去,wui4 heoi3,wùih heui,"to return, to go back",,
路口,路口,lou6 hau2,louh háu,"crossing, intersection (of roads)",,
紅綠燈,红绿灯,hung4 luk6 dang1,hùngh luhk dāng,"traffic light, traffic signal",,
橋,桥,kiu4,kìuh,"bridge, CL:座",,
左,左,zo2,jó,"surname Zuoleft, the Left (politics), east, unorthodox, queer, wrong, differing, opposite, variant of 佐",,
右,右,jau6,yauh,"right (-hand), the Right (politics), west (old)",,
裡,里,leoi5,léuih,"lining, interior, inside, internal, also written 裏",,
這邊,这边,ze5 bin1,jéh bīn,"this side, here",,
這些,这些,ze5 se1,jéh sē,these,,
那些,那些,naa5 se1,náh sē,those,,
那邊,那边,naa5 bin1,náh bīn,"over there, yonder",,
旅遊,旅游,leoi5 jau4,léuih yàuh,"trip, journey, tourism, travel, tour, to travel",,
動物園,动物园,dung6 mat6 jyun4,dungh maht yùnh,"zoo, CL:個",,
出發,出发,ceot1 faat3,chēut faat,"to set off, to start (on a journey)",,
離開,离开,lei4 hoi1,lèih hōi,"to depart, to leave",,
向,向,hoeng3,heung,"surname Xiangtowards, to face, to turn towards, direction, to support, to side with, shortly before, formerly, always, all along",,
南,南,naam4,nàamh,southsurname Nan,,
南部,南部,naam4 bou6,nàamh bouh,southern part,,
南邊,南边,naam4 bin1,nàamh bīn,"south, south side, southern part, to the south of",,
西,西,sai1,sāi,"the West, abbr. for Spain 西班牙, Spanishwest",,
西部,西部,sai1 bou6,sāi bouh,western part,,
西邊,西边,sai1 bin1,sāi bīn,"west, west side, western part, to the west of",,
北,北,bak1,bāk,"north, to be defeated (classical)",,
北部,北部,bak1 bou6,bāk bouh,northern part,,
北邊,北边,bak1 bin1,bāk bīn,"north, north side, northern part, to the north of",,
東,东,dung1,dūng,"surname Dongeast, host (i.e. sitting on east side of guest), landlord",,
東部,东部,dung1 bou6,dūng bouh,"the east, eastern part",,
東邊,东边,dung1 bin1,dūng bīn,"east, east side, eastern part, to the east of",,
經過,经过,ging1 gwo3,gīng gwo,"to pass, to go through, process, course, CL:個",,
轉,转,zyun2,jyún,"see 轉文文to revolve, to turn, to circle about, to walk about, classifier for revolutions (per minute etc): revs, rpm, classifier for repeated actions",,
掉,掉,diu6,diuh,"to fall, to drop, to lag behind, to lose, to go missing, to reduce, fall (in prices), to lose (value, weight etc), to wag, to swing, to turn, to change, to exchange, to swap, to show off, to shed (hair), (used after certain verbs to express completion, fulfillment, removal etc)",,
一直,一直,jat1 zik6,yāt jihk,"straight (in a straight line), continuously, always, from the beginning of ... up to ..., all along",,
過去,过去,gwo3 heoi3,gwo heui,"(in the) past, former, previous, to go over, to pass by(verb suffix)",,
最後,最后,zeoi3 hau6,jeui hauh,"final, last, finally, ultimate",,
動,动,dung6,dungh,"(of sth) to move, to set in movement, to displace, to touch, to make use of, to stir (emotions), to alter, abbr. for 動詞词, verb",,
躺,躺,tong2,tóng,"to recline, to lie down",,
起,起,hei2,héi,"to rise, to raise, to get up, to set out, to start, to appear, to launch, to initiate (action), to draft, to establish, to get (from a depot or counter), verb suffix, to start, starting from (a time, place, price etc), classifier for occurrences or unpredictable events: case, instance, classifier for groups: batch, group",,
停,停,ting4,tìngh,"to stop, to halt, to park (a car)",,
中心,中心,zung1 sam1,jūng sām,"center, heart, core, CL:個",,
外國,外国,ngoi6 gwok3,ngoih gwok,"foreign (country), CL:個",,
護照,护照,wu6 ziu3,wuh jiu,"passport, CL:本, 個",,
行李,行李,hang4 lei5,hàngh léih,"luggage, CL:件",,
出口,出口,ceot1 hau2,chēut háu,"an exit, CL:個, to speak, to export, (of a ship) to leave port",,
油,油,jau4,yàuh,"oil, fat, grease, petroleum, to apply tung oil, paint or varnish, oily, greasy, glib, cunning",,
鑰匙,钥匙,joek6 si4,yeuhk sìh,"key, CL:把",,
袋子,袋子,doi6 zi2,doih jí,bag,,
公里,公里,gung1 leoi5,gūng léuih,kilometer,,
方向,方向,fong1 hoeng3,fōng heung,"direction, orientation, path to follow, CL:個",,
出現,出现,ceot1 jin6,chēut yinh,"to appear, to arise, to emerge, to show up",,
交通,交通,gaau1 tung1,gāau tūng,"to be connected, traffic, transportation, communications, liaison",,
臉,脸,lim5,límh,"face, CL:張, 個",,
腿,腿,teoi2,téui,"leg, CL:條",,
腳,脚,goek3,geuk,"foot, leg (of an animal or an object), base (of an object), CL:雙, 隻, classifier for kicksvariant of 角, role",,
心,心,sam1,sām,"heart, mind, intention, center, core, CL:顆, 個",,
鼻,鼻,bei6,beih,nose,,
背,背,bui3,bui,"to be burdened, to carry on the back or shoulderthe back of a body or object, to turn one's back, to hide something from, to learn by heart, to recite from memory, unlucky (slang), hard of hearing",,
嘴巴,嘴巴,zeoi2 baa1,jéui bā,"mouth, CL:張, slap in the face, CL:個",,
脖子,脖子,but6 zi2,buht jí,"neck, CL:個",,
感覺,感觉,gam2 gok3,gám gok,"to feel, to become aware of, feeling, sense, perception, CL:個",,
救護車,救护车,gau3 wu6 ce1,gau wuh chē,"ambulance, CL:輛",,
咳嗽,咳嗽,kat1 sau2,kāt sáu,"to cough, CL:陣",,
發燒,发烧,faat3 siu1,faat sīu,"to have a high temperature (from illness), to have a fever",,
疼,疼,tung3,tung,"(it) hurts, sore, to love dearly",,
保險,保险,bou2 him2,bóu hím,"insurance, to insure, safe, secure, be sure, be bound to, CL:份",,
病,病,beng6,bengh,"illness, CL:場, disease, to fall ill, defect",,
看病,看病,hon3 beng6,hon bengh,"to visit a doctor, to see a patient",,
病人,病人,beng6 jan4,bengh yành,"sick person, patient, invalid, CL:個",,
掛號,挂号,gwaa3 hou6,gwa houh,"to register (at a hospital etc), to send by registered mail",,
牙刷,牙刷,ngaa4 caat3,ngàh chaat,"toothbrush, CL:把",,
剪,剪,zin2,jín,"surname Jianscissors, shears, clippers, CL:把, to cut with scissors, to trim, to wipe out or exterminate",,
藥房,药房,joek6 fong4,yeuhk fòngh,"pharmacy, drugstore",,
恢復,恢复,fui1 fuk6,fūi fuhk,"to reinstate, to resume, to restore, to recover, to regain, to rehabilitate",,
救命,救命,gau3 ming6,gau mingh,"to save sb's life, (interj.) Help!, Save me!",,
影響,影响,jing2 hoeng2,yíng héung,"influence, effect, to influence, to affect (usually adversely), to disturb, CL:股",,
飽,饱,baau2,báau,"to eat till full, satisfied",,
吃飽,吃饱,hek3 baau2,hek báau,to eat one's fill,,
簡單,简单,gaan2 daan1,gáan dāan,"simple, not complicated",,
書店,书店,syu1 dim3,syū dim,"bookstore, CL:家",,
超級市場,超级市场,ciu1 kap1 si5 coeng4,chīu kāp síh chèungh,supermarket,,
戴,戴,daai3,daai,"surname Daito put on or wear (glasses, hat, gloves etc), to respect, to bear, to support",,
試,试,si3,si,"to test, to try, experiment, examination, test",,
輕,轻,hing1,hīng,"light, easy, gentle, soft, reckless, unimportant, frivolous, small in number, unstressed, neutral, to disparage",,
重,重,cung4,chùngh,"to repeat, repetition, again, re-, classifier: layerheavy, serious, to attach importance to",,
流行,流行,lau4 hang4,làuh hàngh,"(of a contagious disease etc) to spread, to propagate, (of a style of clothing, song etc) popular, fashionable",,
藍色,蓝色,laam4 sik1,làamh sīk,blue (color),,
綠色,绿色,luk6 sik1,luhk sīk,green,,Cantonese::Adjectives Cantonese::Colors Cantonese::Lessons
紅色,红色,hung4 sik1,hùngh sīk,"red (color), revolutionary",,
黑色,黑色,hak1 sik1,hāk sīk,black,,Cantonese::Lessons
手錶,手表,sau2 biu1,sáu bīu,"wrist watch, CL:塊, 隻, 個",,
付,付,fu6,fuh,"surname Futo pay, to hand over to, classifier for pairs or sets of things",,
襯衫,衬衫,can3 saam1,chan sāam,"shirt, blouse, CL:件",,
毛衣,毛衣,mou4 ji1,mòuh yī,"(wool) sweater, CL:件",,
大衣,大衣,daai6 ji1,daaih yī,"overcoat, topcoat, cloak, CL:件",,
牛仔褲,牛仔裤,ngau4 zai2 fu3,ngàuh jái fu,"jeans, CL:條",,
雨衣,雨衣,jyu5 ji1,yúh yī,"raincoat, CL:件",,
內衣,内衣,noi6 ji1,noih yī,"undergarment, underwear, CL:件",,
帽子,帽子,mou6 zi2,mouh jí,"hat, cap, (fig.) label, bad name, CL:頂",,
皮包,皮包,pei4 baau1,pèih bāau,"handbag, briefcase",,
外套,外套,ngoi6 tou3,ngoih tou,"coat, jacket, CL:件",,
乾,干,gon1,gōn,"surname Qiandry, clean, in vain, dried food, foster, adoptive, to ignore",,
舊,旧,gau6,gauh,"old, opposite: new 新, former, worn (with age)",,
價格,价格,gaa3 gaak3,ga gaak,"price, CL:個",,
價錢,价钱,gaa3 cin2,ga chín,price,,
排隊,排队,paai4 deoi6,pàaih deuih,to line up,,
信用卡,信用卡,seon3 jung6 kaa1,seun yungh kā,credit card,,
毛,毛,mou4,mòuh,"surname Maohair, feather, down, wool, mildew, mold, coarse or semifinished, young, raw, careless, unthinking, nervous, scared, (of currency) to devalue or depreciate, classifier for Chinese fractional monetary unit ( = 角 , = one-tenth of a yuan or 10 fen 分)",,
比較,比较,bei2 gaau3,béi gaau,"to compare, to contrast, comparatively, relatively, quite, comparison",,
樣子,样子,joeng6 zi2,yeungh jí,"appearance, manner, pattern, model",,
特別,特别,dak6 bit6,dahk biht,"especially, special, particular, unusual",,
一般,一般,jat1 bun1,yāt būn,"same, ordinary, so-so, common, general, generally, in general",,
圓,圆,jyun4,yùnh,"circle, round, circular, spherical, (of the moon) full, unit of Chinese currency (Yuan), tactful, to justify",,
光,光,gwong1,gwōng,"light, ray, CL:道, bright, only, merely, to use up",,
看見,看见,hon3 gin3,hon gin,"to see, to catch sight of",,
其他,其他,kei4 taa1,kèih tā,"other, (sth or sb) else, the rest",,
聲音,声音,seng1 jam1,sēng yām,"voice, sound, CL:個",,
大聲,大声,daai6 seng1,daaih sēng,"loud voice, in a loud voice, loudly",,
好像,好像,hou2 zoeng6,hóu jeungh,"as if, to seem like",,
像,像,zoeng6,jeungh,"to resemble, to be like, to look as if, such as, appearance, image, portrait, image under a mapping (math.)",,
奇怪,奇怪,kei4 gwaai3,kèih gwaai,"strange, odd, to marvel, to be baffled",,
死,死,sei2,séi,"to die, impassable, uncrossable, inflexible, rigid, extremely, damned",,
髒,脏,zong1,jōng,"dirty, filthy",,
差不多,差不多,caa1 bat1 do1,chā bāt dō,"almost, nearly, more or less, about the same, good enough, not bad",,
一共,一共,jat1 gung6,yāt gungh,altogether,,
需要,需要,seoi1 jiu3,sēui yiu,"to need, to want, to demand, to require, requirement, need",,
牛排,牛排,ngau4 paai4,ngàuh pàaih,steak,,
米,米,mai5,máih,"surname Mirice, CL:粒, meter (classifier)",,
三明治,三明治,saam1 ming4 zi6,sāam mìngh jih,"sandwich (loanword), CL:個",,
西瓜,西瓜,sai1 gwaa1,sāi gwā,"watermelon, CL:顆, 粒, 個",,
啤酒,啤酒,be1 zau2,bē jáu,"beer (loanword), CL:杯, 瓶, 罐, 桶, 缸",,
紅茶,红茶,hung4 caa4,hùngh chàh,"black tea, CL:杯, 壺",,
點菜,点菜,dim2 coi3,dím choi,to order dishes (in a restaurant),,
包,包,baau1,bāau,"surname Baoto cover, to wrap, to hold, to include, to take charge of, to contract (to or for), package, wrapper, container, bag, to hold or embrace, bundle, packet, CL:個, 隻",,
酸,酸,syun1,syūn,"sour, tart, sick at heart, grieved, sore, aching, pedantic, impractical, an acid",,
苦,苦,fu2,fú,"bitter, hardship, pain, to suffer, to bring suffering to, painstakingly",,
鹹,咸,haam4,hàamh,"salted, salty, stingy, miserly",,
辣,辣,laat6,laaht,"hot (spicy), pungent",,
點心,点心,dim2 sam1,dím sām,"light refreshments, pastry, dimsum (in Cantonese cooking), dessert",,
冰淇淋,冰淇淋,bing1 kei4 lam4,bīng kèih làmh,ice cream,,
餅乾,饼干,beng2 gon1,béng gōn,"biscuit, cracker, cookie, CL:片, 塊",,
漢堡,汉堡,hon3 bou2,hon bóu,Hamburg (German city)hamburger (loanword),,
青菜,青菜,cing1 coi3,chīng choi,"green vegetables, Chinese cabbage",,
鹽,盐,jim4,yìmh,"salt, CL:粒",,
糖,糖,tong4,tòngh,"sugar, sweets, candy, CL:顆, 塊",,
煮,煮,zyu2,jyú,"to cook, to boil",,
盤,盘,pun4,pùnh,"plate, dish, tray, board, hard drive (computing), to build, to coil, to check, to examine, to transfer (property), to make over, classifier for food: dish, helping, to coil, classifier for coils of wire, classifier for games of chess",,
條,条,tiu4,tìuh,"strip, item, article, clause (of law or treaty), classifier for long thin things (ribbon, river, road, trousers etc)",,
位,位,wai2,wái,"position, location, place, seat, classifier for people (honorific), classifier for binary bits (e.g. 十六位 16-bit or 2 bytes), (physics) potential",,
種,种,zung2,júng,"seed, species, kind, type, classifier for types, kinds, sortsto plant, to grow, to cultivate",,
口,口,hau2,háu,"mouth, classifier for things with mouths (people, domestic animals, cannons, wells etc), classifier for bites or mouthfuls",,
夠,够,gau3,gau,"enough (sufficient), enough (too much), (coll.) (before adj.) really, (coll.) to reach by stretching out",,
任何,任何,jam6 ho4,yamh hòh,"any, whatever, whichever, whatsoever",,
味道,味道,mei6 dou6,meih douh,"flavor, smell, hint of",,
香,香,hoeng1,hēung,"fragrant, sweet smelling, aromatic, savory or appetizing, (to eat) with relish, (of sleep) sound, perfume or spice, joss or incense stick, CL:根",,
全部,全部,cyun4 bou6,chyùnh bouh,"whole, entire, complete",,
所有,所有,so2 jau5,só yáuh,"all, to have, to possess, to own",,
許多,许多,heoi2 do1,héui dō,"many, a lot of, much",,
新鮮,新鲜,san1 sin1,sān sīn,"fresh (experience, food etc), freshness, novel, uncommon",,
烤,烤,haau1,hāau,"to roast, to bake, to broil",,
嚐,尝,soeng4,sèungh,"variant of 嘗, to taste, to experience",,
裝,装,zong1,jōng,"adornment, to adorn, dress, clothing, costume (of an actor in a play), to play a role, to pretend, to install, to fix, to wrap (sth in a bag), to load, to pack",,
刀,刀,dou1,dōu,"surname Daoknife, blade, single-edged sword, cutlass, CL:把, (slang) dollar (loanword), classifier for sets of one hundred sheets (of paper), classifier for knife cuts or stabs",,
叉,叉,caa1,chā,"fork, pitchfork, prong, pick, cross, intersect, ""X""to diverge, to open (as legs)",,
湯匙,汤匙,tong1 si4,tōng sìh,"soup spoon, tablespoon, CL:把",,
筷子,筷子,faai3 zi2,faai jí,"chopsticks, CL:對, 根, 把, 雙",,
沒有,没有,mut6 jau5,muht yáuh,"haven't, hasn't, doesn't exist, to not have, to not be",,
別,别,bit6,biht,"surname Bieto leave, to depart, to separate, to distinguish, to classify, other, another, don't ...!, to pin, to stick (sth) in",,
不用,不用,bat1 jung6,bāt yungh,need not,,
不但,不但,bat1 daan6,bāt daanh,not only (... but also...),,
只好,只好,zi2 hou2,jí hóu,"without any better option, to have to, to be forced to",,
正在,正在,zing3 zoi6,jing joih,"just at (that time), right in (that place), right in the middle of (doing sth)",,
馬上,马上,maa5 soeng5,máh séungh,"at once, right away, immediately, on horseback (i.e. by military force)",,
把,把,baa2,bá,"to hold, to contain, to grasp, to take hold of, handle, particle marking the following noun as a direct object, classifier for objects with handle, classifier for small objects: handfulhandle",,
被,被,bei6,beih,"quilt, by, (indicates passive-voice clauses), (literary) to cover, to meet with",,
讓,让,joeng6,yeungh,"to yield, to permit, to let sb do sth, to have sb do sth, to make sb (feel sad etc), by (indicates the agent in a passive clause, like 被)",,
或,或,waak6,waahk,"maybe, perhaps, might, possibly, or",,
或是,或是,waak6 si6,waahk sih,"or, either one or the other",,
然後,然后,jin4 hau6,yình hauh,"after, then (afterwards), after that, afterwards",,
但是,但是,daan6 si6,daanh sih,"but, however",,
而且,而且,ji4 ce2,yìh ché,"(not only ...) but also, moreover, in addition, furthermore",,
雖然,虽然,seoi1 jin4,sēui yình,"although, even though, even if",,
原來,原来,jyun4 loi4,yùnh lòih,"original, former, originally, formerly, at first, so, actually, as it turns out",,
也許,也许,jaa5 heoi2,yáh héui,"perhaps, maybe",,
為了,为了,wai4 liu5,wàih líuh,"in order to, for the purpose of, so as to",,
必須,必须,bit1 seoi1,bīt sēui,"to have to, must, compulsory, necessarily",,
永遠,永远,wing5 jyun5,wíngh yúnh,"forever, eternal",,
邊兒,边儿,bin1,bīn,"side, edge, margin, border, boundary, proximity, thread (of ideas, plots etc), see also 邊",,
那麼,那么,naa5 mo1,náh mō,"like that, in that way, or so, so, so very much, about, in that case",,
這麼,这么,ze5 mo1,jéh mō,"so much, this much, how much?, this way, like this",,
本來,本来,bun2 loi4,bún lòih,"original, originally, at first, it goes without saying, of course",,
要是,要是,jiu3 si6,yiu sih,if,,
阿姨,阿姨,aa3 ji4,a yìh,"maternal aunt, step-mother, childcare worker, nursemaid, woman of similar age to one's parents (term of address used by child), CL:個",,
哎,哎,aai1,āai,"hey!, (interjection used to attract attention or to express surprise or disapprobation)",,
唉,唉,aai1,āai,"interjection or grunt of agreement or recognition (e.g. yes, it's me!), to sighalas, oh dear",,
愛情,爱情,ngoi3 cing4,ngoi chìngh,"romance, love (romantic), CL:個, 份",,
愛惜,爱惜,ngoi3 sik1,ngoi sīk,"to cherish, to treasure, to use sparingly",,
愛心,爱心,ngoi3 sam1,ngoi sām,"compassion, kindness, care for others, love, CL:片, charity (bazaar, golf day etc), heart (the symbol ♥)",,
安定,安定,ngon1 ding6,ngōn dingh,"Anting township in Tainan county 台南縣南县, Taiwanstable, quiet, settled, stabilize, maintain, stabilized, calm and orderly",,
安排,安排,ngon1 paai4,ngōn pàaih,"to arrange, to plan, to set up, arrangements, plans",,
安心,安心,ngon1 sam1,ngōn sām,"at ease, to feel relieved, to set one's mind at rest, to keep one's mind on sth",,
按,按,on3,on,"to press, to push, to leave aside or shelve, to control, to restrain, to keep one's hand on, to check or refer to, according to, in the light of, (of an editor or author) to make a comment",,
按照,按照,on3 ziu3,on jiu,"according to, in accordance with, in the light of, on the basis of",,
巴士,巴士,baa1 si6,bā sih,"bus (loanword), motor coach",,
把握,把握,baa2 aak1,bá āak,"to grasp (also fig.), to seize, to hold, assurance, certainty, sure (of the outcome)",,
白,白,baak6,baahk,"surname Baiwhite, snowy, pure, bright, empty, blank, plain, clear, to make clear, in vain, gratuitous, free of charge, reactionary, anti-communist, funeral, to stare coldly, to write wrong character, to state, to explain, vernacular, spoken lines in opera",,
白菜,白菜,baak6 coi3,baahk choi,"Chinese cabbage, pak choi, CL:棵, 個",,
白天,白天,baak6 tin1,baahk tīn,"daytime, during the day, day, CL:個",,
擺,摆,baai2,báai,"to arrange, to exhibit, to move to and fro, a pendulum",,
百貨公司,百货公司,baak3 fo3 gung1 si1,baak fo gūng sī,department store,,
班機,班机,baan1 gei1,bāan gēi,"airliner, (regular) flight, CL:趟, 次, 班",,
搬家,搬家,bun1 gaa1,būn gā,"to move house, removal",,
辦,办,baan6,baanh,"to do, to manage, to handle, to go about, to run, to set up, to deal with",,
辦理,办理,baan6 lei5,baanh léih,"to handle, to transact, to conduct",,
半天,半天,bun3 tin1,bun tīn,"half of the day, a long time, quite a while, midair, CL:個",,
半夜,半夜,bun3 je6,bun yeh,"midnight, in the middle of the night",,
幫助,帮助,bong1 zo6,bōng joh,"assistance, aid, to help, to assist",,
榜樣,榜样,bong2 joeng6,bóng yeungh,"example, model, CL:個",,
棒,棒,paang5,páangh,"stick, club, cudgel, smart, capable, strong, wonderful, classifier for legs of a relay race",,Cantonese::neverSpoken
包含,包含,baau1 ham4,bāau hàmh,"to contain, to embody, to include",,
寶貝,宝贝,bou2 bui3,bóu bui,"treasured object, treasure, darling, baby, cowry, good-for-nothing or queer character",,
寶貴,宝贵,bou2 gwai3,bóu gwai,"valuable, precious, to value, to treasure, to set store by",,
保護,保护,bou2 wu6,bóu wuh,"to protect, to defend, to safeguard, protection, CL:種",,
保守,保守,bou2 sau2,bóu sáu,"conservative, to guard, to keep",,
保養,保养,bou2 joeng5,bóu yéungh,"to take good care of (or conserve) one's health, to keep in good repair, to maintain, maintenance",,
保證,保证,bou2 zing3,bóu jing,"guarantee, to guarantee, to ensure, to safeguard, to pledge, CL:個",,
抱,抱,pou5,póuh,"to hold, to carry (in one's arms), to hug, to embrace, to surround, to cherish",,
抱怨,抱怨,pou5 jyun3,póuh yun,"to complain, to grumble, to harbor a complaint, to feel dissatisfied",,
報名,报名,bou3 ming4,bou mìngh,"to sign up, to enter one's name, to apply, to register, to enroll, to enlist",,
背包,背包,bui3 baau1,bui bāau,"knapsack, rucksack, infantry pack, field pack, blanket roll, CL:個",,
北方,北方,bak1 fong1,bāk fōng,"north, the northern part a country, China north of the Yellow River",,
被動,被动,bei6 dung6,beih dungh,passive,,
背後,背后,bui3 hau6,bui hauh,"behind, at the back, in the rear, behind sb's back",,
背景,背景,bui3 ging2,bui gíng,"background, backdrop, context, (fig.) powerful backer, CL:種",,
輩子,辈子,bui3 zi2,bui jí,"all one's life, lifetime",,
本人,本人,bun2 jan4,bún yành,"the person himself, I (humble form used in speeches), oneself, myself, in person, personal",,
本子,本子,bun2 zi2,bún jí,"book, notebook, edition, CL:本",,
笨,笨,ban6,banh,"stupid, foolish, silly, slow-witted, clumsy",,
逼,逼,bik1,bīk,"to force (sb to do sth), to compel, to press for, to extort, to press on towards, to press up to, to close in on, euphemistic variant of 屄",,
比如,比如,bei2 jyu4 syut3,béi yùh syut,"for example, for instance, such as",,
畢竟,毕竟,bat1 ging2,bāt gíng,"after all, all in all, when all is said and done, in the final analysis",,
避免,避免,bei6 min5,beih mính,"to avert, to prevent, to avoid, to refrain from",,
必要,必要,bit1 jiu3,bīt yiu,"necessary, essential, indispensable, required",,
鞭炮,鞭炮,bin1 paau3,bīn paau,"firecrackers, string of small firecrackers, CL:枚",,
變成,变成,bin3 sing4,bin sìngh,"to change into, to turn into, to become",,
變更,变更,bin3 gang3,bin gang,"to change, to alter, to modify",,
變化,变化,bin3 faa3,bin fa,"change, variation, to change, to vary, CL:個",,
便條,便条,bin6 tiu4,binh tìuh,"(informal) note, CL:張, 個",,
標準,标准,biu1 zeon2,bīu jéun,"(an official) standard, norm, criterion, CL:個",,
表,表,biu2,bíu,"exterior surface, family relationship via females, to show (one's opinion), a model, a table (listing information), a form, a meter (measuring sth)",,
表達,表达,biu2 daat6,bíu daaht,"to express, to convey",,
表面,表面,biu2 min6,bíu minh,"surface, face, outside, appearance",,
表示,表示,biu2 si6,bíu sih,"to express, to show, to say, to state, to indicate, to mean",,
表現,表现,biu2 jin6,bíu yinh,"to show, to show off, to display, to manifest, expression, manifestation, show, display, performance (at work etc), behavior",,
別的,别的,bit6 dik1,biht dīk,"else, other",,
冰,冰,bing1,bīng,"ice, CL:塊, to chill sth, (of an object or substance) to feel cold, (of a person) cold, unfriendly, (slang) methamphetamine",,
冰塊兒,冰块儿,bing1 faai3,bīng faai,Ice cube,,
餅,饼,beng2,béng,"round flat cake, cookie, cake, pastry, CL:張",,
伯伯,伯伯,baak3 baak3,baak baak,"father's elder brother, uncle",,
博士,博士,bok3 si6,bok sih,"doctor, court academician (in feudal China), Ph.D.",,
播,播,bo3,bo,"to sow, to scatter, to spread, to broadcast, Taiwan pr.",,
不必,不必,bat1 bit1,bāt bīt,"need not, does not have to, not necessarily",,
不斷,不断,bat1 tyun5,bāt tyúnh,"unceasing, uninterrupted, continuous, constant",,
不過,不过,bat1 gwo3,bāt gwo,"only, merely, no more than, but, however, anyway (to get back to a previous topic), cannot be more (after adjectival)",,
不見,不见,bat1 gin3,bāt gin,"not to see, not to meet, to have disappeared, to be missing",,
不論,不论,bat1 leon6,bāt leunh,"whatever, no matter what (who, how etc), regardless of, not to discuss",,
不幸,不幸,bat1 hang6,bāt hangh,"misfortune, adversity, unfortunate, sad, unfortunately, CL:個",,
不得不,不得不,bat1 dak1 bat1,bāt dāk bāt,"have no choice or option but to, cannot but, have to, can't help it, can't avoid",,
不得了,不得了,bat1 dak1 liu5,bāt dāk líuh,"desperately serious, disastrous, extremely, exceedingly",,
不管,不管,bat1 gun2,bāt gún,"not to be concerned, regardless of, no matter",,
不滿,不满,bat1 mun5,bāt múnh,"resentful, discontented, dissatisfied",,
不如,不如,bat1 jyu4,bāt yùh,"not equal to, not as good as, inferior to, it would be better to",,
不少,不少,bat1 siu2,bāt síu,"many, a lot, not few",,
不足,不足,bat1 zuk1,bāt jūk,"insufficient, lacking, deficiency, not enough, inadequate, not worth, cannot, should not",,
部,部,bou6,bouh,"ministry, department, section, part, division, troops, boardclassifier for works of literature, films, machines etc",,
部分,部分,bou6 fan1,bouh fān,"part, share, section, piece, CL:個",,
部門,部门,bou6 mun4,bouh mùnh,"department, branch, section, division, CL:個",,
布,布,bou3,bou,"cloth, to declare, to announce, to spread, to make known",,
佈置,布置,bou3,bou,"to put in order, to arrange, to decorate, to fix up, to deploy",,
擦,擦,caat3,chaat,"to wipe, to erase, rubbing (brush stroke in painting), to clean, to polish",,
猜,猜,caai1,chāai,to guess,,
材料,材料,coi4 liu2,chòih líu,"material, data, makings, stuff, CL:個, 種",,
採用,采用,coi2 jung6,chói yungh,"to adopt, to employ, to use",,
餐桌,餐桌,caan1 coek3,chāan cheuk,"dining table, dinner table",,
參考,参考,sam1 haau2,sām háau,"consultation, reference, to consult, to refer",,
草地,草地,cou2 dei6,chóu deih,"lawn, meadow, sod, turf, CL:片",,
草原,草原,cou2 jyun4,chóu yùnh,"grassland, prairie, CL:片",,
層,层,cang4,chàngh,"layer, stratum, laminated, floor (of a building), storey, classifier for layers, repeated, sheaf (math.)",,
曾,曾,cang4,chàngh,"surname Zenggreat-grand (father, child etc)",,
曾經,曾经,cang4 ging1,chàngh gīng,"once, already, former, previously, ever, (past tense marker used before verb or clause)",,
差別,差别,caa1 bit6,chā biht,"difference, distinction, disparity",,
差異,差异,caa1 ji6,chā yih,"difference, discrepancy",,
查,查,caa4,chàh,surname Zhasee 山查,,
產品,产品,caan2 ban2,cháan bán,"goods, merchandise, product, CL:個",,
產生,产生,caan2 saang1,cháan sāang,"to arise, to come into being, to come about, to give rise to, to bring into being, to bring about, to produce, to engender, to generate, to appear, appearance, emergence, generation, production, yield",,
常,常,soeng4,sèungh,"surname Changalways, ever, often, frequently, common, general, constant",,
嚐試,尝试,soeng4,sèungh,"Try, attempt, taste",,
場,场,coeng4,chèungh,"threshing floor, classifier for events and happenings: spell, episode, boutlarge place used for a specific purpose, stage, scene (of a play), classifier for sporting or recreational activities, classifier for number of exams",,
超過,超过,ciu1 gwo3,chīu gwo,"to surpass, to exceed, to outstrip",,
超級,超级,ciu1 kap1,chīu kāp,"super-, ultra-, hyper-",,
炒,炒,caau2,cháau,"to sauté, to stir-fry, to speculate, to hype, to fire (sb)",,
吵架,吵架,caau2 gaa3,cháau ga,"to quarrel, to have a row, quarrel, CL:頓",,
車禍,车祸,ce1 wo6,chē woh,"traffic accident, car crash, CL:場",,
趁,趁,can3,chan,"to avail oneself of, to take advantage of",,
成,成,[1] sing4 [2] seng4,[1] sìhng [2] sèhng,"surname Chengto succeed, to finish, to complete, to accomplish, to become, to turn into, to be all right, OK!, one tenth",,Cantonese::wrongaudio
成果,成果,sing4 gwo2,sìngh gwó,"result, achievement, gain, profit, CL:個",,
成就,成就,sing4 zau6,sìngh jauh,"accomplishment, success, achievement, CL:個, to achieve (a result), to create, to bring about",,
成熟,成熟,sing4 suk6,sìngh suhk,"mature, ripe, to mature, to ripen, Taiwan pr.",,
成長,成长,sing4 coeng4,sìngh chèungh,"to mature, to grow, growth",,
程度,程度,cing4 dou6,chìngh douh,"degree (level or extent), level, CL:個",,
承認,承认,sing4 jing6,sìngh yingh,"to admit, to concede, to recognize, recognition (diplomatic, artistic etc), to acknowledge",,
誠實,诚实,sing4 sat6,sìngh saht,"honest, honesty, honorable, truthful",,
吃喝玩樂,吃喝玩乐,hek3 hot3 waan2 lok6,hek hot wáan lohk,"to eat, drink and be merry (idiom), to abandon oneself to a life of pleasure",,
充實,充实,cung1 sat6,chūng saht,"rich, full, substantial, to enrich, to augment, to substantiate (an argument)",,
重新,重新,cung4 san1,chùngh sān,"again, once more, re-",,
蟲,虫,cung4,chùngh,"lower form of animal life, including insects, insect larvae, worms and similar creatures, CL:條, 隻, person with a particular undesirable characteristic",,
抽,抽,cau1,chāu,"to draw out, to pull out from in between, to remove part of the whole, (of certain plants) to sprout or bud, to whip or thrash",,
醜,丑,cau2,cháu,"shameful, ugly, disgraceful",,
臭,臭,cau3,chau,"stench, smelly, to smell (bad), repulsive, loathsome, terrible, bad, severely, ruthlessly, dud (ammunition)sense of smell, smell bad",,
初,初,co1,chō,"at first, (at the) beginning, first, junior, basic",,
出版,出版,ceot1 baan2,chēut báan,to publish,,
出差,出差,ceot1 caa1,chēut chā,to go on an official or business trip,,
出門,出门,ceot1 mun4,chēut mùnh,"to go out, to leave home, to go on a journey, away from home, (of a woman) to get married",,
出租,出租,ceot1 zou1,chēut jōu,to rent,,
除了,除了,ceoi4 liu5,chèuih líuh,"besides, apart from (... also...), in addition to, except (for)",,
除夕,除夕,ceoi4 zik6,chèuih jihk,lunar New Year's Eve,,
廚師,厨师,cyu4 si1,chyùh sī,"cook, chef",,
處理,处理,cyu3 lei5,chyu léih,"to handle, to treat, to deal with, to process, to deal with a criminal case, to mete out punishment, to offer for sale at a reduced price, to punish",,
傳統,传统,cyun4 tung2,chyùnh túng,"tradition, traditional, convention, conventional, CL:個",,
串,串,cyun3,chyun,"to string together, to skewer, to connect wrongly, to gang up, to rove, string, bunch, skewer, classifier for things that are strung together, or in a bunch, or in a row: string of, bunch of, series of, to make a swift or abrupt linear movement (like a bead on an abacus), to move across",,
創造,创造,cong3 zou6,chong jouh,"to create, to bring about, to produce, to set (a record)",,
吹,吹,ceoi1,chēui,"to blow, to play a wind instrument, to blast, to puff, to boast, to brag, to end in failure, to fall through",,
春節,春节,ceon1 zit3,chēun jit,Spring Festival (Chinese New Year),,
詞,词,ci4,chìh,"word, statement, speech, lyrics, CL:組, 個, a form of lyric poetry, flourishing in the Song dynasty 宋朝朝, CL:首",,
此,此,ci2,chí,"this, these",,
刺激,刺激,ci3 gik1,chi gīk,"to provoke, to irritate, to upset, to stimulate, to excite, irritant",,
從不,从不,cung4 bat1,chùngh bāt,never,,
從來,从来,cung4 loi4,chùngh lòih,"always, at all times, never (if used in negative sentence)",,
從小,从小,cung4 siu2,chùngh síu,"from childhood, as a child",,
醋,醋,cou3,chou,"vinegar, jealousy (in love rivalry)",,
存,存,cyun4,chyùnh,"to exist, to deposit, to store, to keep, to survive",,
存在,存在,cyun4 zoi6,chyùnh joih,"to exist, to be, existence",,
寸,寸,cyun3,chyun,"a unit of length, inch, thumb",,
錯誤,错误,co3 ng6,cho ngh,"error, mistake, CL:個, mistaken, false, wrong",,
挫折,挫折,co3 zit3,cho jit,"setback, reverse, check, defeat, frustration, disappointment, to frustrate, to discourage, to set sb back, to blunt, to subdue",,
答應,答应,daap3 jing3,daap ying,"to answer, to respond, to answer positively, to agree, to accept, to promise",,
達成,达成,daat6 sing4,daaht sìngh,"to reach (an agreement), to accomplish",,
打工,打工,daa2 gung1,dá gūng,"to work a temporary or casual job, (of students) to have a job outside of class time, or during vacation",,
打架,打架,daa2 gaa3,dá ga,"to fight, to scuffle, to come to blows, CL:場",,
打聽,打听,daa2 ting3,dá ting,"to ask about, to make some inquiries, to ask around",,
打仗,打仗,daa2 zoeng6,dá jeungh,"to fight a battle, to go to war",,
打折,打折,daa2 zit3,dá jit,to give a discount,,
大大,大大,daai6 daai6,daaih daaih,"greatly, enormously, (dialect) dad, uncle",,
大多數,大多数,daai6 do1 sou3,daaih dō sou,(great) majority,,
大方,大方,daai6 fong1,daaih fōng,"expert, scholar, mother earth, a type of green teagenerous, magnanimous, stylish, in good taste, easy-mannered, natural and relaxed",,
大概,大概,daai6 koi3,daaih koi,"roughly, probably, rough, approximate, about, general idea",,
大會,大会,daai6 wui2,daaih wúi,"general assembly, general meeting, convention, CL:個, 屆",,
大陸,大陆,daai6 luk6,daaih luhk,"mainland China (reference to the PRC)continent, mainland, CL:個, 塊",,
大門,大门,daai6 mun4,daaih mùnh,"the Doors, US rock bandentrance, door, gate, large and influential family",,
大小,大小,daai6 siu2,daaih síu,"dimension, magnitude, size, measurement, large and small, at any rate, adults and children, consideration of seniority",,
大約,大约,daai6 joek3,daaih yeuk,"approximately, probably",,
袋,袋,doi6,doih,"pouch, bag, sack, pocket",,
代表,代表,doi6 biu2,doih bíu,"representative, delegate, CL:位, 個, 名, to represent, to stand for, on behalf of, in the name of",,
代替,代替,doi6 tai3,doih tai,"to replace, to take the place of",,
帶來,带来,daai3 loi4,daai lòih,"to bring, to bring about, to produce",,
帶領,带领,daai3 ling5,daai língh,"to guide, to lead",,
單純,单纯,daan1 seon4,dāan sèunh,"simple, pure, unsophisticated, merely, purely",,
單身,单身,daan1 san1,dāan sān,"unmarried, single",,
擔任,担任,daam1 jam6,dāam yamh,"to hold a governmental office or post, to assume office of, to take charge of, to serve as",,
但,但,daan6,daanh,"but, yet, however, only, merely, still",,
淡,淡,taam5,táamh,"insipid, diluted, weak, mild, light in color, tasteless, fresh, indifferent, nitrogen",,
當場,当场,dong1 coeng4,dōng chèungh,"at the scene, on the spot",,
當地,当地,dong1 dei6,dōng deih,local,,
當面,当面,dong1 min6,dōng minh,"to sb's face, in sb's presence",,
當年,当年,dong1 nin4,dōng nình,"in those days, then, in those years, during that timethat very same year",,
當天,当天,dong1 tin1,dōng tīn,on that daythe same day,,
當中,当中,dong1 zung1,dōng jūng,"among, in the middle, in the center",,
當作,当作,dong1 zok3,dōng jok,"to treat as, to regard as",,
當做,当做,dong1 zou6,dōng jouh,"to treat as, to regard as, to look upon as",,
倒,倒,dou2,dóu,"to fall, to collapse, to lie horizontally, to overthrow, to fail, to go bankrupt, to change (trains or buses), to move around, to resell at a profitto place upside down, to invert, to pour, to throw out, to move backwards, however, actually, as a matter of fact, contrary to expectation",,
島,岛,dou2,dóu,"island, CL:個, 座",,
導演,导演,dou6 jin2,douh yín,"to direct, director (film etc)",,
到處,到处,dou3 cyu3,dou chyu,everywhere,,
到底,到底,dou3 dai2,dou dái,"finally, in the end, when all is said and done, after all, to the end, to the last",,
道德,道德,dou6 dak1,douh dāk,"virtue, morality, ethics, CL:種",,
道教,道教,dou6 gaau3,douh gaau,"Taoism, Daoism (Chinese system of beliefs)",,
道理,道理,dou6 lei5,douh léih,"reason, argument, sense, principle, basis, justification, CL:個",,
道歉,道歉,dou6 hip3,douh hip,to apologize,,
倒是,倒是,dou2 si6,dóu sih,"contrary to what one might expect, actually, contrariwise, why don't you",,
得到,得到,dak1 dou3,dāk dou,"to get, to obtain, to receive",,
得意,得意,dak1 ji3,dāk yi,"proud of oneself, pleased with oneself, complacent",,
得很,得很,dak1 han2,dāk hán,(after an adjective) very,,
的話,的话,dik1 waa6,dīk wah,if (coming after a conditional clause),,
燈光,灯光,dang1 gwong1,dāng gwōng,"(stage) lighting, light",,
等等,等等,dang2,dáng,"et cetera, and so on ..., wait a minute!, hold on!",,
等待,等待,dang2 doi6,dáng doih,"to wait, to wait for",,
低,低,dai1,dāi,"low, beneath, to lower (one's head), to let droop, to hang down, to incline",,
敵人,敌人,dik6 jan4,dihk yành,"enemy, CL:個",,
底,底,dai2,dái,"(equivalent to 的 as possessive particle)background, bottom, base, end (of the month, year etc), remnants, (math.) radix, base",,
底下,底下,dai2 haa6,dái hah,"the location below sth, afterwards",,
抵達,抵达,dai2 daat6,dái daaht,"to arrive, to reach (a destination)",,
地板,地板,dei6 baan2,deih báan,floor,,
地帶,地带,dei6 daai3,deih daai,"zone, CL:個",,
地點,地点,dei6 dim2,deih dím,"place, site, location, venue, CL:個",,
地理,地理,dei6 lei5,deih léih,geography,,
地區,地区,dei6 keoi1,deih kēui,"local, regional, district (not necessarily formal administrative unit), region, area, as suffix to city name, means prefecture or county (area administered by a prefecture-level city or county level city), CL:個",,
地攤,地摊,dei6 taan1,deih tāan,street stall with goods laid out on the ground,,
地位,地位,dei6 wai2,deih wái,"position, status, place, CL:個",,
地下,地下,dei6 haa6,deih hah,"underground, subterranean, covert",,
地形,地形,dei6 jing4,deih yìngh,"topography, terrain, landform",,
點兒,点儿,dim2,dím,erhua variant of 點,,
電,电,din6,dinh,"electric, electricity, electrical",,
電車,电车,din6 ce1,dinh chē,tram,,Cantonese::Transportation
電池,电池,din6 ci4,dinh chìh,"battery, CL:節, 組",,
電燈,电灯,din6 dang1,dinh dāng,"electric light, CL:盞",,
店員,店员,dim3 jyun4,dim yùnh,"shop assistant, salesclerk, salesperson",,
調查,调查,diu6 caa4,diuh chàh,"investigation, inquiry, to investigate, to survey, survey, (opinion) poll, CL:項, 個",,
訂,订,deng6,dengh,"to agree, to conclude, to draw up, to subscribe to (a newspaper etc), to order",,
東北,东北,dung1 bak1,dūng bāk,"Northeast China, Manchurianortheast",,
東方,东方,dung1 fong1,dūng fōng,"the East, the Orient, two-character surname Dongfangeast",,
東南,东南,dung1 naam4,dūng nàamh,southeast,,
懂事,懂事,dung2 si6,dúng sih,"sensible, thoughtful, intelligent",,
逗,逗,dau6,dauh,"to stay, to stop, to tease (play with), amusing, short pause in reading aloud, equivalent to comma (also written 讀)",,
豆腐,豆腐,dau6 fu6,dauh fuh,"tofu, bean curd",,
豆漿,豆浆,dau6 zoeng1,dauh jēung,soy milk,,
都市,都市,dou1 si5,dōu síh,"city, metropolis",,
毒品,毒品,duk6 ban2,duhk bán,"drugs, narcotics, poison",,
獨特,独特,duk6 dak6,duhk dahk,"unique, distinct, having special characteristics",,
讀者,读者,duk6 ze2,duhk jé,"reader, CL:個",,
段,段,dyun6,dyunh,"surname Duanparagraph, section, segment, stage (of a process), classifier for stories, periods of time, lengths of thread etc",,
堆,堆,deoi1,dēui,"to pile up, to heap up, a mass, pile, heap, stack, large amount",,
對方,对方,deoi3 fong1,deui fōng,"counterpart, other person involved, opposite side, other side, receiving party",,
對話,对话,deoi3 waa6,deui wah,"dialogue, CL:個",,
對了,对了,deoi3 liu5,deui líuh,"Correct!, Oh, that's right, ... (when one suddenly remembers sth one wanted to mention), Oh, by the way, ...",,
對象,对象,deoi3 zoeng6,deui jeungh,"target, object, partner, boyfriend, girlfriend, CL:個",,
多多少少,多多少少,do1 do1 siu2 siu2,dō dō síu síu,"to some extent, more or less",,
多麼,多么,do1 mo1,dō mō,"how (wonderful etc), what (a great idea etc), however (difficult it may be etc), (in interrogative sentences) how (much etc), to what extent",,Cantonese::neverSpoken
朵,朵,do2,dó,"flower, earlobe, fig. item on both sides, classifier for flowers, clouds etc",,
頓,顿,deon6,deunh,"to stop, to pause, to arrange, to lay out, to kowtow, to stamp (one's foot), at once, classifier for meals, beatings, scoldings etc: time, bout, spell, meal",,
嗯,嗯,ng2,ng,"(a groaning sound)interjection indicating approval, appreciation or agreement",,
而,而,ji4,yìh,"and, as well as, and so, but (not), yet (not), (indicates causal relation), (indicates change of state), (indicates contrast)",,
兒童,儿童,ji4 tung4,yìh tùngh,"child, CL:個",,
發,发,faat3,faat,"to send out, to show (one's feeling), to issue, to develop, to make a bundle of money, classifier for gunshots (rounds)",,
發表,发表,faat3 biu2,faat bíu,"to issue, to publish",,
發財,发财,faat3 coi4,faat chòih,to get rich,,
發出,发出,faat3 ceot1,faat chēut,"to issue (an order, decree etc), to send out, to dispatch, to produce (a sound), to let out (a laugh)",,
發達,发达,faat3 daat6,faat daaht,"developed (country etc), flourishing, to develop",,
發揮,发挥,faat3 fai1,faat fāi,"to display, to exhibit, to bring out implicit or innate qualities, to express (a thought or moral), to develop (an idea), to elaborate (on a theme)",,
發覺,发觉,faat3 gok3,faat gok,"to become aware, to detect, to realize, to perceive",,
發明,发明,faat3 ming4,faat mìngh,"to invent, an invention, CL:個",,
發脾氣,发脾气,faat3 pei4 hei3,faat pèih hei,to get angry,,
發票,发票,faat3 piu3,faat piu,"invoice, receipt or bill for purchase",,
法律,法律,faat3 leot6,faat leuht,"law, CL:條, 套, 個",,
翻,翻,faan1,fāan,"to turn over, to flip over, to overturn, to rummage through, to translate, to decode, to double, to climb over or into, to cross",,
翻譯,翻译,faan1 jik6,fāan yihk,"to translate, to interpret, translator, interpreter, translation, interpretation, CL:個, 位, 名",,
煩惱,烦恼,faan4 nou5,fàanh nóuh,"to be worried, to be distressed, worries",,
反而,反而,faan2 ji4,fáan yìh,"instead, on the contrary, contrary (to expectations)",,
反應,反应,faan2 jing3,fáan ying,"to react, to respond, reaction, response, reply, chemical reaction, CL:個",,
犯,犯,faan6,faanh,"to violate, to offend, to assault, criminal, crime, to make a mistake, recurrence (of mistake or sth bad)",,
範圍,范围,faan6 wai4,faanh wàih,"range, scope, limit, extent, CL:個",,
方面,方面,fong1 min6,fōng minh,"respect, aspect, field, side, CL:個",,
方式,方式,fong1 sik1,fōng sīk,"way, manner, style, mode, pattern, CL:個",,
房東,房东,fong4 dung1,fòngh dūng,landlord,,
房客,房客,fong4 haak3,fòngh haak,tenant,,
房屋,房屋,fong4 nguk1,fòngh ngūk,"house, building, CL:所, 套",,
訪問,访问,fong2 man6,fóng manh,"to visit, to call on, to interview, CL:次",,
放心,放心,fong3 sam1,fong sām,"to feel relieved, to feel reassured, to be at ease",,
非,非,fei1,fēi,"abbr. for 非洲, Africato not be, not, wrong, incorrect, non-, un-, in-, to reproach or blame, (colloquial) to insist on, simply must",,
飛,飞,fei1,fēi,to fly,,
費用,费用,fai3 jung6,fai yungh,"cost, expenditure, expense, CL:筆, 個",,
分開,分开,fan1 hoi1,fān hōi,"to separate, to part",,
份,份,fan6,fanh,"classifier for gifts, newspaper, magazine, papers, reports, contracts etc, variant of 分",,
封,封,fung1,fūng,"surname Fengto confer, to grant, to bestow a title, to seal, classifier for sealed objects, esp. letters",,
豐富,丰富,fung1 fu3,fūng fu,"to enrich, rich, plentiful, abundant",,
風格,风格,fung1 gaak3,fūng gaak,style,,
風俗,风俗,fung1 zuk6,fūng juhk,"social custom, CL:個",,
佛教,佛教,fat6 gaau3,faht gaau,Buddhism,,
否則,否则,fau2 zak1,fáu jāk,"if not, otherwise, else, or else",,
夫婦,夫妇,fu1 fu5,fū fúh,"a (married) couple, husband and wife, CL:對",,
符合,符合,fu4 hap6,fùh hahp,"in keeping with, in accordance with, tallying with, in line with, to agree with, to accord with, to conform to, to correspond with, to manage, to handle",,
福利,福利,fuk1 lei6,fūk leih,"material benefit, benefit in kind, (social) welfare",,
服裝,服装,fuk6 zong1,fuhk jōng,"dress, clothing, costume, clothes, CL:身",,
腐敗,腐败,fu6 baai6,fuh baaih,"corruption, to corrupt, to rot, rotten",,
付出,付出,fu6 ceot1,fuh chēut,"to pay, to invest (energy or time in a friendship etc)",,
負擔,负担,fu6 daam1,fuh dāam,"burden, to bear a burden",,
負責,负责,fu6 zaak3,fuh jaak,"to be in charge of, to take responsibility for, to be to blame, conscientious",,
複習,复习,fuk1 zaap6,fūk jaahp,"variant of 復習习, to review",,
該,该,goi1,gōi,"should, ought to, probably, must be, to deserve, to owe, to be sb's turn to do sth, that, the above-mentioned",,
改,改,goi2,gói,"to change, to alter, to transform, to correct",,
改變,改变,goi2 bin3,gói bin,"to change, to alter, to transform",,
改進,改进,goi2 zeon3,gói jeun,"to improve, to make better, CL:個",,
改善,改善,goi2 sin6,gói sinh,"to make better, to improve, CL:個",,
改天,改天,goi2 tin1,gói tīn,"another day, some other time, to find another day (for appointment etc), to take a rain check",,
蓋,盖,goi3,goi,"surname Gelid, top, cover, canopy, to cover, to conceal, to build",,
概念,概念,koi3 nim6,koi nimh,"concept, idea, CL:個",,
敢,敢,gam2,gám,"to dare, daring, (polite) may I venture",,
趕,赶,gon2,gón,"to overtake, to catch up with, to hurry, to rush, to try to catch (the bus etc), to drive (cattle etc) forward, to drive (sb) away, to avail oneself of (an opportunity), until",,
趕快,赶快,gon2 faai3,gón faai,"at once, immediately",,
趕上,赶上,gon2 soeng5,gón séungh,"to keep up with, to catch up with, to overtake, to chance upon, in time for",,
感動,感动,gam2 dung6,gám dungh,"to move (sb), to touch (sb emotionally), moving",,
感想,感想,gam2 soeng2,gám séung,"impressions, reflections, thoughts, CL:通, 個",,
感興趣,感兴趣,gam2 hing1 ceoi3,gám hīng cheui,to be interested,,
剛,刚,gong1,gōng,"hard, firm, strong, just, barely, exactly",,
高速,高速,gou1 cuk1,gōu chūk,high speed,,
高中,高中,gou1 zung1,gōu jūng,"senior high school, abbr. for 高級中學级中学to pass brilliantly (used in congratulatory fashion)",,
搞,搞,gaau2,gáau,"to do, to make, to go in for, to set up, to get hold of, to take care of",,
歌曲,歌曲,go1 kuk1,gō kūk,song,,
歌星,歌星,go1 sing1,gō sīng,"singing star, famous singer",,
隔壁,隔壁,gaak3 bik1,gaak bīk,"next door, neighbor",,
革命,革命,gaak3 ming6,gaak mingh,"revolution, revolutionary (politics), CL:次",,
個人,个人,go3 jan4,go yành,"individual, personal, oneself",,
個子,个子,go3 zi2,go jí,"height, stature, build, size",,
各式各樣,各式各样,gok3 sik1 gok3 joeng6,gok sīk gok yeungh,"(of) all kinds and sorts, various",,
各位,各位,gok3 wai2,gok wái,"everybody, all (guests, colleagues etc), all of you",,
根,根,gan1,gān,"root, basis, classifier for long slender objects, e.g. cigarettes, guitar strings, CL:條, radical (chemistry)",,
根據,根据,gan1 geoi3,gān geui,"according to, based on, basis, foundation, CL:個",,
更加,更加,gang3 gaa1,gang gā,"more (than sth else), even more",,
公尺,公尺,gung1 cek3,gūng chek,meter (unit of length),,
公分,公分,gung1 fan1,gūng fān,"centimeter, gram",,
公共,公共,gung1 gung6,gūng gungh,"public, common, communal",,
公克,公克,gung1 hak1,gūng hāk,gram,,
公路,公路,gung1 lou6,gūng louh,"highway, road, CL:條",,
功夫,功夫,gung1 fu1,gūng fū,"skill, art, kung fu, labor, effort",,
功能,功能,gung1 nang4,gūng nàngh,"function, capability",,
工具,工具,gung1 geoi6,gūng geuih,"tool, instrument, utensil, means (to achieve a goal etc)",,
工業,工业,gung1 jip6,gūng yihp,industry,,
恭喜,恭喜,gung1 hei2,gūng héi,"congratulations, greetings",,
共,共,gung6,gungh,"common, general, to share, together, total, altogether, abbr. for 共產黨产党, Communist party",,
共同,共同,gung6 tung4,gungh tùngh,"common, joint, jointly, together, collaborative",,
貢獻,贡献,gung3 hin3,gung hin,"to contribute, to dedicate, to devote, contribution, CL:個",,
溝通,沟通,kau1 tung1,kāu tūng,"to join, to connect, to link up, to communicate",,
購買,购买,kau3 maai5,kau máaih,"to purchase, to buy",,
姑娘,姑娘,gu1 noeng4,gū nèungh,"girl, young woman, young lady, daughter, paternal aunt (old), CL:個",,
古,古,gu2,gú,"surname Guancient, old, paleo-",,
古代,古代,gu2 doi6,gú doih,"ancient times, olden times",,
古蹟,古迹,gu2 zik1,gú jīk,historical sites,,
古老,古老,gu2 lou5,gú lóuh,"ancient, old, age-old",,
顧,顾,gu3,gu,"surname Guto look after, to take into consideration, to attend to",,
故意,故意,gu3 ji3,gu yi,"deliberately, on purpose",,
刮,刮,gwaat3,gwaat,"to scrape, to blow, to shave, to plunder, to extort",,
乖,乖,gwaai1,gwāai,"(of a child) obedient, well-behaved, clever, shrewd, alert, perverse, contrary to reason, irregular, abnormal",,
怪,怪,gwaai3,gwaai,"bewildering, odd, strange, uncanny, devil, monster, to wonder at, to blame, quite, rather",,
觀察,观察,gun1 caat3,gūn chaat,"to observe, to watch, to survey, to examine, observation, view, perspective, CL:個",,
觀點,观点,gun1 dim2,gūn dím,"point of view, viewpoint, standpoint, CL:個",,
觀念,观念,gun1 nim6,gūn nimh,"notion, thought, concept, sense, views, ideology, general impressions",,
觀眾,观众,gun1 zung3,gūn jung,"spectators, audience, visitors (to an exhibition etc)",,
管,管,gun2,gún,"surname Guanto take care (of), to control, to manage, to be in charge of, to look after, to run, to care about, tube, pipe, woodwind, classifier for tube-shaped objects, particle similar to 把 in 管...叫 constructions, writing brush, (coll.) to, towards",,
罐,罐,gun3,gun,"can, jar, pot",,
廣播,广播,gwong2 bo3,gwóng bo,"broadcast, CL:個, broadcasting, to broadcast, (formal) to propagate, to publicize",,
廣場,广场,gwong2 coeng4,gwóng chèungh,"public square, plaza",,
廣告,广告,gwong2 gou3,gwóng gou,"to advertise, a commercial, advertisement, CL:項",,
逛,逛,gwaang6,gwaangh,"to stroll, to visit",,
逛街,逛街,gwaang6 gaai1,gwaangh gāai,"to take a walk, to window-shop, to stroll down the street",,
規矩,规矩,kwai1 geoi2,kwāi géui,"lit. compass and set square, fig. established standard, rule, customs, practices, fig. upright and honest, well-behaved",,
規模,规模,kwai1 mou4,kwāi mòuh,"scale, scope, extent, CL:個",,
鬼,鬼,gwai2,gwái,"ghost, demon, terrible, damnable, clever, sly, crafty, (suffix for sb with a certain vice or addiction etc), one of the 28 constellations",,
貴姓,贵姓,gwai3 sing3,gwai sing,"what is your surname?, (May I ask) your surname?",,
櫃子,柜子,gwai6 zi2,gwaih jí,"cupboard, cabinet",,
國內,国内,gwok3 noi6,gwok noih,"domestic, internal (to a country), civil",,
國外,国外,gwok3 ngoi6,gwok ngoih,"abroad, external (affairs), overseas, foreign",,
國王,国王,gwok3 wong4,gwok wòngh,"king, CL:個",,
國語,国语,gwok3 jyu5,gwok yúh,"Chinese language (Mandarin), emphasizing its national nature, Chinese as a primary or secondary school subject, Chinese in the context of the Nationalist Government, Guoyu, book of historical narrative c. 10th-5th century BC",,
過日子,过日子,gwo3 jat6 zi2,gwo yaht jí,"to live one's life, to pass one's days, to get along",,
嗨,嗨,hei1,hēi,"oh alas, hey!, hi! (loanword), a high (natural or drug-induced) (loanword)",,
還好,还好,waan4 hou2,wàanh hóu,"not bad, tolerable, fortunately",,
還要,还要,waan4 jiu3,wàanh yiu,"still more, also want",,
海報,海报,hoi2 bou3,hói bou,"poster, playbill, notice",,
海灘,海滩,hoi2 taan1,hói tāan,"beach, CL:片",,
海洋,海洋,hoi2 joeng4,hói yèungh,"ocean, CL:個",,
害,害,hoi6,hoih,"to do harm to, to cause trouble to, harm, evil, calamity",,
害怕,害怕,hoi6 paa3,hoih pa,"to be afraid, to be scared",,
行,行,hang4,hàngh,"row, line, commercial firm, line of business, profession, to rank (first, second etc) among one's siblings (by age), (in data tables) row, (Tw) columnto walk, to go, to travel, a visit, temporary, makeshift, current, in circulation, to do, to perform, capable, competent, effective, all right, OK!, will do, behavior, conduct, Taiwan pr. for the behavior-conduct sense",,
航空,航空,hong4 hung1,hòngh hūng,aviation,,
好處,好处,hou2 cyu3,hóu chyu,"benefit, advantage, gain, profit, CL:個",,
好好兒,好好儿,hou2 hou2,hóu hóu,"in good condition, perfectly good, carefully, well, thoroughly",,
好幾,好几,hou2 gei2,hóu géi,"several, quite a few",,
好些,好些,hou2 se1,hóu sē,"a good deal of, quite a lot",,
盒,盒,hap6,hahp,"small box, case",,
合,合,hap6,hahp,"100 ml, one-tenth of a peck, measure for dry grain equal to one-tenth of sheng 升 or liter, or one-hundredth dou 斗to close, to join, to fit, to be equal to, whole, together, round (in battle), conjunction (astronomy), 1st note of pentatonic scale, old variant of 盒",,
合唱,合唱,hap6 coeng3,hahp cheung,"chorus, to chorus",,
合作,合作,hap6 zok3,hahp jok,"to cooperate, to collaborate, to work together, cooperation, CL:個",,
黑,黑,hak1,hāk,"abbr. for Heilongjiang province 黑龍江龙江black, dark, sinister, secret, shady, illegal, to hide (sth) away, to vilify, (loanword) to hack (computing)",,
恨,恨,han6,hanh,"to hate, to regret",,
恨不得,恨不得,han6 bat1 dak1,hanh bāt dāk,"wishing one could do sth, to hate to be unable, itching to do sth",,
紅,红,hung4,hùngh,"surname Hongred, popular, revolutionary, bonus",,
紅包,红包,hung4 baau1,hùngh bāau,"money wrapped in red as a gift, bonus payment, kickback, bribe",,
紅豆,红豆,hung4 dau6,hùngh dauh,"azuki bean, red bean",,
厚,厚,hau5,háuh,"thick, deep or profound, kind, generous, rich or strong in flavor, to favor, to stress",,
忽然,忽然,fat1 jin4,fāt yình,"suddenly, all of a sudden",,
糊塗,糊涂,wu4 tou4,wùh tòuh,"muddled, silly, confused",,
互相,互相,wu6 soeng1,wuh sēung,"each other, mutually, mutual",,
花心,花心,faa1 sam1,fā sām,"fickle (in love affairs), dissipated, unfaithful, heart of a flower (pistil and stamen)",,
滑雪,滑雪,waat6 syut3,waaht syut,"to ski, skiing",,
畫家,画家,waa2 gaa1,wá gā,"painter, CL:個",,
話說回來,话说回来,waa6 syut3 wui4 loi4,wah syut wùih lòih,"returning to our main topic, ..., that said, ..., again, ..., in this connection, in passing, nevertheless, ..., anyhow",,
話題,话题,waa6 tai4,wah tàih,"subject (of a talk or conversation), topic",,
化妝品,化妆品,faa3 zong1 ban2,fa jōng bán,"cosmetic, makeup product",,
壞處,坏处,waai6 cyu3,waaih chyu,"harm, troubles, CL:個",,
環保,环保,waan4 bou2,wàanh bóu,"environmental protection, environmentally friendly, abbr. for 環境保護境保护",,
黃,黄,wong4,wòngh,"surname Huang or Hwangyellow, pornographic, to fall through",,
回想,回想,wui4 soeng2,wùih séung,"to recall, to recollect, to think back",,
會場,会场,wui2 coeng4,wúi chèungh,"meeting place, place where people gather, CL:個",,
會話,会话,wui2 waa6,wúi wah,"conversation, CL:個, 次",,
會議,会议,wui2 ji5,wúi yíh,"meeting, conference, CL:場, 屆",,
婚禮,婚礼,fan1 lai5,fān láih,"wedding ceremony, wedding, CL:場",,
婚姻,婚姻,fan1 jan1,fān yān,"matrimony, wedding, marriage, CL:樁, 次",,
混亂,混乱,wan6 lyun6,wanh lyunh,"confusion, chaos, disorder",,
活,活,wut6,wuht,"to live, alive, living, work, workmanship",,
或許,或许,waak6 heoi2,waahk héui,"perhaps, maybe",,
基本,基本,gei1 bun2,gēi bún,"basic, fundamental, main, elementary",,
基礎,基础,gei1 co2,gēi chó,"base, foundation, basis, underlying, CL:個",,
基督教,基督教,gei1 duk1 gaau3,gēi dūk gaau,"Christianity, Christian",,
激動,激动,gik1 dung6,gīk dungh,"to move emotionally, to stir up (emotions), to excite",,
激烈,激烈,gik1 lit6,gīk liht,"intense, acute, fierce",,
積極,积极,zik1 gik6,jīk gihk,"active, energetic, vigorous, positive (outlook), proactive",,
機器,机器,gei1 hei3,gēi hei,"machine, CL:臺, 部, 個",,
及,及,kap6,kahp,"and, to reach, up to, in time for",,
急,急,gap1,gāp,"urgent, pressing, rapid, hurried, worried, to make (sb) anxious",,
極,极,gik6,gihk,"extremely, pole (geography, physics), utmost, top",,
極了,极了,gik6 liu5,gihk líuh,"extremely, exceedingly",,
擠,挤,zai1,jāi,"to crowd in, to cram in, to force others aside, to press, to squeeze, to find (time in one's busy schedule)",,
既,既,gei3,gei,"already, since, both... (and...)",,
記錄,记录,gei3 luk6,gei luhk,"to record, record (written account), note-taker, record (in sports etc), CL:個",,
記憶,记忆,gei3 jik1,gei yīk,"to remember, to recall, memory, CL:個",,
季節,季节,gwai3 zit3,gwai jit,"time, season, period, CL:個",,
紀念,纪念,gei2 nim6,géi nimh,"to commemorate, to remember, CL:個",,
技巧,技巧,gei6 haau2,geih háau,"skill, technique",,
繼續,继续,gai3 zuk6,gai juhk,"to continue, to proceed with, to go on with",,
加,加,gaa1,gā,"abbr. for Canada 加拿大, surname Jiato add, plus, (used after an adverb such as 不, 大, 稍 etc, and before a disyllabic verb, to indicate that the action of the verb is applied to sth or sb previously mentioned), to apply (restrictions etc) to (sb), to give (support, consideration etc) to (sth)",,
加強,加强,gaa1 koeng4,gā kèungh,"to reinforce, to strengthen, to increase",,
加入,加入,gaa1 jap6,gā yahp,"to become a member, to join, to mix into, to participate in, to add in",,
加上,加上,gaa1 soeng5,gā séungh,"plus, to put in, to add, to add on, to add into, in addition, on top of that",,
加油,加油,gaa1 jau4,gā yàuh,"to add oil, to top up with gas, to refuel, to accelerate, to step on the gas, (fig.) to make an extra effort, to cheer sb on",,
家鄉,家乡,gaa1 hoeng1,gā hēung,"hometown, native place, CL:個",,
家長,家长,gaa1 coeng4,gā chèungh,"head of a household, family head, patriarch, parent or guardian of a child",,
假,假,gaa3,ga,see 假掰vacation,,
假如,假如,gaa3 jyu4,ga yùh,if,,
假裝,假装,gaa3 zong1,ga jōng,"to feign, to pretend",,
架,架,gaa3,ga,"to support, frame, rack, framework, classifier for planes, large vehicles, radios etc",,
假日,假日,gaa3 jat6,ga yaht,"holiday, non-working day",,
價值,价值,gaa3 zik6,ga jihk,"value, worth, fig. values (ethical, cultural etc), CL:個",,
肩膀,肩膀,gin1 bong2,gīn bóng,shoulder,,
堅持,坚持,gin1 ci4,gīn chìh,"to persevere with, to persist in, to insist on",,
堅強,坚强,gin1 koeng4,gīn kèungh,"staunch, strong",,
減,减,gaam2,gáam,"to lower, to decrease, to reduce, to subtract, to diminish",,
減輕,减轻,gaam2 hing1,gáam hīng,"to lighten, to ease, to alleviate",,
減少,减少,gaam2 siu2,gáam síu,"to lessen, to decrease, to reduce, to lower",,
簡直,简直,gaan2 zik6,gáan jihk,"simply, at all, practically",,
見,见,gin3,gin,"to see, to meet, to appear (to be sth), to interviewto appear, also written 現",,
建立,建立,gin3 lap6,gin lahp,"to establish, to set up, to found",,
建設,建设,gin3 cit3,gin chit,"to build, to construct, construction, constructive",,
建議,建议,gin3 ji5,gin yíh,"to propose, to suggest, to recommend, proposal, suggestion, recommendation, CL:個, 點",,
將來,将来,zoeng3 loi4,jeung lòih,"in the future, future, the future, CL:個",,
講價,讲价,gong2 gaa3,góng ga,"to bargain (over price), to haggle",,
講究,讲究,gong2 gau3,góng gau,"to pay particular attention to, carefully selected for quality, tastefully chosen",,
獎學金,奖学金,zoeng2 hok6 gam1,jéung hohk gām,"scholarship, CL:個",,
降低,降低,gong3 dai1,gong dāi,"to reduce, to lower, to bring down",,
醬油,酱油,zoeng3 jau4,jeung yàuh,soy sauce,,
交流,交流,gaau1 lau4,gāau làuh,"to exchange, exchange, communication, interaction, to have social contact (with sb)",,
交友,交友,gaau1 jau5,gāau yáuh,to make friends,,
驕傲,骄傲,giu1 ngou6,gīu ngouh,"pride, arrogance, conceited, proud of sth",,
郊區,郊区,gaau1 keoi1,gāau kēui,"suburban district, outskirts, suburbs, CL:個",,
角度,角度,gok3 dou6,gok douh,"angle, point of view",,
角色,角色,gok3,gok,"role, character in a novel, persona",,
較,较,gaau3,gaau,"to compare, to dispute, compared to, (before adj.) relatively, comparatively, rather",,
教材,教材,gaau3 coi4,gaau chòih,"teaching material, CL:本",,
教導,教导,gaau3 dou6,gaau douh,"to instruct, to teach, guidance, teaching",,
教法,教法,gaau3 faat3,gaau faat,"teaching method, teachings, doctrine",,
教練,教练,gaau3 lin6,gaau linh,"instructor, sports coach, trainer, CL:個, 位, 名",,
教授,教授,gaau3 sau6,gaau sauh,"professor, to instruct, to lecture on, CL:個, 位",,
教訓,教训,gaau3 fan3,gaau fan,"lesson, moral, to chide sb, to lecture sb",,
教育,教育,gaau3 juk6,gaau yuhk,"to educate, to teach, education",,
接觸,接触,zip3 zuk1,jip jūk,"to touch, to contact, access, in touch with",,
接受,接受,zip3 sau6,jip sauh,"to accept, to receive",,
接著,接著,zip3 zoek3,jip jeuk,"to catch and hold on, to continue, to go on to do sth, to follow, to carry on, then, after that, subsequently, to proceed, to ensue, in turn, in one's turn",,
結,结,git3,git,"(of a plant) to produce (fruit or seeds), Taiwan pr. knot, sturdy, bond, to tie, to bind, to check out (of a hotel)",,
結果,结果,git3 gwo2,git gwó,"to bear fruit, CL:個outcome, result, conclusion, in the end, as a result, to kill, to dispatch",,
結局,结局,git3 guk6,git guhk,"conclusion, ending",,
節,节,zit3,jit,"see 節骨眼骨眼festival, holiday, node, joint, section, segment, part, to economize, to save, to abridge, moral integrity, classifier for segments, e.g. lessons, train wagons, biblical verses, CL:個",,
節日,节日,zit3 jat6,jit yaht,"holiday, festival, CL:個",,
解決,解决,gaai2 kyut3,gáai kyut,"to settle (a dispute), to resolve, to solve, to dispose of, to dispatch",,
姊妹,姊妹,zi2 mui6,jí muih,"(older and younger) sisters, sister (school, city etc)",,
斤,斤,gan1,gān,"catty, (PRC) weight equal to 500 g, (Tw) weight equal to 600 g, (HK, Malaysia, Singapore) slightly over 604 g",,
金,金,gam1,gām,"surname Jin, surname Kim (Korean), Jurchen Jin dynasty (1115-1234)gold, chemical element Au, generic term for lustrous and ductile metals, money, golden, highly respected, one of the eight ancient musical instruments 八音",,
緊,紧,gan2,gán,"tight, strict, close at hand, near, urgent, tense, hard up, short of money, to tighten",,
僅,仅,gan2,gán,"barely, only, merely",,
儘管,尽管,zeon6 gun2,jeunh gún,"despite, although, even though, in spite of, unhesitatingly, do not hesitate (to ask, complain etc), (go ahead and do it) without hesitating",,
盡,尽,zeon6,jeunh,"to use up, to exhaust, to end, to finish, to the utmost, exhausted, finished, to the limit (of sth), all, entirely",,
進行,进行,zeon3 hang4,jeun hàngh,"to advance, to conduct, underway, in progress, to do, to carry out, to carry on, to execute",,
進一步,进一步,zeon3 jat1 bou6,jeun yāt bouh,"one step further, to move forward a step, further onwards",,
經,经,ging1,gīng,"surname Jingclassics, sacred book, scripture, to pass through, to undergo, to bear, to endure, warp (textile), longitude, menstruation, channel (TCM), abbr. for economics 經濟济",,
經費,经费,ging1 fai3,gīng fai,"funds, expenditure, CL:筆",,
精神,精神,zing1 san4,jīng sành,"spirit, mind, consciousness, thought, mental, psychological, essence, gist, CL:個vigor, vitality, drive, spiritual",,
驚訝,惊讶,ging1 ngaa6,gīng ngah,"amazed, astonished, to surprise, amazing, astonishment, awe",,
酒吧,酒吧,zau2 baa1,jáu bā,"bar, pub, saloon, CL:家",,
救,救,gau3,gau,"to save, to assist, to rescue",,
舅舅,舅舅,kau5 kau5,káuh káuh,"mother's brother, maternal uncle (informal), CL:個",,
舅媽,舅妈,kau5 maa1,káuh mā,"(coll.) aunt, maternal uncle's wife",,
就是,就是,zau6 si6,jauh sih,"(emphasizes that sth is precisely or exactly as stated), precisely, exactly, even, if, just like, in the same way as",,
就算,就算,zau6 syun3,jauh syun,"granted that, even if",,
就要,就要,zau6 jiu3,jauh yiu,"will, shall, to be going to",,
居住,居住,geoi1 zyu6,gēui jyuh,"to reside, to dwell, to live in a place, resident in",,
橘子,橘子,gwat1 zi2,gwāt jí,"tangerine, CL:個, 瓣",,
舉,举,geoi2,géui,"to lift, to hold up, to cite, to enumerate, to act, to raise, to choose, to elect, act, move, deed",,
舉辦,举办,geoi2 baan6,géui baanh,"to conduct, to hold",,
舉手,举手,geoi2 sau2,géui sáu,"to raise a hand, to put up one's hand (as signal)",,
舉行,举行,geoi2 hang4,géui hàngh,"to hold (a meeting, ceremony etc)",,
句,句,geoi3,geui,"variant of 勾sentence, clause, phrase, classifier for phrases or lines of verse",,
聚,聚,zeoi6,jeuih,"to congregate, to assemble, to mass, to gather together, to amass, to polymerize",,
劇本,剧本,kek6 bun2,kehk bún,"script for play, opera, movie etc, screenplay, scenario",,
劇情,剧情,kek6 cing4,kehk chìngh,"story line, plot",,
拒絕,拒绝,keoi5 zyut6,kéuih jyuht,"to refuse, to decline, to reject",,
距離,距离,keoi5 lei4,kéuih lèih,"distance, CL:個, to be apart from",,
具有,具有,geoi6 jau5,geuih yáuh,"to have, to possess",,
絕對,绝对,zyut6 deoi3,jyuht deui,"absolute, unconditional",,
軍隊,军队,gwan1 deoi6,gwān deuih,"army, troops, CL:支, 個",,
軍人,军人,gwan1 jan4,gwān yành,"serviceman, soldier, military personnel",,
卡車,卡车,kaa1 ce1,kā chē,"truck, CL:輛",,
開放,开放,hoi1 fong3,hōi fong,"to bloom, to open, to be open (to the public), to open up (to the outside), to be open-minded, unrestrained by convention, unconstrained in one's sexuality",,
開花,开花,hoi1 faa1,hōi fā,"to bloom, to blossom, to flower, fig. to burst open, to feel happy or elated, new development grows out",,
開朗,开朗,hoi1 long5,hōi lóngh,"spacious and well-lit, open and clear, (of character) optimistic, cheerful, carefree",,
開玩笑,开玩笑,hoi1 waan2 siu3,hōi wáan siu,"to play a joke, to make fun of, to joke",,
看不起,看不起,hon3 bat1 hei2,hon bāt héi,"to look down upon, to despise",,
看法,看法,hon3 faat3,hon faat,"way of looking at a thing, view, opinion, CL:個",,
看起來,看起来,hon3 hei2 loi4,hon héi lòih,"seemingly, apparently, looks as if, appear to be, gives the impression that, seems on the face of it to be",,
考,考,haau2,háau,"to check, to verify, to test, to examine, to take an exam, to take an entrance exam for, deceased father",,
棵,棵,po1,pō,"classifier for trees, cabbages, plants etc",,
刻,刻,hak1,hāk,"quarter (hour), moment, to carve, to engrave, to cut, oppressive, classifier for short time intervals",,
科,科,fo1,fō,"branch of study, administrative section, division, field, branch, stage directions, family (taxonomy), rules, laws, to mete out (punishment), to levy (taxes etc), to fine sb, CL:個",,
科技,科技,fo1 gei6,fō geih,science and technology,,
可,可,ho2,hó,"can, may, able to, to approve, to permit, to suit, (particle used for emphasis) certainly, verysee 可汗",,
可靠,可靠,ho2 kaau3,hó kaau,reliable,,
可樂,可乐,ho2 lok6,hó lohk,"amusing, entertaining, (loanword) cola",,
可惡,可恶,ho2 wu3,hó wu,"repulsive, vile, hateful, abominable",,
可惜,可惜,ho2 sik1,hó sīk,"it is a pity, what a pity, unfortunately",,
渴望,渴望,hot3 mong6,hot mongh,"to thirst for, to long for",,
克,克,hak1,hāk,"to be able to, to subdue, to restrain, to overcome, gram, Tibetan unit of land area, about 6 ares",,
克服,克服,hak1 fuk6,hāk fuhk,"(try to) overcome (hardships etc), to conquer, to put up with, to endure",,
課程,课程,fo3 cing4,fo chìngh,"course, academic program, CL:堂, 節, 門",,
課堂,课堂,fo3 tong4,fo tòngh,"classroom, CL:間",,
課文,课文,fo3 man4,fo mành,"text, CL:篇",,
客滿,客满,haak3 mun5,haak múnh,"to have a full house, to be sold out, no vacancy",,
肯,肯,hang2,háng,"to agree, to consent, to be ready (to do sth), willing",,
肯定,肯定,hang2 ding6,háng dingh,"to be certain, to be positive, assuredly, definitely, to give recognition, to affirm, affirmative (answer)",,
空,空,hung1,hūng,"empty, air, sky, in vainto empty, vacant, unoccupied, space, leisure, free time",,
空間,空间,hung1 gaan1,hūng gāan,"space, room, (fig.) scope, leeway, (astronomy) outer space, (physics, math.) space",,
空軍,空军,hung1 gwan1,hūng gwān,air force,,
恐怕,恐怕,hung2 paa3,húng pa,"fear, to dread, I'm afraid that..., perhaps, maybe",,
口袋,口袋,hau2 doi6,háu doih,"pocket, bag, sack, CL:個",,
口味,口味,hau2 mei6,háu meih,"a person's preferences, tastes (in food), flavor",,
誇張,夸张,kwaa1 zoeng1,kwā jēung,"to exaggerate, overstated, exaggerated, hyperbole, (coll.) excessive, ridiculous, outrageous",,
快要,快要,faai3 jiu3,faai yiu,"almost, nearly, almost all",,
寬,宽,fun1,fūn,"surname Kuanlenient, wide, broad",,
況且,况且,fong3 ce2,fong ché,"moreover, besides, in addition, furthermore",,
困難,困难,kwan3 naan4,kwan nàanh,"difficult, challenging, straitened circumstances, difficult situation",,
擴大,扩大,kong3 daai6,kong daaih,"to expand, to enlarge, to broaden one's scope",,
拉肚子,拉肚子,laai1 tou5 zi2,lāai tóuh jí,(coll.) to have diarrhea,,
啦,啦,laa1,lā,"(onom.) sound of singing, cheering etc, (phonetic), (dialect) to chatsentence-final particle, contraction of 了啊, indicating exclamation, particle placed after each item in a list of examples",,
來不及,来不及,loi4 bat1 kap6,lòih bāt kahp,"there's not enough time (to do sth), it's too late (to do sth)",,
來得及,来得及,loi4 dak1 kap6,lòih dāk kahp,"there's still time, able to do sth in time",,
藍,蓝,laam4,làamh,"surname Lanblue, indigo plant",,
浪漫,浪漫,long6 maan6,longh maanh,romantic,,
老公,老公,lou5 gung1,lóuh gūng,"(coll.) husband(coll.) eunuch, see also 老公",,
老虎,老虎,lou5 fu2,lóuh fú,"tiger, CL:隻",,
老婆,老婆,lou5 po4,lóuh pòh,(coll.) wife,,
老實,老实,lou5 sat6,lóuh saht,"honest, sincere, well-behaved, open and guileless, naive",,
老是,老是,lou5 si6,lóuh sih,always,,
樂,乐,lok6,lohk,surname Lemusic,,
樂觀,乐观,lok6 gun1,lohk gūn,"optimistic, hopeful",,
樂趣,乐趣,lok6 ceoi3,lohk cheui,"delight, pleasure, joy",,
垃圾,垃圾,laap6 kap1,laahp kāp,"trash, refuse, garbage, (coll.) of poor quality, Taiwan pr.",,
淚,泪,leoi6,leuih,tears,,
類,类,leoi6,leuih,"kind, type, class, category, similar, like, to resemble",,
冷淡,冷淡,laang5 taam5,láangh táamh,"cold, indifferent",,
離婚,离婚,lei4 fan1,lèih fān,"to divorce, divorced from (one's spouse)",,
里,里,leoi5,léuih,"Li (surname)li, ancient measure of length, approx. 500 m, neighborhood, ancient administrative unit of 25 families, (Tw) borough, administrative unit between the township 鎮 and neighborhood 鄰 levels",,
裡邊,里边,leoi5 bin1,léuih bīn,inside,,
理解,理解,lei5 gaai2,léih gáai,"to comprehend, to understand, comprehension, understanding",,
理論,理论,lei5 leon6,léih leunh,"theory, CL:個, to argue, to take notice of",,
理想,理想,lei5 soeng2,léih séung,"an ideal, a dream, ideal, perfect",,
禮堂,礼堂,lai5 tong4,láih tòngh,"assembly hall, auditorium, CL:座, 處",,
力,力,lik6,lihk,"surname Lipower, force, strength, ability, strenuously",,
力量,力量,lik6 loeng6,lihk leungh,"power, force, strength",,
厲害,厉害,lai6 hoi6,laih hoih,"difficult to deal with, difficult to endure, ferocious, radical, serious, terrible, violent, tremendous, awesome",,
立刻,立刻,lap6 hak1,lahp hāk,"forthwith, immediate, prompt, promptly, straightway, thereupon, at once",,
例如,例如,lai6 jyu4,laih yùh,"for example, for instance, such as",,
例子,例子,lai6 zi2,laih jí,"case, (for) instance, example, CL:個",,
利益,利益,lei6 jik1,leih yīk,"benefit, (in sb's) interest, CL:個",,
利用,利用,lei6 jung6,leih yungh,"to exploit, to make use of, to use, to take advantage of, to utilize",,
連,连,lin4,lình,"surname Lianto link, to join, to connect, continuously, in succession, including, (used with 也, 都 etc) even, company (military)",,
聯絡,联络,lin4,lình,"to get in touch with, to contact, to stay in contact (with), liaison, (math.) connection",,
連續劇,连续剧,lin4 zuk6 kek6,lình juhk kehk,"serialized drama, dramatic series, show in parts",,
練,练,lin6,linh,"to practice, to train, to drill, to perfect (one's skill), exercise",,
戀愛,恋爱,lyun2 ngoi3,lyún ngoi,"(romantic) love, CL:個, 場, in love, to have an affair",,
涼,凉,loeng4,lèungh,"the five Liang of the Sixteen Kingdoms, namely: Former Liang 前涼凉 (314-376), Later Liang 後涼凉 (386-403), Northern Liang 北涼凉 (398-439), Southern Liang 南涼凉 (397-414), Western Liang 西涼凉 (400-421)to let sth cool down",,
良好,良好,loeng4 hou2,lèungh hóu,"good, favorable, well, fine",,
亮,亮,loeng6,leungh,"bright, clear, resonant, to shine, to show, to reveal",,
聊,聊,liu4,lìuh,"to chat, to depend upon (literary), temporarily, just, slightly",,
了不起,了不起,liu5 bat1 hei2,líuh bāt héi,"amazing, terrific, extraordinary",,
靈魂,灵魂,ling4 wan4,lìngh wành,"soul, spirit",,
零錢,零钱,ling4 cin2,lìngh chín,"change (of money), small change, pocket money",,
零用錢,零用钱,ling4 jung6 cin2,lìngh yungh chín,"pocket money, allowance, spending money",,
領,领,ling5,língh,"neck, collar, to lead, to receive, classifier for clothes, mats, screens etc",,
領導,领导,ling5 dou6,língh douh,"lead, leading, to lead, leadership, leader, CL:位, 個",,
領域,领域,ling5 wik6,língh wihk,"domain, sphere, field, territory, area",,
令,令,ling6,lingh,"see 令狐to order, to command, an order, warrant, writ, to cause, to make sth happen, virtuous, honorific title, season, government position (old)",,
流,流,lau4,làuh,"to flow, to disseminate, to circulate or spread, to move or drift, to degenerate, to banish or send into exile, stream of water or sth resembling one, class, rate or grade",,
流汗,流汗,lau4 hon6,làuh honh,to sweat,,
流血,流血,lau4 hyut3,làuh hyut,"to bleed, to shed blood",,
留學,留学,lau4 hok6,làuh hohk,to study abroad,,
留學生,留学生,lau4 hok6 saang1,làuh hohk sāang,"student studying abroad, (foreign) exchange student, CL:個, 位",,
龍,龙,lung4,lùngh,"surname Longdragon, CL:條, imperial",,
錄,录,luk6,luhk,"surname Ludiary, record, to hit, to copy",,
錄取,录取,luk6 ceoi2,luhk chéui,"to accept an applicant (prospective student, employee etc) who passes an entrance exam, to admit (a student), to hire (a job candidate)",,
錄音,录音,luk6 jam1,luhk yām,"to record (sound), sound recording, CL:個",,
露營,露营,lou6 jing4,louh yìngh,"to camp out, camping",,
亂,乱,lyun6,lyunh,"in confusion or disorder, in a confused state of mind, disorder, upheaval, riot, illicit sexual relations, to throw into disorder, to mix up, indiscriminate, random, arbitrary",,
輪胎,轮胎,leon4 toi1,lèunh tōi,"tire, pneumatic tire, 粵：輪呔",,
旅客,旅客,leoi5 haak3,léuih haak,"traveler, tourist",,
綠,绿,luk6,luhk,green,,
律師,律师,leot6 si1,leuht sī,lawyer,,Cantonese::Occupation
馬桶,马桶,maa5 tung2,máh túng,"chamber pot, wooden pan used as toilet, toilet bowl",,
碼頭,码头,maa5 tau4,máh tàuh,"dock, pier, wharf, CL:個",,
螞蟻,蚂蚁,maa1 ngai5,mā ngáih,ant,,
罵,骂,maa6,mah,"to scold, to abuse, to curse, CL:通, 頓",,
嘛,嘛,maa3,ma,"modal particle indicating that sth is obvious, particle indicating a pause for emphasis",,
滿足,满足,mun5 zuk1,múnh jūk,"to satisfy, to meet (the needs of), satisfied, content",,
慢慢,慢慢,maan6 maan6,maanh maanh,slowly,,
慢跑,慢跑,maan6 paau2,maanh páau,"jogging, to jog, to canter, a slow trot",,
慢用,慢用,maan6 jung6,maanh yungh,(請)慢用 enjoy your meal ! [粵]: 慢慢食,,
毛病,毛病,mou4 beng6,mòuh bengh,"fault, defect, shortcomings, ailment, CL:個",,
貿易,贸易,mau6 jik6,mauh yihk,"(commercial) trade, CL:個",,
沒什麼,没什么,mut6 sam6 mo1,muht samh mō,"nothing, it doesn't matter, it's nothing, never mind",,
沒想到,没想到,mut6 soeng2 dou3,muht séung dou,didn't expect,,
玫瑰,玫瑰,mui4 gwai1,mùih gwāi,"rugosa rose (shrub) (Rosa rugosa), rose flower, CL:朵, 棵",,
美好,美好,mei5 hou2,méih hóu,"beautiful, fine",,
夢,梦,mung6,mungh,"dream, CL:場, 個",,
迷路,迷路,mai4 lou6,màih louh,"to lose the way, lost, labyrinth, labyrinthus vestibularis (of the inner ear)",,
迷人,迷人,mai4 jan4,màih yành,"fascinating, enchanting, charming, tempting",,
米飯,米饭,mai5 faan6,máih faanh,(cooked) rice,,Cantonese::neverSpoken
米粉,米粉,mai5 fan2,máih fán,"rice flour, rice-flour noodles, (Internet slang) Xiaomi fan",,
祕密,秘密,bei3,bei,"secret, secretly",,
密切,密切,mat6 cit3,maht chit,"close, familiar, intimate, closely (related), to foster close ties, to pay close attention",,
免費,免费,min5 fai3,mính fai,free (of charge),,
面,面,min6,minh,"face, side, surface, aspect, top, classifier for flat surfaces such as drums, mirrors, flags etc",,
面積,面积,min6 zik1,minh jīk,"area (of a floor, piece of land etc), surface area, tract of land",,
面前,面前,min6 cin4,minh chình,"in front of, facing, (in the) presence (of)",,
麵條,面条,min6 tiu4,minh tìuh,noodles,,
描寫,描写,miu4 se2,mìuh sé,"to describe, to depict, to portray, description",,
秒,秒,miu5,míuh,"second (unit of time), arc second (angular measurement unit), (coll.) instantly",,
廟,庙,miu6,miuh,"temple, ancestral shrine, CL:座, temple fair, great imperial hall, imperial",,
民國,民国,man4 gwok3,mành gwok,"Republic of China (1912-1949), used in Taiwan as the name of the calendar era (e.g. 民國六十年国六十年 is 1971, the 60th year after 1911)",,
民族,民族,man4 zuk6,mành juhk,"nationality, ethnic group, CL:個",,
名,名,ming4,mìngh,"name, noun (part of speech), place (e.g. among winners), famous, classifier for people",,
名詞,名词,ming4 ci4,mìngh chìh,noun,,
明白,明白,ming4 baak6,mìngh baahk,"clear, obvious, unequivocal, to understand, to realize",,
明顯,明显,ming4 hin2,mìngh hín,"clear, distinct, obvious",,
明星,明星,ming4 sing1,mìngh sīng,"star, celebrity",,
命,命,ming6,mingh,"life, fate, order or command, to assign a name, title etc",,
摸,摸,mo2,mó,"to feel with the hand, to touch, to stroke, to grope, to steal, to abstractvariant of 摹",,
摩托車,摩托车,mo1 tok3 ce1,mō tok chē,"motorbike, motorcycle (loanword), CL:輛, 部",,
陌生,陌生,mak6 saang1,mahk sāang,"strange, unfamiliar",,
某,某,mau5,máuh,"some, a certain, sb or sth indefinite, such-and-such",,
木,木,muk6,muhk,"surname Mutree, wood, coffin, wooden, simple, numb, one of the eight ancient musical instruments 八音",,
木頭,木头,muk6 tau4,muhk tàuh,"slow-witted, blockhead, log (of wood, timber etc), CL:塊, 根",,
目的,目的,muk6 dik1,muhk dīk,"purpose, aim, goal, target, objective, CL:個",,
目前,目前,muk6 cin4,muhk chình,"at the present time, currently",,
拿手,拿手,naa4 sau2,nàh sáu,"expert in, good at",,
哪些,哪些,naa5 se1,náh sē,"which ones?, who?, what?",,
那樣,那样,naa5 joeng6,náh yeungh,"that kind, that sort",,
奶,奶,naai5,náaih,"breast, milk, to breastfeed",,
奶茶,奶茶,naai5 caa4,náaih chàh,milk tea,,
耐心,耐心,noi6 sam1,noih sām,"to be patient, patience",,
南方,南方,naam4 fong1,nàamh fōng,"south, the southern part of the country, the South",,
難怪,难怪,naan4 gwaai3,nàanh gwaai,"(it's) no wonder (that...), (it's) not surprising (that)",,
難看,难看,naan4 hon3,nàanh hon,"ugly, unsightly",,
腦,脑,nou5,nóuh,"brain, mind, head, essence",,
腦子,脑子,nou5 zi2,nóuh jí,"brains, mind, CL:個",,
鬧鐘,闹钟,naau6 zung1,naauh jūng,alarm clock,,
內,内,noi6,noih,"inside, inner, internal, within, interior",,
內容,内容,noi6 jung4,noih yùngh,"content, substance, details, CL:個, 項",,
能夠,能够,nang4 gau3,nàngh gau,"to be capable of, to be able to, can",,
能力,能力,nang4 lik6,nàngh lihk,"capability, ability, CL:個",,
年代,年代,nin4 doi6,nình doih,"a decade of a century (e.g. the Sixties), age, era, period, CL:個",,
年齡,年龄,nin4 ling4,nình lìngh,"(a person's) age, CL:把, 個",,
年年,年年,nin4 nin4,nình nình,"year after year, yearly, every year, annually",,
念書,念书,nim6 syu1,nimh syū,"to read, to study",,
農業,农业,nung4 jip6,nùngh yihp,"agriculture, farming",,
女士,女士,neoi5 si6,néuih sih,"lady, madam, CL:個, 位, Miss, Ms",,
喔,喔,ak1,āk,"I see, oh(particle) marker of surprise, sudden realization, reminder",,
哦,哦,ngo4,ngòh,"to chantsentence-final particle that conveys informality, warmth, friendliness or intimacy, may also indicate that one is stating a fact that the other person is not aware of",,
噢,噢,juk1,yūk,Oh! (expression of realization),,
拍,拍,paak3,paak,"to pat, to clap, to slap, to swat, to take (a photo), to shoot (a film), racket (sports), beat (music)",,
排,排,paai4,pàaih,"a row, a line, to set in order, to arrange, to line up, to eliminate, to drain, to push open, platoon, raft, classifier for lines, rows etc",,
牌子,牌子,paai4 zi2,pàaih jí,"sign, trademark, brand",,
盼望,盼望,paan3 mong6,paan mongh,"to hope for, to look forward to",,
旁,旁,pong4,pòngh,"beside, one side, other, side, self, the right-hand side of split Chinese character, often the phonetic",,
陪,陪,pui4,pùih,"to accompany, to keep sb company, to assist, old variant of 賠",,
培養,培养,pui4 joeng5,pùih yéungh,"to cultivate, to breed, to foster, to nurture, to educate, to groom (for a position), education, fostering, culture (biology)",,
配,配,pui3,pui,"to join, to fit, to mate, to mix, to match, to deserve, to make up (a prescription), to allocate",,
配合,配合,pui3 hap6,pui hahp,"matching, fitting in with, compatible with, to correspond, to fit, to conform to, rapport, to coordinate with, to act in concert with, to cooperate, to become man and wife, to combine parts of machine",,
碰,碰,pung3,pung,"to touch, to meet with, to bump",,
碰到,碰到,pung3 dou3,pung dou,"to come across, to run into, to meet, to hit",,
碰上,碰上,pung3 soeng5,pung séungh,"to run into, to come upon, to meet",,
批評,批评,pai1 ping4,pāi pìngh,"to criticize, criticism, CL:個",,
皮,皮,pei4,pèih,"surname Pileather, skin, fur, CL:張, pico- (one trillionth), naughty",,
皮帶,皮带,pei4 daai3,pèih daai,"strap, leather belt, CL:條, 根",,
皮膚,皮肤,pei4 fu1,pèih fū,"skin, CL:層, 塊",,
皮鞋,皮鞋,pei4 haai4,pèih hàaih,leather shoes,,
篇,篇,pin1,pīn,"sheet, piece of writing, bound set of bamboo slips used for record keeping (old), classifier for written items: chapter, article",,
騙子,骗子,pin3 zi2,pin jí,"swindler, a cheat",,
品質,品质,ban2 zat1,bán jāt,"character, intrinsic quality (of a person), quality (of a product or service, or as in ""quality of life"", ""air quality"" etc)",,
坪,坪,ping4,pìngh,"a plain, ping, unit of area equal to approx. 3.3058 square meters (used in Japan and Taiwan)",,
平,平,ping4,pìngh,"surname Pingflat, level, equal, to tie (make the same score), to draw (score), calm, peaceful, see also 平聲声",,
平安,平安,ping4 ngon1,pìngh ngōn,"safe and sound, well, without mishap, quiet and safe, at peace",,
平等,平等,ping4 dang2,pìngh dáng,"equal, equality",,
平時,平时,ping4 si4,pìngh sìh,"ordinarily, in normal times, in peacetime",,
平原,平原,ping4 jyun4,pìngh yùnh,"field, plain, CL:個",,
瓶子,瓶子,ping4 zi2,pìngh jí,"bottle, CL:個",,
破,破,po3,po,"broken, damaged, worn out, lousy, rotten, to break, split or cleave, to get rid of, to destroy, to break with, to defeat, to capture (a city etc), to expose the truth of",,
破壞,破坏,po3 waai6,po waaih,"destruction, damage, to wreck, to break, to destroy",,
葡萄,葡萄,pou4 tou4,pòuh tòuh,grape,,
普遍,普遍,pou2 pin3,póu pin,"universal, general, widespread, common",,
欺負,欺负,hei1 fu6,hēi fuh,to bully,,
其次,其次,kei4 ci3,kèih chi,"next, secondly",,
其實,其实,kei4 sat6,kèih saht,"actually, in fact, really",,
其中,其中,kei4 zung1,kèih jūng,"among, in, included among these",,
期,期,kei4,kèih,"a period of time, phase, stage, classifier for issues of a periodical, courses of study, time, term, period, to hope, Taiwan pr.",,
期間,期间,kei4 gaan1,kèih gāan,"period of time, time, time period, period, CL:個",,
氣,气,hei3,hei,"gas, air, smell, weather, to make angry, to annoy, to get angry, vital energy, qi",,
氣溫,气温,hei3 wan1,hei wān,"air temperature, CL:個",,
汽水,汽水,hei3 seoi2,hei séui,"soda, pop",,
企業,企业,kei5 jip6,kéih yihp,"company, firm, enterprise, corporation, CL:家",,
簽名,签名,cim1 ming4,chīm mìngh,"to sign (one's name with a pen etc), to autograph, signature",,
簽證,签证,cim1 zing3,chīm jing,"visa, certificate, to certify, CL:個",,
謙虛,谦虚,him1 heoi1,hīm hēui,"modest, self-effacing, to make modest remarks",,
前年,前年,cin4 nin4,chình nình,the year before last,,
淺,浅,cin2,chín,"sound of moving watershallow, light (color)",,
強盜,强盗,koeng4 dou6,kèungh douh,"to rob (with force), bandit, robber, CL:個",,
強調,强调,koeng4 diu6,kèungh diuh,"to emphasize (a statement), to stress",,
搶,抢,coeng2,chéung,"see 搶風风to fight over, to rush, to scramble, to grab, to rob, to snatch",,
親,亲,can1,chān,"parent, one's own (flesh and blood), relative, related, marriage, bride, close, intimate, in person, first-hand, in favor of, pro-, to kiss, (Internet slang) dearparents-in-law of one's offspring",,
親切,亲切,can1 cit3,chān chit,"amiable, cordial, close and dear, familiar",,
親手,亲手,can1 sau2,chān sáu,"personally, with one's own hands",,
親眼,亲眼,can1 ngaan5,chān ngáanh,"with one's own eyes, personally",,
親自,亲自,can1 zi6,chān jih,"personally, in person, oneself",,
清,清,cing1,chīng,"Qing or Ch'ing dynasty of Imperial China (1644-1911), surname Qingclear, distinct, quiet, just and honest, pure, to settle or clear up, to clean up or purge",,
青年,青年,cing1 nin4,chīng nình,"youth, youthful years, young person, the young",,
青少年,青少年,cing1 siu2 nin4,chīng síu nình,"adolescent, youth, teenager",,
輕鬆,轻松,hing1 sung1,hīng sūng,"light, gentle, relaxed, effortless, uncomplicated, to relax, to take things less seriously",,
晴,晴,cing4,chìngh,"clear, fine (weather)",,
情,情,cing4,chìngh,"feeling, emotion, passion, situation",,
情人,情人,cing4 jan4,chìngh yành,"lover, sweetheart",,
情況,情况,cing4 fong3,chìngh fong,"circumstances, state of affairs, situation, CL:個, 種",,
情形,情形,cing4 jing4,chìngh yìngh,"circumstances, situation, CL:個",,
請教,请教,cing2 gaau3,chíng gaau,"to ask for guidance, to consult",,
請求,请求,cing2 kau4,chíng kàuh,"to request, to ask, request, CL:個",,
窮,穷,kung4,kùngh,"poor, destitute, to use up, to exhaust, thoroughly, extremely, (coll.) persistently and pointlessly",,
求,求,kau4,kàuh,"to seek, to look for, to request, to demand, to beseech",,
球,球,kau4,kàuh,"ball, sphere, globe, CL:個, ball game, match, CL:場",,
球場,球场,kau4 coeng4,kàuh chèungh,"stadium, sports ground, court, pitch, field, golf course, CL:個, 處",,
球賽,球赛,kau4 coi3,kàuh choi,"sports match, ballgame, CL:場",,
球員,球员,kau4 jyun4,kàuh yùnh,"sports club member, footballer, golfer etc",,
取代,取代,ceoi2 doi6,chéui doih,"to replace, to supersede, to supplant, (chemistry) substitution",,
去世,去世,heoi3 sai3,heui sai,"to pass away, to die",,
全,全,cyun4,chyùnh,"surname Quanall, whole, entire, every, complete",,
全球,全球,cyun4 kau4,chyùnh kàuh,"entire, total, global, the (whole) world, worldwide",,
全身,全身,cyun4 san1,chyùnh sān,"whole body, em (typography)",,
缺點,缺点,kyut3 dim2,kyut dím,"weak point, fault, shortcoming, disadvantage, CL:個",,
卻,却,koek3,keuk,"but, yet, however, while, to go back, to decline, to retreat, nevertheless, even though",,
確定,确定,kok3 ding6,kok dingh,"definite, certain, fixed, to fix (on sth), to determine, to be sure, to ensure, to make certain, to ascertain, to clinch, to recognize, to confirm, OK (on computer dialog box)",,
確認,确认,kok3 jing6,kok yingh,"to confirm, to verify, confirmation",,
熱狗,热狗,jit6 gau2,yiht gáu,hot dog (loanword),,
熱水,热水,jit6 seoi2,yiht séui,hot water,,
人家,人家,jan4 gaa1,yành gā,"household, dwelling, family, sb else's house, household business, house of woman's husband-to-be, CL:戶, 家other people, sb else, he, she or they, I, me (referring to oneself as ""one"" or ""people"")",,
人間,人间,jan4 gaan1,yành gāan,"the human world, the earth",,
人口,人口,jan4 hau2,yành háu,"population, people",,
人類,人类,jan4 leoi6,yành leuih,"humanity, human race, mankind",,
人們,人们,jan4 mun4,yành mùnh,people,,
人民,人民,jan4 man4,yành mành,"the people, CL:個",,
人人,人人,jan4 jan4,yành yành,"everyone, every person",,
人數,人数,jan4 sou3,yành sou,number of people,,
人物,人物,jan4 mat6,yành maht,"person, character (in a play, novel etc), protagonist, CL:個",,
忍,忍,2-Jan,2-Jan,"to bear, to endure, to tolerate, to restrain oneself",,
忍耐,忍耐,jan2 noi6,yán noih,"to endure, to bear with, to exercise patience, to restrain oneself, patience, endurance",,
認,认,jing6,yingh,"to recognize, to know, to admit",,
認得,认得,jing6 dak1,yingh dāk,"to recognize, to remember sth (or sb) on seeing it, to know",,
任務,任务,jam6 mou6,yamh mouh,"mission, assignment, task, duty, role, CL:項, 個",,
扔,扔,jing4,yìngh,"to throw, to throw away",,
仍,仍,jing4,yìngh,"still, yet, to remain",,
仍然,仍然,jing4 jin4,yìngh yình,"still, yet",,
日出,日出,jat6 ceot1,yaht chēut,sunrise,,
日記,日记,jat6 gei3,yaht gei,"diary, CL:則, 本, 篇",,
日子,日子,jat6 zi2,yaht jí,"day, a (calendar) date, days of one's life",,
如,如,jyu4,yùh,"as, as if, such as",,
如此,如此,jyu4 ci2,yùh chí,"in this way, so",,
如下,如下,jyu4 haa6,yùh hah,as follows,,
如意,如意,jyu4 ji3,yùh yi,"as one wants, according to one's wishes, ruyi scepter, a symbol of power and good fortune",,
弱,弱,joek6,yeuhk,"weak, feeble, young, inferior, (following a decimal or fraction) slightly less than",,
傘,伞,saan3,saan,"umbrella, parasol, CL:把",,
殺,杀,saat3,saat,"to kill, to murder, to attack, to weaken or reduce, to smart (dialect), (used after a verb) extremely",,
曬,晒,saai3,saai,"(of the sun) to shine on, to bask in (the sunshine), to dry (clothes, grain etc) in the sun, (fig.) to expose and share (one's experiences and thoughts) on the Web (loanword from ""share""), (coll.) to give the cold shoulder to",,
山區,山区,saan1 keoi1,sāan kēui,"mountain area, CL:個",,
傷害,伤害,soeng1 hoi6,sēung hoih,"to injure, to harm",,
商品,商品,soeng1 ban2,sēung bán,"commodity, goods, merchandise, CL:個",,
商人,商人,soeng1 jan4,sēung yành,"merchant, businessman",,
商業,商业,soeng1 jip6,sēung yihp,"business, trade, commerce",,
上當,上当,soeng5 dong1,séungh dōng,"taken in (by sb's deceit), to be fooled, to be duped",,
上帝,上帝,soeng5 dai3,séungh dai,God,,
上街,上街,soeng5 gaai1,séungh gāai,"to go onto the streets, to go shopping",,
上衣,上衣,soeng5 ji1,séungh yī,"jacket, upper outer garment, CL:件",,
燒,烧,siu1,sīu,"to burn, to cook, to stew, to bake, to roast, to heat, to boil (tea, water etc), fever, to run a temperature, (coll.) to let things go to one's head",,
蛇,蛇,se4,sèh,"snake, serpent, CL:條",,
設備,设备,cit3 bei6,chit beih,"equipment, facilities, installations, CL:個",,
設計,设计,cit3 gai3,chit gai,"plan, design, to design, to plan, CL:個",,
深,深,sam1,sām,"deep, depth, deeply, (of a color) dark, deep, rich",,
深入,深入,sam1 jap6,sām yahp,"to penetrate deeply, thorough",,
身邊,身边,san1 bin1,sān bīn,"at one's side, on hand",,
身高,身高,san1 gou1,sān gōu,(a person's) height,,
身上,身上,san1 soeng5,sān séungh,"on the body, at hand, among",,
甚至,甚至,sam6 zi3,samh ji,"even, so much so that",,
升,升,sing1,sīng,"to ascend, to rise to the rank of, to promote, to hoist, liter, measure for dry grain equal to one-tenth dou 斗",,
聲,声,seng1,sēng,"sound, voice, tone, noise, reputation, classifier for sounds",,
聲調,声调,seng1 diu6,sēng diuh,"tone, note, a tone (on a Chinese syllable), CL:個",,
生,生,saang1,sāang,"to be born, to give birth, life, to grow, raw, uncooked, student",,
生產,生产,saang1 caan2,sāang cháan,"to produce, to manufacture, to give birth to a child",,
生動,生动,saang1 dung6,sāang dungh,"vivid, lively",,
生命,生命,saang1 ming6,sāang mingh,"life (as the characteristic of living beings), living being, creature, CL:個, 條",,
生意,生意,saang1 ji3,sāang yi,"life force, vitalitybusiness, CL:筆",,
生字,生字,saang1 zi6,sāang jih,"new character (in textbook), character that is unfamiliar or not yet studied",,
省,省,saang2,sáang,"to save, to economize, to do without, to omit, to leave out, province, CL:個to inspect, to examine, to be aware, to pay a visit (to one's parents or elders)",,
省錢,省钱,saang2 cin2,sáang chín,to save money,,
剩,剩,zing6,jingh,"to remain, to be left, to have as remainder",,
剩下,剩下,zing6 haa6,jingh hah,"to remain, left over",,
濕,湿,sap1,sāp,"moist, wet",,
失戀,失恋,sat1 lyun2,sāt lyún,"to lose one's love, to break up (in a romantic relationship), to feel jilted",,
失去,失去,sat1 heoi3,sāt heui,to lose,,
獅子,狮子,si1 zi2,sī jí,"Leo (star sign), Shihtzu township in Pingtung County 屏東縣东县, Taiwanlion, CL:隻, 頭",,
十分,十分,sap6 fan1,sahp fān,"very, completely, utterly, extremely, absolutely, hundred percent, to divide into ten equal parts",,
石頭,石头,sek6 tau4,sehk tàuh,"stone, CL:塊",,
石油,石油,sek6 jau4,sehk yàuh,"oil, petroleum",,
時,时,si4,sìh,"surname Shio'clock, time, when, hour, season, period",,
時代,时代,si4 doi6,sìh doih,"Time, US weekly news magazineage, era, epoch, period (in one's life), CL:個",,
時刻,时刻,si4 hak1,sìh hāk,"time, juncture, moment, period of time, CL:個, 段, constantly, always",,
實話,实话,sat6 waa6,saht wah,truth,,
實際,实际,sat6 zai3,saht jai,"reality, practice, practical, realistic, real, actual",,
實力,实力,sat6 lik6,saht lihk,strength,,
實行,实行,sat6 hang4,saht hàngh,"to implement, to carry out, to put into practice",,
實在,实在,sat6 zoi6,saht joih,"really, actually, indeed, true, real, honest, dependable, (philosophy) reality",,
使得,使得,sai2 dak1,sái dāk,"usable, workable, feasible, doable, to make, to cause",,
使用,使用,sai2 jung6,sái yungh,"to use, to employ, to apply, to make use of",,
事實,事实,si6 sat6,sih saht,"fact, CL:個",,
事業,事业,si6 jip6,sih yihp,"undertaking, project, activity, (charitable, political or revolutionary) cause, publicly funded institution, enterprise or foundation, career, occupation, CL:個",,
適應,适应,sik1 jing3,sīk ying,"to adapt, to fit, to suit",,
市長,市长,si5 coeng4,síh chèungh,mayor,,
收穫,收获,sau1 wok6,sāu wohk,"to harvest, to reap, to gain, crop, harvest, profit, gain, bonus, reward",,
收音機,收音机,sau1 jam1 gei1,sāu yām gēi,"radio, CL:臺",,
熟,熟,suk6,suhk,"cooked (of food), ripe (of fruit), mature (of seeds), familiar, skilled, done",,
首,首,sau2,sáu,"head, chief, first (occasion, thing etc), classifier for poems, songs etc",,
手套,手套,sau2 tou3,sáu tou,"glove, mitten, CL:雙, 隻",,
手續,手续,sau2 zuk6,sáu juhk,"procedure, CL:道, 個, formalities",,
受得了,受得了,sau6 dak1 liu5,sauh dāk líuh,to be able to bear,,
書包,书包,syu1 baau1,syū bāau,"schoolbag, satchel, bookbag, CL:個, 隻",,
書架,书架,syu1 gaa3,syū ga,"bookshelf, CL:個",,
蔬菜,蔬菜,so1 coi3,sō choi,"vegetables, CL:種",,
舒適,舒适,syu1 sik1,syū sīk,"cozy, snug",,
叔叔,叔叔,suk1 suk1,sūk sūk,"father's younger brother, uncle, Taiwan pr. , CL:個",,
熟悉,熟悉,suk6 sik1,suhk sīk,"to be familiar with, to know well",,
數,数,sou3,sou,"to count, to count as, to regard as, to enumerate (sb's shortcomings)frequently, repeatedly",,
數字,数字,sou3 zi6,sou jih,"numeral, digit, number, figure, amount, digital (electronics etc), CL:個",,
樹木,树木,syu6 muk6,syuh muhk,tree,,
刷牙,刷牙,caat3 ngaa4,chaat ngàh,to brush one's teeth,,
帥,帅,seoi3,seui,"surname Shuaihandsome, graceful, smart, commander in chief, (coll.) cool!, sweet!",,
水餃,水饺,seoi2 gaau2,séui gáau,boiled dumpling,,
水平,水平,seoi2 ping4,séui pìngh,"level (of achievement etc), standard, horizontal",,
水準,水准,seoi2 zeon2,séui jéun,"level (of achievement etc), standard, level (surveying)",,
睡著,睡著,seoi6 zyu3,seuih jyu,to fall asleep,,
順便,顺便,seon6 bin6,seunh binh,"conveniently, in passing, without much extra effort",,
順利,顺利,seon6 lei6,seunh leih,"smoothly, without a hitch",,
說法,说法,syut3 faat3,syut faat,"to expound Buddhist teachingsway of speaking, wording, formulation, one's version (of events), statement, theory, hypothesis, interpretation",,
說明,说明,syut3 ming4,syut mìngh,"to explain, to illustrate, to indicate, to show, to prove, explanation, directions, caption, CL:個",,
說起來,说起来,syut3 hei2 loi4,syut héi lòih,"put it this way, as a matter of fact",,
思考,思考,si1 haau2,sī háau,"to reflect on, to ponder over",,
思想,思想,si1 soeng2,sī séung,"thought, thinking, idea, ideology, CL:個",,
似乎,似乎,ci5 fu4,chíh fùh,"apparently, to seem, to appear, as if, seemingly",,
寺廟,寺庙,zi6 miu6,jih miuh,"temple, monastery, shrine",,
速度,速度,cuk1 dou6,chūk douh,"speed, rate, velocity, (music) tempo, CL:個",,
算了,算了,syun3 liu5,syun líuh,"let it be, let it pass, forget about it",,
隨便,随便,ceoi4 bin6,chèuih binh,"as one wishes, as one pleases, at random, negligent, casual, wanton",,
隨時,随时,ceoi4 si4,chèuih sìh,"at any time, at all times, at the right time",,
所,所,so2,só,"actually, place, classifier for houses, small buildings, institutions etc, that which, particle introducing a relative clause or passive, CL:個",,
所謂,所谓,so2 wai6,só waih,"so-called, what is called",,
它,它,taa1,tā,it,,
它們,它们,taa1 mun4,tā mùnh,they (for inanimate objects),,
台,台,toi4,tòih,terrace,tower; lookout  platform; stage; rostrum stand; support; base  station; channel; network you; your (a title of respect) [6] short for Taiwan [7] [classifier] whole set (of certain machinery),
抬,抬,toi4,tòih,"to lift, to raise, (of two or more persons) to carry",,
颱風,台风,toi4 fung1,tòih fūng,"hurricane, typhoon",,
態度,态度,taai3 dou6,taai douh,"manner, bearing, attitude, approach, CL:個",,
談話,谈话,taam4 waa6,tàamh wah,"talk, conversation, CL:次",,
堂,堂,tong4,tòngh,"(main) hall, large room for a specific purpose, CL:間, relationship between cousins etc on the paternal side of a family, of the same clan, classifier for classes, lectures etc, classifier for sets of furniture",,
討厭,讨厌,tou2 jim3,tóu yim,"to dislike, to loathe, disagreeable, troublesome, annoying",,
套,套,tou3,tou,"to cover, to encase, cover, sheath, to overlap, to interleave, to model after, to copy, formula, harness, loop of rope, (fig.) to fish for, to obtain slyly, classifier for sets, collections, bend (of a river or mountain range, in place names), tau (Greek letter Ττ)",,
特地,特地,dak6 dei6,dahk deih,"specially, for a special purpose",,
特色,特色,dak6 sik1,dahk sīk,"characteristic, distinguishing feature or quality",,
特殊,特殊,dak6 syu4,dahk syùh,"special, particular, unusual, extraordinary",,
提,提,tai4,tàih,"to carry (hanging down from the hand), to lift, to put forward, to mention, to raise (an issue), upwards character stroke, lifting brush stroke (in painting), scoop for measuring liquid",,
提到,提到,tai4 dou3,tàih dou,"to mention, to raise (a subject), to refer to",,
提高,提高,tai4 gou1,tàih gōu,"to raise, to increase, to improve",,
提供,提供,tai4 gung1,tàih gūng,"to offer, to supply, to provide, to furnish",,
題材,题材,tai4 coi4,tàih chòih,subject matter,,
題目,题目,tai4 muk6,tàih muhk,"subject, title, topic, CL:個",,
體會,体会,tai2 wui2,tái wúi,"to know from experience, to learn through experience, to realize, understanding, experience",,
體力,体力,tai2 lik6,tái lihk,"physical strength, physical power",,
體貼,体贴,tai2 tip3,tái tip,considerate (of other people's needs),,
體重,体重,tai2 cung4,tái chùngh,body weight,,
替,替,tai3,tai,"to substitute for, to take the place of, to replace, for, on behalf of, to stand in for",,
天堂,天堂,tin1 tong4,tīn tòngh,"paradise, heaven",,
天天,天天,tin1 tin1,tīn tīn,every day,,
天下,天下,tin1 haa6,tīn hah,"land under heaven, the whole world, the whole of China, realm, rule",,
田,田,tin4,tình,"surname Tianfield, farm, CL:片",,
填,填,tin4,tình,"to fill or stuff, (of a form etc) to fill in",,
甜點,甜点,tim4 dim2,tìmh dím,dessert,,
條件,条件,tiu4 gin6,tìuh ginh,"condition, circumstances, term, factor, requirement, prerequisite, qualification, CL:個",,
挑戰,挑战,tiu1 zin3,tīu jin,"to challenge, challenge",,
貼,贴,tip3,tip,"to stick, to paste, to post (e.g. on a blog), to keep close to, to fit snugly, to subsidize, allowance (e.g. money for food or housing), sticker, classifier for sticking plaster: strip",,
鐵,铁,tit3,tit,"surname Tieiron (metal), arms, weapons, hard, strong, violent, unshakeable, determined, close, tight (slang)",,
鐵路,铁路,tit3 lou6,tit louh,"railroad, railway, CL:條",,
聽見,听见,ting3 gin3,ting gin,to hear,,
聽力,听力,ting3 lik6,ting lihk,"hearing, listening ability",,
聽起來,听起来,ting3 hei2 loi4,ting héi lòih,to sound like,,
聽眾,听众,ting3 zung3,ting jung,"audience, listeners",,
挺,挺,ting5,tíngh,"straight, erect, to stick out (a part of the body), to (physically) straighten up, to support, to withstand, outstanding, (coll.) quite, very, classifier for machine guns",,
通,通,tung1,tūng,"to go through, to know well, (suffix) expert, to connect, to communicate, open, to clear, classifier for letters, telegrams, phone calls etcclassifier for an activity, taken in its entirety (tirade of abuse, stint of music playing, bout of drinking etc)",,
通過,通过,tung1 gwo3,tūng gwo,"by means of, through, via, to pass through, to get through, to adopt, to pass (a bill or inspection etc), to switch over",,
同,同,tung4,tùngh,"like, same, similar, together, alike, with",,
同情,同情,tung4 cing4,tùngh chìngh,"to sympathize with, sympathy",,
同時,同时,tung4 si4,tùngh sìh,"at the same time, simultaneously",,
同樣,同样,tung4 joeng6,tùngh yeungh,"same, equal, equivalent",,
痛苦,痛苦,tung3 fu2,tung fú,"pain, suffering, painful, CL:個",,
投,投,tau4,tàuh,"to cast, to send, to throw oneself (into the river etc), to seek refuge, to place oneself into the hands of",,
投資,投资,tau4 zi1,tàuh jī,"investment, to invest",,
頭痛,头痛,tau4 tung3,tàuh tung,to have a headache,,
圖,图,tou4,tòuh,"diagram, picture, drawing, chart, map, CL:張, to plan, to scheme, to attempt, to pursue, to seek",,
突然,突然,dat6 jin4,daht yình,"sudden, abrupt, unexpected",,
土,土,tou2,tóu,"Tu (ethnic group), surname Tuearth, dust, clay, local, indigenous, crude opium, unsophisticated, one of the eight ancient musical instruments 八音",,
土地,土地,tou2 dei6,tóu deih,"land, soil, territory, CL:片, 塊local god, genius loci",,
兔子,兔子,tou3 zi2,tou jí,"hare, rabbit, CL:隻",,
團體,团体,tyun4 tai2,tyùnh tái,"group, organization, team, CL:個",,
團圓,团圆,tyun4 jyun4,tyùnh yùnh,to have a reunion,,
推,推,teoi1,tēui,"to push, to cut, to refuse, to reject, to decline, to shirk (responsibility), to put off, to delay, to push forward, to nominate, to elect, massage",,
推薦,推荐,teoi1 zin3,tēui jin,"to recommend, recommendation",,
推銷,推销,teoi1 siu1,tēui sīu,"to market, to sell",,
退步,退步,teoi3 bou6,teui bouh,"to do less well than before, to make a concession, setback, backward step, leeway, room to maneuver, fallback",,
退休,退休,teoi3 jau1,teui yāu,"to retire, retirement (from work)",,
脫,脱,tyut3,tyut,"to shed, to take off, to escape, to get away from",,
娃娃,娃娃,waa1 waa1,wā wā,"baby, small child, doll",,
外邊,外边,ngoi6 bin1,ngoih bīn,"outside, outer surface, abroad, place other than one's home",,
外公,外公,ngoi6 gung1,ngoih gūng,"(coll.) mother's father, maternal grandfather",,
外婆,外婆,ngoi6 po4,ngoih pòh,"(coll.) mother's mother, maternal grandmother",,
外文,外文,ngoi6 man4,ngoih mành,foreign language (written),,
外語,外语,ngoi6 jyu5,ngoih yúh,"foreign language, CL:門",,
完成,完成,jyun4 sing4,yùnh sìngh,"to complete, to accomplish",,
完全,完全,jyun4 cyun4,yùnh chyùnh,"complete, whole, totally, entirely",,
玩具,玩具,waan2 geoi6,wáan geuih,"plaything, toy",,
萬一,万一,maan6 jat1,maanh yāt,"just in case, if by any chance, contingency",,
網,网,mong5,móngh,"net, network",,
網路,网路,mong5 lou6,móngh louh,"network (computer, telecom), Internet, Taiwanese term for 網絡络",,
往往,往往,wong5 wong5,wóngh wóngh,"usually, in many cases, more often than not",,
忘記,忘记,mong4 gei3,mòngh gei,to forget,,
維持,维持,wai4 ci4,wàih chìh,"to keep, to maintain, to preserve",,
微笑,微笑,mei4 siu3,mèih siu,"smile, CL:個, 絲, to smile",,
為主,为主,wai4 zyu2,wàih jyú,"to rely mainly on, to attach most importance to",,
偉大,伟大,wai5 daai6,wáih daaih,"huge, great, grand, worthy of the greatest admiration, important (contribution etc)",,
為,为,wai4,wàih,"as (in the capacity of), to take sth as, to act as, to serve as, to behave as, to become, to be, to do, by (in the passive voice)because of, for, to",,
未來,未来,mei6 loi4,meih lòih,"future, tomorrow, CL:個, approaching, coming, pending",,
位置,位置,wai2 zi3,wái ji,"position, place, seat, CL:個",,
位子,位子,wai2 zi2,wái jí,"place, seat",,
溫柔,温柔,wan1 jau4,wān yàuh,"gentle and soft, tender",,
文件,文件,man4 gin6,mành ginh,"document, file, CL:份",,
文學,文学,man4 hok6,mành hohk,"literature, CL:種",,
文字,文字,man4 zi6,mành jih,"character, script, writing, written language, writing style, phraseology, CL:個",,
聞,闻,man4,mành,"surname Wento hear, news, well-known, famous, reputation, fame, to smell, to sniff at",,
穩定,稳定,wan2 ding6,wán dingh,"steady, stable, stability, to stabilize, to pacify",,
問好,问好,man6 hou2,manh hóu,"to say hello to, to send one's regards to",,
問候,问候,man6 hau6,manh hauh,"to give one's respects, to send a greeting",,
握手,握手,aak1 sau2,āak sáu,to shake hands,,
屋子,屋子,nguk1 zi2,ngūk jí,"house, room, CL:間",,
無,无,mou4,mòuh,"not to have, no, none, not, to lack, un-, -less",,
無法,无法,mou4 faat3,mòuh faat,"unable, incapable",,
無論如何,无论如何,mou4 leon6 jyu4 ho4,mòuh leunh yùh hòh,"whatever the case, in any event, no matter what, by all possible means",,
無窮,无穷,mou4 kung4,mòuh kùngh,"endless, boundless, inexhaustible",,
無所謂,无所谓,mou4 so2 wai6,mòuh só waih,"to be indifferent, not to matter, cannot be said to be",,
誤會,误会,ng6 wui2,ngh wúi,"to misunderstand, to mistake, misunderstanding, CL:個",,
物價,物价,mat6 gaa3,maht ga,"(commodity) prices, CL:個",,
西北,西北,sai1 bak1,sāi bāk,"Northwest China (Shaanxi, Gansu, Qinghai, Ningxia, Xinjiang)northwest",,
西餐,西餐,sai1 caan1,sāi chāan,"Western-style food, CL:份, 頓",,
西方,西方,sai1 fong1,sāi fōng,"the West, the Occident, Western countries",,
西南,西南,sai1 naam4,sāi nàamh,southwest,,
吸毒,吸毒,kap1 duk6,kāp duhk,to take drugs,,
吸收,吸收,kap1 sau1,kāp sāu,"to absorb, to assimilate, to ingest, to recruit",,
吸引,吸引,kap1 jan5,kāp yánh,"to attract (interest, investment etc), CL:個",,
犧牲,牺牲,hei1 sang1,hēi sāng,"to sacrifice one's life, to sacrifice (sth valued), beast slaughtered as a sacrifice",,
喜愛,喜爱,hei2 ngoi3,héi ngoi,"to like, to love, to be fond of, favorite",,
細,细,sai3,sai,"thin or slender, finely particulate, thin and soft, fine, delicate, trifling, (of a sound) quiet, frugal",,
細心,细心,sai3 sam1,sai sām,"careful, attentive",,
戲,戏,hei3,hei,"trick, drama, play, show, CL:出, 場, 臺",,
戲劇,戏剧,hei3 kek6,hei kehk,"drama, play, theater",,
系統,系统,hai6 tung2,haih túng,"system, CL:個",,
下來,下来,haa6 loi4,hah lòih,"to come down, (after verb of motion, indicates motion down and towards us, also fig.), (indicates continuation from the past towards us), to be harvested (of crops), to be over (of a period of time), to go among the masses (said of leaders)",,
嚇,吓,haak3,haak,"to scare, to intimidate, to threaten, (interjection showing disapproval) tut-tut, (interjection showing astonishment)to frighten, to scare",,
嚇一跳,吓一跳,haak3 jat1 tiu3,haak yāt tiu,"startled, to frighten, scared out of one's skin",,
線,线,sin3,sin,"thread, string, wire, line, CL:條, 股, 根, (after a number) tier (unofficial ranking of a Chinese city)",,
現代,现代,jin6 doi6,yinh doih,"Hyundai, South Korean companymodern times, modern age, modern era",,
現實,现实,jin6 sat6,yinh saht,"reality, actuality, real, actual, realistic, pragmatic, materialistic, self-interested",,
現象,现象,jin6 zoeng6,yinh jeungh,"phenomenon, CL:個, 種, appearance",,
限制,限制,haan6 zai3,haanh jai,"to restrict, to limit, to confine, restriction, limit, CL:個",,
相當,相当,soeng1 dong1,sēung dōng,"equivalent to, appropriate, considerably, to a certain extent, fairly, quite",,
相對,相对,soeng1 deoi3,sēung deui,"relatively, opposite, to resist, to oppose, relative, vis-a-vis, counterpart",,
相反,相反,soeng1 faan2,sēung fáan,"opposite, contrary",,
相關,相关,soeng1 gwaan1,sēung gwāan,"related, relevant, pertinent, to be interrelated, (statistics) correlation",,
相同,相同,soeng1 tung4,sēung tùngh,"identical, same",,
箱子,箱子,soeng1 zi2,sēung jí,"suitcase, chest, box, case, trunk, CL:隻, 個",,
香水,香水,hoeng1 seoi2,hēung séui,"perfume, cologne",,
詳細,详细,coeng4 sai3,chèungh sai,"detailed, in detail, minute",,
響,响,hoeng2,héung,"echo, sound, noise, to make a sound, to sound, to ring, loud, classifier for noises",,
想到,想到,soeng2 dou3,séung dou,"to think of, to call to mind, to anticipate",,
想法,想法,soeng2 faat3,séung faat,"way of thinking, opinion, notion, to think of a way (to do sth), CL:個",,
想像,想像,soeng2 zoeng6,séung jeungh,"to imagine, to conceive of, to visualize, imagination",,
項,项,hong6,hongh,"surname Xiangback of neck, item, thing, term (in a mathematical formula), sum (of money), classifier for principles, items, clauses, tasks, research projects etc",,
相機,相机,soeng1 gei1,sēung gēi,"camera (abbr. for 照相機相机), at the opportune moment, as the circumstances allow",,
相聲,相声,soeng1 seng1,sēung sēng,"comic dialogue, sketch, crosstalk",,
小吃,小吃,siu2 hek3,síu hek,"snack, refreshments, CL:家",,
小朋友,小朋友,siu2 pang4 jau5,síu pàngh yáuh,"child, CL:個",,
小組,小组,siu2 zou2,síu jóu,group,,
效果,效果,haau6 gwo2,haauh gwó,"result, effect, quality, CL:個",,
笑話,笑话,siu3 waa6,siu wah,"joke, jest, CL:個, to laugh at, to mock",,
孝順,孝顺,haau3 seon6,haau seunh,"filial piety, to be obedient to one's parents",,
協助,协助,hip3 zo6,hip joh,"to provide assistance, to aid",,
血,血,hyut3,hyut,"blood, colloquial pr. , CL:滴, 片",,
謝,谢,ze6,jeh,"surname Xieto thank, to apologize, to wither (of flowers, leaves etc), to decline",,
心得,心得,sam1 dak1,sām dāk,"what one has learned (through experience, reading etc), knowledge, insight, understanding, tips, CL:項, 個",,
心理,心理,sam1 lei5,sām léih,"mental, psychological",,
心意,心意,sam1 ji3,sām yi,"regard, kindly feelings, intention",,
欣賞,欣赏,jan1 soeng2,yān séung,"to appreciate, to enjoy, to admire",,
新生,新生,san1 saang1,sān sāang,"new, newborn, emerging, nascent, rebirth, regeneration, new life, new student",,
信箱,信箱,seon3 soeng1,seun sēung,"mailbox, post office box",,
信心,信心,seon3 sam1,seun sām,"confidence, faith (in sb or sth), CL:個",,
興奮,兴奋,hing1 fan5,hīng fánh,"excited, excitement, (physiology) excitation",,
行動,行动,hang4 dung6,hàngh dungh,"operation, action, to move, mobile, CL:個",,
行為,行为,hang4 wai4,hàngh wàih,"action, conduct, behavior, activity",,
形容,形容,jing4 jung4,yìngh yùngh,"to describe, description, appearance, look",,
醒,醒,sing2,síng,"to wake up, to be awake, to become aware, to sober up, to come to",,
醒來,醒来,sing2 loi4,síng lòih,to waken,,
性別,性别,sing3 bit6,sing biht,"gender, sex, distinguishing between the sexes",,
性格,性格,sing3 gaak3,sing gaak,"nature, disposition, temperament, character, CL:個",,
幸好,幸好,hang6 hou2,hangh hóu,fortunately,,
幸虧,幸亏,hang6 kwai1,hangh kwāi,"fortunately, luckily",,
幸運,幸运,hang6 wan6,hangh wanh,"fortunate, lucky, fortune, luck",,
兇,凶,hung1,hūng,"terrible, fearful",,
兄弟,兄弟,hing1 dai6,hīng daih,"brothers, younger brother, CL:個, I, me (humble term used by men in public speech), brotherly, fraternal",,
熊貓,熊猫,hung4 maau1,hùngh māau,"panda, CL:隻",,
修,修,sau1,sāu,"surname Xiuto decorate, to embellish, to repair, to build, to write, to cultivate, to study, to take (a class)",,
修改,修改,sau1 goi2,sāu gói,"to amend, to alter, to modify",,
修理,修理,sau1 lei5,sāu léih,"to repair, to fix, to prune, to trim, (coll.) to sort sb out, to fix sb",,
需求,需求,seoi1 kau4,sēui kàuh,"requirement, to require, (economics) demand",,
選,选,syun2,syún,"to choose, to pick, to select, to elect",,
選舉,选举,syun2 geoi2,syún géui,"to elect, election, CL:次, 個",,
選擇,选择,syun2 zaak6,syún jaahk,"to select, to pick, choice, option, alternative",,
學會,学会,hok6 wui2,hohk wúi,"to learn, to master, institute, learned society, (scholarly) association",,
學問,学问,hok6 man6,hohk manh,"learning, knowledge, CL:個",,
尋找,寻找,cam4 zaau2,chàmh jáau,"to seek, to look for",,
訓練,训练,fan3 lin6,fan linh,"to train, to drill, training, CL:個",,
呀,呀,aa1,ā,"(particle equivalent to 啊 after a vowel, expressing surprise or doubt)",,
鴨,鸭,ngaap3,ngaap,"duck, CL:隻, (slang) male prostitute",,
押金,押金,aat3 gam1,aat gām,"deposit, down payment",,
牙,牙,ngaa4,ngàh,"tooth, ivory, CL:顆",,
牙齒,牙齿,ngaa4 ci2,ngàh chí,"tooth, dental, CL:顆",,
煙火,烟火,jin1 fo2,yīn fó,"smoke and fire, fireworks",,
研究,研究,jin4 gau3,yình gau,"research, a study, CL:項, to research, to look into",,
嚴重,严重,jim4 cung4,yìmh chùngh,"grave, serious, severe, critical",,
演,演,jin2,yín,"to develop, to evolve, to practice, to perform, to play, to act",,
演出,演出,jin2 ceot1,yín chēut,"to act (in a play), to perform, to put on (a performance), performance, concert, show, CL:場, 次",,
演講,演讲,jin2 gong2,yín góng,"lecture, to make a speech",,
演員,演员,jin2 jyun4,yín yùnh,"actor or actress, performer, CL:個, 位, 名",,
眼光,眼光,ngaan5 gwong1,ngáanh gwōng,"gaze, insight, foresight, vision, way of looking at things",,
眼淚,眼泪,ngaan5 leoi6,ngáanh leuih,"tears, crying, CL:滴",,
陽光,阳光,joeng4 gwong1,yèungh gwōng,"sunshine, CL:線, transparent (open to public scrutiny)",,
養,养,joeng5,yéungh,"to raise (animals), to bring up (children), to keep (pets), to support, to give birth",,
樣,样,joeng6,yeungh,"manner, pattern, way, appearance, shape, classifier: kind, type",,
樣樣,样样,joeng6 joeng6,yeungh yeungh,all kinds,,
邀請,邀请,jiu1 cing2,yīu chíng,"to invite, invitation, CL:個",,
要求,要求,jiu3 kau4,yiu kàuh,"to request, to require, requirement, to stake a claim, to ask, to demand, CL:點",,
咬,咬,ngaau5,ngáauh,"to bite, to nip",,
要不然,要不然,jiu3 bat1 jin4,yiu bāt yình,"otherwise, or else, or",,
要不是,要不是,jiu3 bat1 si6,yiu bāt sih,"if it were not for, but for",,
要緊,要紧,jiu3 gan2,yiu gán,"important, urgent",,
野餐,野餐,je5 caan1,yéh chāan,"picnic, to have a picnic",,
也好,也好,jaa5 hou2,yáh hóu,it may not be a bad idea,may as well; whether...or...; no matter whether,
頁,页,jip6,yihp,"headpage, leaf",,
夜裡,夜里,je6 leoi5,yeh léuih,"during the night, at night, nighttime",,
夜市,夜市,je6 si5,yeh síh,night market,,
一下子兒,一下子儿,jat1 haa6 zi2,yāt hah jí,"In a short while, all at once",all of a sudden,
衣櫃,衣柜,ji1 gwai6,yī gwaih,"wardrobe, armoire, CL:個",,
依靠,依靠,ji1 kaau3,yī kaau,"to rely on sth (for support etc), to depend on",,
一塊兒,一块儿,jat1 faai3,yāt faai,"together | [粵]: 一齊, 一道 at the same location one piece",,
一切,一切,jat1 cit3,yāt chit,"everything, every, all",,
一向,一向,jat1 hoeng3,yāt heung,"always (previously), a period of time in the recent past",,
已,已,ji5,yíh,"already, to stop, then, afterwards",,
以,以,ji5,yíh,"abbr. for Israel 以色列to use, by means of, according to, in order to, because of, at (a certain date or place)",,
以來,以来,ji5 loi4,yíh lòih,since (a previous event),,
以免,以免,ji5 min5,yíh mính,"in order to avoid, so as not to",,
以內,以内,ji5 noi6,yíh noih,"within, less than",,
以上,以上,ji5 soeng5,yíh séungh,"that level or higher, that amount or more, the above-mentioned, (used to indicate that one has completed one's remarks) That is all.",,
以外,以外,ji5 ngoi6,yíh ngoih,"apart from, other than, except for, external, outside of, on the other side of, beyond",,
以為,以为,ji5 wai4,yíh wàih,to think (i.e. to take it to be true that ...) (Usually there is an implication that the notion is mistaken – except when expressing one's own current opinion.),,
以下,以下,ji5 haa6,yíh hah,"that level or lower, that amount or less, the following",,
一般來說,一般来说,jat1 bun1 loi4 syut3,yāt būn lòih syut,generally speaking,,
一點兒,一点儿,jat1 dim2,yāt dím,erhua variant of 一點点,,Cantonese::neverSpoken
一連,一连,jat1 lin4,yāt lình,"in a row, in succession, running",,
一生,一生,jat1 saang1,yāt sāang,"all one's life, throughout one's life",,
一時,一时,jat1 si4,yāt sìh,"a period of time, a while, for a short while, temporary, momentary, at the same time",,
一同,一同,jat1 tung4,yāt tùngh,"along, together",,
意見,意见,ji3 gin3,yi gin,"idea, opinion, suggestion, objection, complaint, CL:點, 條",,
意外,意外,ji3 ngoi6,yi ngoih,"unexpected, accident, mishap, CL:個",,
意義,意义,ji3 ji6,yi yih,"sense, meaning, significance, importance, CL:個",,
陰,阴,jam1,yām,"surname Yinovercast (weather), cloudy, shady, Yin (the negative principle of Yin and Yang), negative (electric.), feminine, moon, implicit, hidden, genitalia",,
因此,因此,jan1 ci2,yān chí,"thus, consequently, as a result",,
音響,音响,jam1 hoeng2,yām héung,"sound, acoustics, audio, hi-fi system, stereo sound system, abbr. for 組合音響合音响",,
引起,引起,jan5 hei2,yánh héi,"to give rise to, to lead to, to cause, to arouse",,
應,应,jing3,ying,"surname Yingto answer, to respond, to comply with, to deal or cope with",,
英俊,英俊,jing1 zeon3,yīng jeun,handsome,,
營養,营养,jing4 joeng5,yìngh yéungh,"nutrition, nourishment, CL:種",,
影片,影片,jing2 pin3,yíng pin,"film, movie, CL:部",,
擁有,拥有,jung2 jau5,yúng yáuh,"to have, to possess, to own",,
用法,用法,jung6 faat3,yungh faat,usage,,
用功,用功,jung6 gung1,yungh gūng,"diligent, industrious (in one's studies), to study hard, to make great effort",,
用品,用品,jung6 ban2,yungh bán,"articles for use, products, goods",,
優點,优点,jau1 dim2,yāu dím,"merit, benefit, strong point, advantage, CL:個, 項",,
優秀,优秀,jau1 sau3,yāu sau,"outstanding, excellent",,
幽默,幽默,jau1 mak6,yāu mahk,"(loanword) humor, humorous",,
郵票,邮票,jau4 piu3,yàuh piu,"(postage) stamp, CL:枚, 張",,
尤其,尤其,jau4 kei4,yàuh kèih,"especially, particularly",,
遊客,游客,jau4 haak3,yàuh haak,"traveler, tourist, (online gaming) guest player",,
游泳池,游泳池,jau4 wing6 ci4,yàuh wingh chìh,"swimming pool, CL:場",,
由於,由于,jau4 jyu1,yàuh yū,"due to, as a result of, thanks to, owing to, since, because",,
有的,有的,jau5 dik1,yáuh dīk,"(there are) some (who are...), some (exist)",,
有名,有名,jau5 ming4,yáuh mìngh,"famous, well-known",,
有錢,有钱,jau5 cin2,yáuh chín,"well-off, wealthy",,
有效,有效,jau5 haau6,yáuh haauh,"effective, in effect, valid",,
有意思,有意思,jau5 ji3 si1,yáuh yi sī,"interesting, meaningful, enjoyable, fun",,
友誼,友谊,jau5 ji4,yáuh yìh,"companionship, fellowship, friendship",,
於是,于是,jyu1 si6,yū sih,"thereupon, as a result, consequently, thus, hence",,
與,与,jyu5,yúh,and,to give; together withvariant of 歟to take part in,
玉,玉,juk6,yuhk,jade,,
玉米,玉米,juk6 mai5,yuhk máih,"corn, maize, CL:粒",,
預備,预备,jyu6 bei6,yuh beih,"to prepare, to make ready, preparation, preparatory",,
預習,预习,jyu6 zaap6,yuh jaahp,to prepare a lesson,,
遇到,遇到,jyu6 dou3,yuh dou,"to meet, to run into, to come across",,
員工,员工,jyun4 gung1,yùnh gūng,"staff, personnel, employee",,
原諒,原谅,jyun4 loeng6,yùnh leungh,"to excuse, to forgive, to pardon",,
原因,原因,jyun4 jan1,yùnh yān,"cause, origin, root cause, reason, CL:個",,
願望,愿望,jyun6 mong6,yunh mongh,"desire, wish",,
院子,院子,jyun2 zi2,yún jí,"courtyard, garden, yard, patio, CL:個, (old) servant",,
約會,约会,joek3 wui2,yeuk wúi,"appointment, engagement, date, CL:次, 個, to arrange to meet",,
越,越,jyut6,yuht,"generic word for peoples or states of south China or south Asia at different historical periods, abbr. for Vietnam 越南to exceed, to climb over, to surpass, the more... the more",,
月餅,月饼,jyut6 beng2,yuht béng,mooncake (esp. for the Mid-Autumn Festival),,
閱讀,阅读,jyut6 duk6,yuht duhk,"to read, reading",,
樂團,乐团,lok6 tyun4,lohk tyùnh,"band, orchestra",,
運氣,运气,wan6 hei3,wanh hei,luck (good or bad),,
在意,在意,zoi6 ji3,joih yi,"to care about, to mind",,
在於,在于,zoi6 jyu1,joih yū,"to be in, to lie in, to consist in, to depend on, to rest with",,
早日,早日,zou2 jat6,jóu yaht,"soon, shortly, on a day quite soon, promptly",,
早晚,早晚,zou2 maan5,jóu máanh,"morning and evening, sooner or later",,
造成,造成,zou6 sing4,jouh sìngh,"to bring about, to create, to cause",,
噪音,噪音,cou3 jam1,chou yām,"rumble, noise, static (in a signal)",,
責任,责任,zaak3 jam6,jaak yamh,"responsibility, blame, duty, CL:個",,
增加,增加,zang1 gaa1,jāng gā,"to raise, to increase",,
炸,炸,zaa3,ja,to deep fryto explode,,
摘,摘,zaak6,jaahk,"to take, to borrow, to pick (flowers, fruit etc), to pluck, to select, to remove, to take off (glasses, hat etc)",,
暫時,暂时,zaam6 si4,jaamh sìh,"temporary, provisional, for the time being",,
戰爭,战争,zin3 zang1,jin jāng,"war, conflict, CL:場, 次",,
長大,长大,coeng4 daai6,chèungh daaih,to grow up,,
掌握,掌握,zoeng2 aak1,jéung āak,"to grasp (often fig.), to control, to seize (initiative, opportunity, destiny), to master, to know well, to understand sth well and know how to use it, fluency",,
障礙,障碍,zoeng3 ngoi6,jeung ngoih,"barrier, obstruction, hindrance, impediment, obstacle",,
招待,招待,ziu1 doi6,jīu doih,"to receive (guests), to entertain, reception",,
招牌,招牌,ziu1 paai4,jīu pàaih,"signboard, shop sign, reputation of a business",,
照,照,ziu3,jiu,"according to, in accordance with, to shine, to illuminate, to reflect, to look at (one's reflection), to take (a photo), photo, as requested, as before",,
哲學,哲学,zit3 hok6,jit hohk,"philosophy, CL:個",,
這裏,这里,ze5 lei5,jéh léih,variant of 這裡里,,
這下子,这下子,ze5 haa6 zi2,jéh hah jí,this time,,
這樣,这样,ze5 joeng6,jéh yeungh,"this kind of, so, this way, like this, such",,
這樣子,这样子,ze5 joeng6 zi2,jéh yeungh jí,"so, such, this way, like this",,
真的,真的,zan1 dik1,jān dīk,real,true; veritable,
真理,真理,zan1 lei5,jān léih,"truth, CL:個",,
真實,真实,zan1 sat6,jān saht,"true, real",,
真是,真是,zan1 si6,jān sih,"indeed, truly, (coll.) (used to express disapproval, annoyance etc about sth)",,
真心,真心,zan1 sam1,jān sām,"sincere, heartfelt, CL:片",,
真正,真正,zan1 zing3,jān jing,"genuine, real, true, genuinely",,
珍貴,珍贵,zan1 gwai3,jān gwai,precious,,
整,整,zing2,jíng,"exactly, in good order, whole, complete, entire, in order, orderly, to repair, to mend, to renovate, (coll.) to fix sb, to give sb a hard time, to mess with sb",,
整理,整理,zing2 lei5,jíng léih,"to arrange, to tidy up, to sort out, to straighten out, to list systematically, to collate (data, files), to pack (luggage)",,
整齊,整齐,zing2 cai4,jíng chàih,"orderly, neat, even, tidy",,
正,正,zing3,jing,"first month of the lunar yearstraight, upright, proper, main, principal, to correct, to rectify, exactly, just (at that time), right (in that place), (math.) positive",,
正常,正常,zing3 soeng4,jing sèungh,"regular, normal, ordinary",,
正確,正确,zing3 kok3,jing kok,"correct, proper",,
正式,正式,zing3 sik1,jing sīk,"formal, official",,
證明,证明,zing3 ming4,jing mìngh,"proof, certificate, identification, testimonial, CL:個, to prove, to testify, to confirm the truth of",,
證書,证书,zing3 syu1,jing syū,"credentials, certificate",,
支,支,zi1,jī,"surname Zhito support, to sustain, to erect, to raise, branch, division, to draw money, classifier for rods such as pens and guns, for army divisions and for songs or compositions",,
知,知,zi1,jī,"to know, to be aware",,
知識,知识,zi1 sik1,jī sīk,"knowledge, CL:門, intellectual",,
之後,之后,zi1 hau6,jī hauh,"afterwards, following, later, after",,
之間,之间,zi1 gaan1,jī gāan,"between, among, inter-",,
之前,之前,zi1 cin4,jī chình,"before, prior to, ago, previously, beforehand",,
直,直,zik6,jihk,"surname Zhi, Zhi (c. 2000 BC), fifth of the legendary Flame Emperors 炎帝 descended from Shennong 神農农 Farmer Godstraight, to straighten, fair and reasonable, frank, straightforward, (indicates continuing motion or action), vertical, vertical downward stroke in Chinese characters",,
直到,直到,zik6 dou3,jihk dou,until,,
值得,值得,zik6 dak1,jihk dāk,"to be worth, to deserve",,
殖民地,殖民地,zik6 man4 dei6,jihk mành deih,colony,,
植物,植物,zik6 mat6,jihk maht,"plant, vegetation, CL:種",,
職員,职员,zik1 jyun4,jīk yùnh,"office worker, staff member, CL:個, 位",,
指,指,zi2,jí,"finger, to point at or to, to indicate or refer to, to depend on, to count on, (of hair) to stand on end",,
只是,只是,zi2 si6,jí sih,"merely, simply, only, but",,
只要,只要,zi2 jiu3,jí yiu,"if only, so long as",,
制度,制度,zai3 dou6,jai douh,"system (e.g. political, adminstrative etc), institution, CL:個",,
智慧,智慧,zi3 wai6,ji waih,"wisdom, knowledge, intelligent, intelligence",,
至少,至少,zi3 siu2,ji síu,"at least, (to say the) least",,
至於,至于,zi3 jyu1,ji yū,"as for, as to, to go so far as to",,
中,中,zung1,jūng,"China, Chinese, surname Zhongto hit (the mark), to be hit by, to suffer, to win (a prize, a lottery)",,
中部,中部,zung1 bou6,jūng bouh,"middle part, central section",,
中餐,中餐,zung1 caan1,jūng chāan,"Chinese meal, Chinese food, CL:份, 頓",,
終於,终于,zung1 jyu1,jūng yū,"at last, in the end, finally, eventually",,
鐘,钟,zung1,jūng,"clock, o'clock, time as measured in hours and minutes, bell, CL:架, 座",,
重點,重点,cung4 dim2,chùngh dím,"to recount (e.g. results of election), to re-evaluateimportant point, main point, focus, key (project etc), to focus on, to put the emphasis on",,
重視,重视,cung4 si6,chùngh sih,"to attach importance to sth, to value",,
周圍,周围,zau1 wai4,jāu wàih,"surroundings, environment, to encompass",,
主動,主动,zyu2 dung6,jyú dungh,"to take the initiative, to do sth of one's own accord, spontaneous, active, opposite: passive 被動动, drive (of gears and shafts etc)",,
主婦,主妇,zyu2 fu5,jyú fúh,"housewife, woman of senior authority in a household, the lady of the house, hostess",,
主管,主管,zyu2 gun2,jyú gún,"in charge, responsible for, person in charge, manager",,
主人,主人,zyu2 jan4,jyú yành,"master, host, owner, CL:個",,
主任,主任,zyu2 jam6,jyú yamh,"director, head, CL:個",,
主題,主题,zyu2 tai4,jyú tàih,"theme, subject",,
主要,主要,zyu2 jiu3,jyú yiu,"main, principal, major, primary",,
主意,主意,zyu2 ji3,jyú yi,"plan, idea, decision, CL:個, Beijing pr.",,
祝,祝,zuk1,jūk,"surname Zhuto wish, to express good wishes, to pray, (old) wizard",,
祝福,祝福,zuk1 fuk1,jūk fūk,"blessings, to wish sb well",,
助,助,zo6,joh,"to help, to assist",,
助理,助理,zo6 lei5,joh léih,assistant,,
著名,著名,zyu3 ming4,jyu mìngh,"famous, noted, well-known, celebrated",,
抓,抓,zaa1,jā,"to grab, to catch, to arrest, to snatch, to scratch",,
專心,专心,zyun1 sam1,jyūn sām,"to concentrate, absorption, concentration, engrossed",,
專業,专业,zyun1 jip6,jyūn yihp,"specialty, specialized field, main field of study (at university), major, CL:門, 個, professional",,
狀態,状态,zong6 taai3,jongh taai,"state of affairs, state, mode, situation, CL:個",,
追求,追求,zeoi1 kau4,jēui kàuh,"to pursue (a goal etc) stubbornly, to seek after, to woo",,
準時,准时,zeon2 si4,jéun sìh,"on time, punctual, on schedule",,
資料,资料,zi1 liu2,jī líu,"material, resources, data, information, profile (Internet), CL:份, 個",,
資源,资源,zi1 jyun4,jī yùnh,"Ziyuan county in Guilin 桂林, Guangxinatural resource (such as water or minerals), resource (such as manpower or tourism)",,
仔細,仔细,zi2 sai3,jí sai,"careful, attentive, cautious",,
自從,自从,zi6 cung4,jih chùngh,"since (a time), ever since",,
自動,自动,zi6 dung6,jih dungh,"automatic, voluntarily",,
自然,自然,zi6 jin4,jih yình,"nature, natural, naturally",,
自殺,自杀,zi6 saat3,jih saat,"to kill oneself, to commit suicide, to attempt suicide",,
自信,自信,zi6 seon3,jih seun,"to have confidence in oneself, self-confidence",,
自由,自由,zi6 jau4,jih yàuh,"freedom, free, liberty, CL:個",,
自在,自在,zi6 zoi6,jih joih,"free, unrestrained, comfortable, at ease",,
宗教,宗教,zung1 gaau3,jūng gaau,religion,,
總而言之,总而言之,zung2 ji4 jin4 zi1,júng yìh yình jī,"in short, in a word, in brief",,
總算,总算,zung2 syun3,júng syun,"at long last, finally, on the whole",,
總統,总统,zung2 tung2,júng túng,"president (of a country), CL:個, 位, 名, 屆",,
總之,总之,zung2 zi1,júng jī,"in a word, in short, in brief",,
走走,走走,zau2 zau2,jáu jáu,walk around,,
組,组,zou2,jóu,"surname Zuto form, to organize, group, team, classifier for sets, series, groups of people, batteries",,
祖父,祖父,zou2 fu6,jóu fuh,"father's father, paternal grandfather",,
祖母,祖母,zou2 mou5,jóu móuh,"father's mother, paternal grandmother",,
祖先,祖先,zou2 sin1,jóu sīn,"ancestor, forebears",,
嘴,嘴,zeoi2,jéui,"mouth, beak, nozzle, spout (of teapot etc), CL:張, 個",,
醉,醉,zeoi3,jeui,intoxicated,,
最初,最初,zeoi3 co1,jeui chō,"first, primary, initial, original, at first, initially, originally",,
最多,最多,zeoi3 do1,jeui dō,"at most, maximum, greatest (amount), maximal",,
最好,最好,zeoi3 hou2,jeui hóu,"best, (you) had better (do what we suggest)",,
最佳,最佳,zeoi3 gaai1,jeui gāai,"optimum, optimal, peak, best (athlete, movie etc)",,
尊敬,尊敬,zyun1 ging3,jyūn ging,"to respect, to revere",,
作,作,zok3,jok,"worker, workshop, (slang) troublesome, high-maintenance (person)to do, to grow, to write or compose, to pretend, to regard as, to feel, writings or works",,
作品,作品,zok3 ban2,jok bán,"work (of art), opus, CL:部, 篇",,
作者,作者,zok3 ze2,jok jé,"author, writer, CL:個",,
座,座,zo6,joh,"seat, base, stand, CL:個, classifier for buildings, mountains and similar immovable objects",,
作法,作法,zou6,jouh,"course of action, method of doing sth, practice, modus operandi",,
做夢,做梦,zou6 mung6,jouh mungh,"to dream, to have a dream, fig. illusion, fantasy, pipe dream",,
做人,做人,zou6 jan4,jouh yành,"to conduct oneself, to behave with integrity",,
做事,做事,zou6 si6,jouh sih,"to work, to handle matters, to have a job",,
報,报,bou3,bou,"to announce, to inform, report, newspaper, recompense, revenge, CL:份, 張",,
並,并,bing6,bingh,"and, furthermore, also, together with, (not) at all, simultaneously, to combine, to join, to merge",,
產,产,caan2,cháan,"to give birth, to reproduce, to produce, product, resource, estate, property",,
處,处,cyu3,chyu,"to reside, to live, to dwell, to be in, to be situated at, to stay, to get along with, to be in a position of, to deal with, to discipline, to punishplace, location, spot, point, office, department, bureau, respect, classifier for locations or items of damage: spot, point",,
代,代,doi6,doih,"to substitute, to act on behalf of others, to replace, generation, dynasty, age, period, (historical) era, (geological) eon",,
道,道,dou6,douh,"road, path, principle, truth, morality, reason, skill, methodDao (of Daoism)to say, to speak, to talkclassifier for long thin things (rivers, cracks etc), barriers (walls, doors etc), questions (in an exam etc), commands, courses in a meal, steps in a process(old) administrative division (similar to province in Tang times)",,
反,反,faan2,fáan,"contrary, in reverse, inside out or upside down, to reverse, to return, to oppose, opposite, against, anti-, to rebel, to use analogy, instead, abbr. for 反切 phonetic system",,
方,方,fong1,fōng,"surname Fangsquare, power or involution (math.), upright, honest, fair and square, direction, side, party (to a contract, dispute etc), place, method, prescription (medicine), just when, only or just, classifier for square things, abbr. for square or cubic meter",,
化,化,faa3,fa,"variant of 花to make into, to change into, -ization, to ... -ize, to transform, abbr. for 化學学",,
建,建,gin3,gin,"to establish, to found, to set up, to build, to construct",,
解,解,gaai2,gáai,"surname Xieacrobatic display (esp. on horseback) (old), variant of 懈 and 邂 (old)",,
理,理,lei5,léih,"texture, grain (of wood), inner essence, intrinsic order, reason, logic, truth, science, natural science (esp. physics), to manage, to pay attention to, to run (affairs), to handle, to put in order, to tidy up",,
立,立,lap6,lahp,"surname Lito stand, to set up, to establish, to lay down, to draw up, at once, immediately",,
利,利,lei6,leih,"surname Lisharp, favorable, advantage, benefit, profit, interest, to do good to, to benefit",,
量,量,loeng6,leungh,"to measurecapacity, quantity, amount, to estimate, abbr. for 量詞词, classifier (in Chinese grammar), measure word",,
論,论,leon6,leunh,"abbr. for 論語语, The Analects (of Confucius)opinion, view, theory, doctrine, to discuss, to talk about, to regard, to consider, per, by the (kilometer, hour etc)",,
其,其,kei4,kèih,"his, her, its, their, that, such, it (refers to sth preceding it)",,
任,任,jam6,yamh,"surname Ren, Ren County 任縣县 in Hebeito assign, to appoint, to take up a post, office, responsibility, to let, to allow, to give free rein to, no matter (how, what etc), classifier for terms served in office, or for spouses, girlfriends etc (as in 前任男友)",,
入,入,jap6,yahp,"to enter, to go into, to join, to become a member of, to confirm or agree with, abbr. for 入聲声",,
神,神,san4,sành,"God, abbr. for 神舟deity, soul, spirit, unusual, mysterious, lively, expressive, expression, look, CL:個, (slang) awesome, amazing",,
使,使,sai2,sái,"to make, to cause, to enable, to use, to employ, to send, to instruct sb to do sth, envoy, messenger",,
世,世,sai3,sai,"surname Shilife, age, generation, era, world, lifetime, epoch, descendant, noble",,
受,受,sau6,sauh,"to receive, to accept, to suffer, subjected to, to bear, to stand, pleasant, (passive marker)",,
題,题,tai4,tàih,"surname Titopic, problem for discussion, exam question, subject, to inscribe, to mention, CL:個, 道",,
現,现,jin6,yinh,"to appear, present, now, existing, current",,
相,相,soeng1,sēung,"surname Xiangappearance, portrait, picture, government minister, (physics) phase, (literary) to appraise (esp. by scrutinizing physical features), to read sb's fortune (by physiognomy, palmistry etc)",,
由,由,jau4,yàuh,"to follow, from, it is for...to, reason, cause, because of, due to, to, to leave it (to sb), by (introduces passive verb)",,
之,之,zi1,jī,"(possessive particle, literary equivalent of 的), him, her, it",,
總,总,zung2,júng,"always, to assemble, gather, total, overall, head, chief, general, in every case",,
必,必,bit1,bīt,"certainly, must, will, necessarily",,
何,何,ho4,hòh,"surname Hewhat, how, why, which, carry",,
系,系,hai6,haih,"system, department, faculty",,
性,性,sing3,sing,"nature, character, property, quality, attribute, sexuality, sex, gender, suffix forming adjective from verb, suffix forming noun from adjective, corresponding to -ness or -ity, essence, CL:個",,
於,于,jyu1,yū,"in, at, to, from, by, than, out of(literary) Oh!, Ah!",,
原,原,jyun4,yùnh,"Hara (Japanese surname)former, original, primary, raw, level, cause, source",,
自,自,zi6,jih,"self, oneself, from, since, naturally, surely",,
你好,你好,nei5 hou2,neih hóu,Hello,,Cantonese Cantonese::CantoneseClass101 Cantonese::Ling
唔該,唔该,m4 goi1,m̀h gōi,Please,,Cantonese Cantonese::CantoneseClass101 Cantonese::Phrase
係,係,hai6,haih,is/am/are,,Cantonese Cantonese::Phrase Cantonese::Verbs
唔係,唔系,m4 hai6,m̀h hái,No,,Cantonese::CantoneseClass101 Cantonese::Phrase Cantonese::Verbs
我係...,我系...,ngo5 hai6,ngóh haih,I am... (name),,
嗨,嗨,haai1,hāai,Hi,,
我好好,我好好,ngo5 hou2 hou2,ngóh hóu hóu,I am well / very well,,
多謝,多谢,do1 ze6,dō jeh,Thank you,,Cantonese::Ling
好食,好食,hou2 sik6,hóu sihk,delicious (food),,Cantonese::CantoneseClass101 Cantonese::Lessons
你好嗎,你好吗,nei5 hou2 maa1,néih hóu mā,How are you?,,
壞,坏,waai6,waaih,Bad,,
廣東話,广东话,gwong2 dung1 waa2,gwóng dūng wá,Cantonese Langauge,,
唔好意思,唔好意思,m4 hou2 ji3 si3,mh hóu yi si,Excuse me,,
請,请,ceng2,chéng,Please (formal),,
拜拜,拜拜,baai1 baai3,bāai baai,Goodbye,,
我唔明,我唔明,ngo5 m4 ming4,ngóh m̀h mìhng,I don't understand,,Cantonese::Phrase
零,零,ling4,lìngh,Zero,,Cantonese::Numbers
一,一,jat1,yāt,One,,Cantonese::Numbers
二,二,ji6,yih,Two,,Cantonese::Numbers
三,三,saam1,sāam,Three,,Cantonese::Numbers
四,四,sei3,sei,Four,,Cantonese::Numbers
五,五,ng5,ngh,Five,,Cantonese::Numbers
六,六,luk6,luhk,six,,Cantonese::Numbers
七,七,cat1,chāt,seven,,Cantonese::Numbers
八,八,baat3,baat,Eight,,Cantonese::Numbers
九,九,gau2,gáu,nine,,Cantonese::Numbers
十,十,sap6,sahp,ten,,Cantonese::Numbers
二十,二十,ji6 sap6,yih sahp,twenty,,Cantonese::Numbers
三十,三十,saam1 sap6,sāam sahp,thirty,,Cantonese::Numbers
四十,四十,sei3 sap6,sei sahp,forty,,Cantonese::Ling Cantonese::Numbers
五十,五十,ng5 sap6,ngh sahp,fifty,,Cantonese::Numbers
六十,六十,luk6 sap6,luhk sahp,sixty,,Cantonese::Numbers
七十,七十,cat1 sap6,chāt sahp,seventy,,Cantonese::Numbers
八十,八十,baat3 sap6,baat sahp,eighty,,Cantonese::Numbers
九十,九十,gau2 sap6,gáu sahp,ninety,,Cantonese::Numbers
一百,一百,jat1 baak3,yāt baak,One Hundred,,Cantonese::Numbers
十一,十一,sap6 jat1,sahp yāt,eleven,,Cantonese::CantoneseClass101 Cantonese::Numbers
二十二,二十二,ji6 sap6 ji6,yih sahp yih,twenty two,,Cantonese::Numbers
三十三,三十三,saam1 sap6 saam1,sāam sahp sāam,Thirty three,,Cantonese::Numbers
四十四,四十四,sei3 sap6 sei3,sei sahp sei,Forty four,,Cantonese::Numbers
五十五,五十五,ng5 sap6 ng5,ngh sahp ngh,Fifty five,,Cantonese::Numbers
六十六,六十六,luk6 sap6 luk6,luhk sahp luhk,Sixty six,,Cantonese::Numbers
七十七,七十七,cat1 sap6 cat1,chāt sahp chāt,Seventy seven,,Cantonese::Numbers
八十八,八十八,baat3 sap6 baat3,baat sahp baat,Eighty eight,,Cantonese::Numbers
九十九,九十九,gau2 sap6 gau2,gáu sahp gáu,Ninety nine,,Cantonese::Numbers
二百,二百,ji6 baak3,yih baak,Two hundred,,Cantonese::Numbers
三百,三百,saam1 baak3,sāam baak,Three hundred,,Cantonese::Numbers
四百,四百,sei3 baak3,sei baak,Four hundred,,Cantonese::Numbers
五百,五百,ng5 baak3,ngh baak,Five hundred,,Cantonese::Numbers
六百,六百,luk6 baak3,luhk baak,Six hundred,,Cantonese::Numbers
七百,七百,cat1 baak3,chāt baak,Seven hundred,,Cantonese::Numbers
八百,八百,baat3 baak3,baat baak,Eight hundred,,Cantonese::Numbers
九百,九百,gau2 baak3,gáu baak,Nine hundred,,Cantonese::Numbers
一千,一千,jat1 cin1,yāt chīn,One thousand,,Cantonese::Numbers
一百零八,一百零八,jat1 baak3 ling4 baat3,yāt baak lìngh baat,One hundred & eight,,Cantonese::Numbers
一百六十六,一百六十六,jat1 baak3 luk6 sap6 luk6,yāt baak luhk sahp luhk,One hundred & sixty six,,Cantonese::Numbers
二百三十,二百三十,ji6 baak3 saam1 sap6,yih baak sāam sahp,Two hundred & thirty,,Cantonese::Numbers
三百四十四,三百四十四,saam1 baak3 sei3 sap6 sei3,sāam baak sei sahp sei,Three hundred & forty four,,Cantonese::Numbers
四百五十六,四百五十六,sei3 baak3 ng5 sap6 luk6,sei baak ngh sahp luhk,Four hundred & fifty six,,Cantonese::Numbers
五百五十,五百五十,ng5 baak3 ng5 sap6,ngh baak ngh sahp,Five hundred & fifty,,Cantonese::Numbers
六百一十二,六百一十二,luk6 baak3 jat1 sap6 ji6,luhk baak yāt sahp yih,Six hundred & Twelve,,Cantonese::Numbers
七百二十二,七百二十二,cat1 baak3 ji6 sap6 ji6,chāt baak yih sahp yih,Seven hundred & twenty two,,Cantonese::Numbers
八百零五,八百零五,baat3 baak3 ling4 ng5,baat baak lìngh ngh,Eight hundred & five,,Cantonese::Numbers
九百一十,九百一十,gau2 baak3 jat1 sap6,gáu baak yāt sahp,Nine hundred & ten,,Cantonese::Numbers
三蚊,三蚊,saam1 man1,sāam mān,$3 ,,Cantonese::Numbers
十八蚊,十八蚊,sap6 baat3 man1,sahp baat mān,$18 ,,Cantonese::Numbers
一百蚊,一百蚊,jat1 baak3 man1,yāt baak mān,$100 ,,Cantonese::Numbers
六百一十二蚊,六百一十二蚊,luk6 baak3 jat1 sap6 ji6 man1,luhk baak yāt sahp yih mān,$612 ,,Cantonese::Numbers
一千蚊,一千蚊,jat1 cin1 man1,yāt chīn mān,"$1,000 ",,Cantonese::Numbers
廣式炒飯,广式炒饭,gwong2 sik1 cau2 faan6,gwóng sīk cháu faanh,stir-fried rice,,Food
飯,饭,faan6,faanh,rice,,Food
炒飯,炒饭,caau2 faan6,cháau faanh,fried-rice,,Food
剩下,剩下,zing6 haa6,jingh hah,leftover,,Food
肉,肉,juk6,yuhk,meat,,Food
煎炒,煎炒,zin1 caau2,jīn cháau,stir-fry,,Food
蠔油菜心,蚝油菜心,hou4 jau4 coi3 sam1,hòuh yàuh choi sām,Choy Sum in Oyster Sauce,,Food
白灼,白灼,baak6 coek3,baahk cheuk,blanching,,Food
菜心,菜心,coi3 sam1,choi sām,Hong Kong Choy Sum,,Food
蠔油,蚝油,hou4 jau4,hòuh yàuh,oyster sauce,,Food advanced food
蔬菜,蔬菜,so1 coi3,sō choi,vegetable,,Food
菜,菜,coi3,choi,Vegetable,,Food
蒸水蛋,蒸水蛋,zing1 seoi2 daan2,jīng séui dáan,Steamed Egg Custard,,Food
蛋,蛋,daan2,dáan,egg,,Food
新鮮,新鲜,san1 sin1,sān sīn,fresh,,Food
軟,软,jyun5,yúhn,soft,,Food
滑,滑,waat6,waaht,smooth,,Food
嫩,嫩,nyun6,nyunh,tender,,Food
咕嚕肉,咕噜肉,gu1 lou1 juk6,gū lōu yuhk,Sweet and Sour Pork,,Food
酸,酸,syun1,syūn,sour,,Food
菠蘿汁,菠萝汁,bo1 lo4 zap1,bō lòh jāp,pineapple juice,,Food
豬肉,猪肉,zyu1 juk6,jyū yuhk,pork,,Food
醬油,酱油,zoeng3 jau4,jeung yàuh,sauce,,Food
豉油,豉油,si6 jau4,sih yàuh,Soy sauce,,Food
煎,煎,zin1,jīn,To pan-fry,,Food
蝦餃,虾饺,haa1 gaau2,hā gáau,Dim sum shrimp dumplings,,Food
餃子,饺子,gaau2 zi2,gáau jí,Dumplings,,Food
蝦,虾,haa1,hā,Shrimp,,Food
叉烧包,叉烧包,caa1 siu1 baau1,chā sīu bāau,BBQ pork bun,,Food
蒸,蒸,zing1,jīng,To steam,,Cantonese Food
餡料,馅料,haam5*6 liu2,haahm niú,filling,,Food
飲茶,饮茶,jam2 caa4,yám chàh,Drink tea,,Cantonese Cantonese::CantoneseClass101 Food
魚,鱼,jyu4,yùh,Fish,,Cantonese Food
薑,姜,goeng1,gēung,Ginger,,Food
蔥頭,葱头,cung1 tau4,chūng tàuh,shallots,,Food
肠粉,肠粉,coeng2 fan2,chéung fán,rice noodle roll,,Food
米粉,米粉,mai5 fan2,máih fán,rice noodles,,Food
蔥,葱,cung1,chūng,Scallion,,Food
漿,浆,zoeng1,jēung,broth,,Food
猪肉汤,猪肉汤,zyu1 juk6 tong1,jyū yuhk tōng,pork stock,,Food
雲吞,云吞,wan4 tan1,wành tān,wonton dumpling,,Food
鹹魚,咸鱼,haam4 jyu4*2,hàahm yùh*2,dried fish/ salted fish,,Food
叉烧,叉烧,caa1 siu1,chā sīu,char siu (roasted marinated cantonese pork dish),,Food
燒烤醬,烧烤酱,siu1 haau1 zoeng3,sīu hāau jeung,BBQ sauce,,Food
醃,腌,jip3,yip,marinate,,Food
燒味,烧味,haau1,hāau,roast,,Food
燒味,烧味,siu1 mei2,sīu méi,roasted meat,,Food
咸,咸,haam4,hàahm,Salty,,Food
柱侯牛腩,柱侯牛腩,cyu5 hau4 ngau4 naam5,chyúh hàuh ngàuh náamh,Stewed beef brisket,,Food
大蒜,大蒜,daai6 syun3,daaih syun,garlic,,Food
煲,煲,bou1,bōu,stew,,Food
洋蔥,洋葱,joeng4 cung1,yeùhng chūng,onion,,Food
漧炒牛河,漧炒牛河,gon1 caau2 ngau4 ho2,gōn cháau ngàuh hó,Beef Chow Fun,,Food
芽菜,芽菜,ngaa4 coi3,ngàh choi,bean sprout,,Food
老抽,老抽,lou5 cau1,lóuh chāu,dark soy sauce,,Food
拉麵,拉面,laai1 min6,lāai minh,noodles,,Food
雞肉,鸡肉,gai1 juk6,gāi yuhk,Chicken,,Cantonese Cantonese::Lessons Food
豆腐,豆腐,dau6 fu6,dauh fuh,tofu,,Food
貝類,贝类,bui3 leoi6,bui leuih,shellfish,,Food
燒鴨,烧鸭,siu1 aap3,sīu aap,Cantonese Roast Duck,,Food
鴨,鸭,aaap3,aaap,duck,,Food
海鮮,海鲜,hoi2 sin1,hói sīn,seafood,,Food
豉油雞,豉油鸡,si6 jau4 gai1,sih yàuh gāi,Chicken in soy sauce,,Food
焗爐,焗炉,guk6 lou4,guhk lòuh,oven,,Food
好味,好味,hou2 mei6,hóu meih,Delicious,,Cantonese Food
白切雞,白切鸡,baak6 cit3 gai1,baahk chit gāi,White cut chicken,,Food
芝麻油,芝麻油,zi1 maa4 jau4,jī màh yàuh,sesame oil,,Food
皮蛋瘦肉粥,皮蛋瘦肉粥,pei4 daan2 sau3 juk6 zuk1,pèih dáan sau yuhk jūk,Congee with lean pork and century egg,,Food
粥,粥,zuk1,jūk,Porridge,,Food
排骨,排骨,paai4 gwat1,pàaih gwāt,spare ribs,,Food
椒絲腐乳通菜,椒丝腐乳通菜,ziu1 si1 fu6 jyu5 tung1 coi3,jīu sī fuh yúh tūng choi,Stir fried water spinach with shredded chilli and fermented tofu,,Food
菠菜,菠菜,bo1 coi3,bō choi,spinach,,Food
發酵,发酵,faat3 gaau3,faat gaau,ferment,,Food
腐乳,腐乳,fu6 jyu5,fuh yúh,fermented bean curd,,Food
鹹蛋蒸肉餅,咸蛋蒸肉饼,haam4 daan2 zing1 juk6 beng2,hàamh dáan jīng yuhk béng,Steamed ground pork with salted duck egg,,Food
冬菇,冬菇,dung1 gu1,dūng gū,shiitake mushrooms,,Food
魷魚,鱿鱼,jau4 jyu2,yàuh yú,squid,,Food
冬菜,冬菜,dung1 coi3,dūng choi,preserved vegetables,,Food
湯圓,汤圆,tong1 jyun2*4,tōng yùhn,Glutinous rice balls,,Food
花生,花生,faa1 sang1,fā sāng,peanut,,Food
黑芝麻,黑芝麻,hak1 zi1 maa4,hāk jī màh,black sesame,,Food
糯米飯,糯米饭,no6 mai5 faan6,noh máih faanh,glutinous rice / sticky rice,,Food
蛋挞,蛋挞,daan2 daat3,dáan daat,Egg tart,,Food
糕,糕,gou1,gōu,pastry,,Food
牛奶,牛奶,ngau4 naai5,ngàuh náaih,milk,,Cantonese::Drinks Cantonese::Lessons Food
焦糖,焦糖,ziu1 tong4,jīu tòngh,caramel,,Food
芥末醬,芥末酱,gaai3 mut6 zoeng3,gaai muht jeung,custard,,Food
配料,配料,pui3 liu6*2,pui liuh*2,ingredients,,Food
麵包,面包,min6 baau1,minh bāau,bread,,Food
韭菜,韭菜,gau2 coi3,gáu choi,garlic chives / chinese chives,,Food
烹飪,烹饪,paang1 jam6,pāang yamh,cooking,,Food
食油,食油,sik6 jau4,sihk yàuh,cooking oil,,Food
糯米粉,糯米粉,no6 mai5 fan2,noh máih fán,glutinous rice flour,,Food
海鮮醬,海鲜酱,hoi2 sin1 zoeng3,hói sīn jeung,hoisin sauce,,Food
碎肉,碎肉,seoi3 juk6,seui yuhk,minced pork / minced meat,,Food
白飯,白饭,baak6 faan6,baahk faahn,White rice,,Food
泡菜,泡菜,paau3 coi3,paau choi,pickled vegetables,,Food
小菜,小菜,siu2 choi3,síu chhoi,small side dishes,,Food
上湯,上汤,soeng6 tong1,seungh tōng,soup stock,,Food
小麥,小麦,siu2 maak6,síu maahk,wheat,,Food
牛肉,牛肉,ngau4 juk6,ngàuh yuhk,Beef,,Cantonese Cantonese::Lessons Food
煤氣爐,煤气炉,mui4 hei3 lou4,mùih hei lòuh,charcoal stove,,Food
鑊,镬,wok6,wohk,wok,,Food
筷子,筷子,faai3 zi2,faai jí,Chopsticks,,Cantonese::Dining Food
砧板,砧板,zam1 baan2,jām báan,cutting board / chopping board,,Food
锅铲,锅铲,wo1 caan2,wō cháan,wok shovel,,Food
蒸笼,蒸笼,zing1 lung4,jīng lùngh,steaming basket,,Food
煲仔,煲仔,bou1 zai2,bōu jái,clay pot,,Food
濃味,浓味,nung4 mei6,nùngh meih,rich flavor / rich in flavor,,Food
鹹,咸,haam4,hàamh,salty,,Food
苦,苦,fu2,fú,bitter,,Food
辣,辣,laat6,laht,spicy,,Food
亞洲市場,亚洲市场,ngaa3 zau1 si5 coeng4,nga jāu síh chèungh,Asian markets,,Food
粵菜烹飪,粤菜烹饪,jyut6 coi3 paang1 jam5,yuht choi pāang yámh,Cantonese cooking,,Food
唐人街,唐人街,tong4 jan4 gaai1,tòngh yành gāai,China town,,Food
大餐,大餐,daai6 caan1,daaih chāan,course meal,,Food
套餐,套餐,tou3 caan1,tou chāan,set meal,,Food
急凍食品,急冻食品,gap1 dung3 sik6 ban2,gāp dung sihk bán,frozen meals,,Food
外賣,外卖,ngoi6 maai6,ngoih maaih,Takeout,,Food
素食,素食,sou3 sik6,sou sihk,vegetarian meal,,Food
黑色,黑色,haak1 sik1,hāak sīk,black,,Cantonese::Adjectives Cantonese::Colors
白色,白色,baak6 sik1,baahk sīk,white,,1。Leech Cantonese::Adjectives Cantonese::Colors Cantonese::Lessons
灰色,灰色,fui1 sik1,fūi sīk,gray,,1。Leech Cantonese::Adjectives Cantonese::Colors
紅色,红色,red,red,hung4 sik1,,Cantonese::Adjectives Cantonese::Colors
藍色,蓝色,laam4 sik1,làamh sīk,blue,,Cantonese::Adjectives Cantonese::Colors Cantonese::Lessons
黃色,黄色,wong4 sik1,wòngh sīk,yellow,,1。Leech Cantonese::Adjectives Cantonese::Colors Cantonese::Lessons
深綠色,深绿色,sam1 luk6 sik1,sām luhk sīk,dark green,,1。Leech Cantonese::Adjectives Cantonese::Colors
橙色,橙色,caang2 sik1,cháang sīk,orange,,1。Leech Cantonese::Adjectives Cantonese::Colors
紫色,紫色,zi2 sik1,jí sīk,purple,,Cantonese::Adjectives Cantonese::Colors Cantonese::Lessons
啡色,啡色,fe1 sik1,fē sīk,brown,,Cantonese::Adjectives Cantonese::Colors
粉紅色,粉红色,fan2 hung4 sik1,fán hùngh sīk,pink,,Cantonese::Adjectives Cantonese::Colors
銀色,银色,ngan4 sik1,ngành sīk,silver,,Cantonese::Adjectives Cantonese::Colors
藍靛,蓝靛,laam4 din6,làamh dinh,indigo,,Cantonese::Adjectives Cantonese::Colors
米色,米色,mai5 sik1,máih sīk,beige,,Cantonese::Adjectives Cantonese::Colors
金色,金色,gam1 sik1,gām sīk,gold,,Cantonese::Adjectives Cantonese::Colors
桃色,桃色,tou4 sik1,tòuh sīk,peach (color),,1。Leech Cantonese::Adjectives Cantonese::Colors
美國,美国,mei5-gwok3,méih-gwok,the United States,,Cantonese Cantonese::Countries
中國,中国,zung1-gwok3,jūng-gwok,China,,Cantonese Cantonese::Countries
加拿大,加拿大,gaa1-naa4-daai6,gā-nàh-daaih,Canada,,Cantonese Cantonese::Countries
國,国,gwok3,gwok,country,,Cantonese Cantonese::Countries
大學,大学,daai6-hok6,daaih-hohk,college,university,Cantonese
讀,读,duk6,duhk,to read out loud,,Cantonese Cantonese::Lessons Cantonese::Verbs
工程,工程,gung1-cing4,gūng-chìhng,engineering,,Cantonese
我大學讀 [ ... ],我大学读 [ ... ],ngo5 daai6-hok6 duk6 ...,ngóh daaih-hohk duhk ...,I study ... in college,,Cantonese
會計,会计,wui6-gai3,wuih-gai,accounting,,1。Leech Cantonese
中文,中文,zung1-man2,jūng-mán,Chinese (language),,Cantonese
我,我,ngo5,ngóh,I,,Cantonese Cantonese::CantoneseClass101 Cantonese::Lessons Cantonese::Pronouns
你,你,nei5,neih,you,,Cantonese Cantonese::Lessons Cantonese::Pronouns
好,好,hou2,hóu,very,,Cantonese Cantonese::Adverbs
我係,我系,ngo5 hai6,ngóh haih,I am...,,Cantonese
人,人,4-Jan,yành,person/people,,Cantonese Cantonese::Lessons
世伯,世伯,sai3-baak3,sai-baak,uncle (how you address your friends father),,Cantonese Cantonese::Family
伯母,伯母,baak3-mou5,baak-móuh,auntie (how you address your friends mother),,Cantonese Cantonese::Family
工程師,工程师,gung1-cing4-si1,gūng-chìhng-sī,engineer,,Cantonese
會計師,会计师,wui6-gai3-si1,wuih-gai-sī,accountant,,Cantonese
學生,学生,hok6 saang1,hohk sāang,Student,,Cantonese Cantonese::Lessons Cantonese::School
我係工程師,我系工程师,ngo5 hai6 gung1-cing4-si1,ngóh haih gūng-chìhng-sī,I am an engineer.,,Cantonese
我係會計師,我系会计师,ngo5 hai6 wui6-gai3-si1,ngóh haih wuih-gai-sī,I am an accountant.,,Cantonese
我係學生,我系学生,ngo5 hai6 hok6-saang1,ngóh haih hohk-sāang,I am a student.,,Cantonese
早晨,早晨,zou2 san4,jóu sàhn,good morning,,Cantonese
你好伯母｡ 我係 ...,你好伯母｡ 我系 ...,lei5 hou2 baak3-mou5. ngo5 hai6 ...,léih hóu baak-móuh. ngóh haih ...,"Hi, auntie! I am ...",,Cantonese
你係做咩加 ...,你系做咩加 ...,lei5 hai6 zou6 me1 gaa3 ...,léih haih jouh mē ga ...,What do you do? / What is your job ...,,Cantonese
禮拜一,礼拜一,lai5-baai3-jat1,láih-baai-yāt,Monday,,Cantonese
禮拜二,礼拜二,lai5 baai3 ji6,láih baai yih,Tuesday,,Cantonese
禮拜三,礼拜三,lai5-baai3-saam1,láih-baai-sāam,Wednesday,,Cantonese
禮拜四,礼拜四,lai5-baai3-sei3,láih-baai-sei,Thursday,,Cantonese
禮拜五,礼拜五,lai5-baai3-ng5,láih-baai-ńgh,Friday,,Cantonese
禮拜六,礼拜六,lai5-baai3-luk6,láih-baai-luhk,Saturday,,Cantonese
禮拜日,礼拜日,lai5-baai3-jat6,láih-baai-yaht,Sunday,,Cantonese
禮拜六日,礼拜六日,lai5-baai3-luk6-jat6,láih-baai-luhk-yaht,Weekend,,Cantonese
學,学,hok6,hohk,to learn,,Cantonese Cantonese::CantoneseClass101 Cantonese::Verbs
廣東話,广东话,gwong2-dung1-waa2,gwóng-dūng-wá,Cantonese,,Cantonese
做,做,zou6,jouh,do,,1。Leech Cantonese Cantonese::CantoneseClass101 Cantonese::Verbs
睇書,睇书,tai2 syu1,tái syū,to read (books),,Cantonese
做運動,做运动,zou6 wan6-dung6,jouh wahn-duhng,to (do) exercise,,Cantonese
休息,休息,jau1 sik1,yāu sīk,rest,,Cantonese Cantonese::BobaBreak Cantonese::Lessons Cantonese::Verbs
點解,点解,dim2 gaai2,dím gáai,Why,,Cantonese Cantonese::Lessons Cantonese::Pronouns
因為,因为,jan1-wai6,yān-waih,because,,Cantonese
同...傾偈,同...倾偈,tung4...king1-gai2,tùhng...kīng-gái,to chat with...,,Cantonese
同你傾偈,同你倾偈,tung4 lei5 king1-gai2,tùhng léih kīng-gái,to chat with you,,Cantonese
你點解學廣東話,你点解学广东话,lei5 dim2-gaai2 hok6 gwong2-dung1-waa2,léih dím-gáai hohk gwóng-dūng-wá,Why do you learn Cantonese?,,Cantonese
因為我想同你傾偈,因为我想同你倾偈,jan1-wai6 ngo5 soeng2 tung4 lei5 king1-gai2,yān-waih ngóh séung tùhng léih kīng-gái,Because I want to chat with you,,Cantonese
呢個,呢个,li1-go3,lī-go,this one,,Cantonese
嗰個,𠮶个,go2 go3,gó go,that one,,Cantonese Cantonese::CantoneseClass101
上個,上个,soeng6-go3,seuhng-go,the last one,the previous one,Cantonese
下個,下个,haa6-go3,hah-go,the next one,,Cantonese
上個禮拜三,上个礼拜三,soeng6-go3 lai5-baai3-saam1,seuhng-go láih-baai-sāam,last Wednesday,,Cantonese
呢個禮拜三,呢个礼拜三,li1-go3 lai5-baai3-saam1,lī-go láih-baai-sāam,this Wednesday,,Cantonese
想,想,soeng2,séung,to want to...,,Cantonese
要,要,jiu3,yiu,to need,,Cantonese Cantonese::Verbs
想要,想要,soeng2-jiu3,séung-yiu,would like,,Cantonese
我想要,我想要,ngo5 soeng2-jiu3,ngóh séung-yiu,I would like,,Cantonese
蝦較,虾较,haa1-gaau2,hā-gáau,shrimp dumpling,,Cantonese
燒賣,烧卖,siu1 maai2,sīu mái,siu mai,pork and shrimp dumpling,Cantonese Food
牛百葉,牛百叶,ngau4-baak3-jip6,ngàuh baak yihp,ginger scallion tripe,,Cantonese
蝦場,虾场,haa1 coeng2*4,hā cheúng,shrimp rice noodle roll,,Cantonese
我想要蝦較,我想要虾较,ngo5 soeng2-jiu3 haa1-gaau2,ngóh séung-yiu hā-gáau,I would like (a serving of) shrimp dumplings,,Cantonese
我想要燒賣,我想要烧卖,ngo5 soeng2-jiu3 siu1-maai2,ngóh séung-yiu sīu-máai,I would like (a serving of) steamed dumplings,,Cantonese
"唔該, 我想要蝦場","唔该, 我想要虾场","m4-goi1, ngo5 soeng2-jiu3 haa1-coeng2","m̀h-gōi, ngóh séung-yiu hā-chéung","Excuse me, I would like (a serving of) shrimp rice noodle rolls.",,Cantonese
啲,啲,di1,dī,some,,Cantonese
茶,茶,caa4,chàh,tea,,Cantonese Cantonese::CantoneseClass101 Cantonese::Lessons
水,水,seoi2,séui,Water,,Cantonese Cantonese::CantoneseClass101 Cantonese::Dining Cantonese::Lessons Food
"唔該, 我想要啲茶.","唔该, 我想要啲茶.","m4-goi1, ngo5 soeng2-jiu3 di1 caa4","m̀h-gōi, ngóh séung-yiu dī chàh","Excuse me, I would like some tea.",,Cantonese
"唔該, 我想要啲水｡","唔该, 我想要啲水｡","m4-goi1, ngo5 soeng2-jiu3 di1 seoi2.","m̀h-gōi, ngóh séung-yiu dī séui.","Excuse me, I would like some water.",,Cantonese
咩,咩,me1,mē,what,,Cantonese Cantonese::CantoneseClass101 Cantonese::Lessons
你想要咩,你想要咩,lei5 soeng2-jiu3 me1,léih séung-yiu mē,What would you like?,,Cantonese
"好, 你等等｡","好, 你等等｡","hou2, lei5 dang2-dang2","hóu, léih dáng-dáng","Okay, please wait for a second.",,Cantonese
好好味,好好味,hou2 hou2-mei6,hóu hóu-meih,very delicious,,Cantonese
呢個,呢个,li1-go3,lī-go,this,,Cantonese
嗰個,𠮶个,go2-go3,gó-go,that,,Cantonese
蝦餃好好味,虾饺好好味,haa1-gaau2 hou2 hou2-mei6,hā-gáau hóu hóu-meih,Shrimp dumpling is very delicious,,Cantonese
燒賣好好味,烧卖好好味,siu1-maai2 hou2 hou2-mei6,sīu-máai hóu hóu-meih,Steamed dumpling is very delicious,,Cantonese
我鍾意呢個,我钟意呢个,ngo5 zung1-ji3 li1-go3,ngóh jūng-yi lī-go,I like this one,,Cantonese
我鍾意食呢個,我钟意食呢个,ngo5 zung1-ji3 sik6 li1-go3,ngóh jūng-yi sihk lī-go,I like to eat this one.,,Cantonese
我鍾意食廣東菜,我钟意食广东菜,ngo5 zung1-ji3 sik6 gwong2-dung1 coi3,ngóh jūng-yi sihk gwóng-dūng choi,I like to eat Cantonese food,,Cantonese
我好鍾意食廣東菜,我好钟意食广东菜,ngo5 hou2 zung1-ji3 sik6 gwong2-dung1 coi3,ngóh hóu jūng-yi sihk gwóng-dūng choi,I really like to eat Cantonese food,,Cantonese
我鍾意你,我钟意你,ngo5 zung1-ji3 lei5,ngóh jūng-yi léih,I like you.,,Cantonese
我好鍾意你,我好钟意你,ngo5 hou2 zung1-ji3 lei5,ngóh hóu jūng-yi léih,I really like you / I love you,,Cantonese
返工,返工,faan1 gung1,fāan gūng,go to work,,Cantonese
搭,搭,daap3,daap,to ride,to take (a vehicle),Cantonese
搭...返工,搭...返工,daap3 ... faan1-gung1,daap ... fāan-gūng,to take ... [mode of transportation] to go to work,,Cantonese
地鐵,地铁,dei6 tit3,deih tit,Subway,,1。Leech Cantonese Cantonese::CantoneseClass101
巴士,巴士,baa1 si2,bā sí,Bus,,Cantonese Cantonese::CantoneseClass101
的士,的士,dik1 si2,dīk sí,Taxi,,Cantonese Cantonese::CantoneseClass101 Cantonese::Transportation
行路,行路,haang4-lou6,hàahng-louh,to walk,,1。Leech Cantonese
揸車,揸车,zaa1-ce1,jā-chē,to drive (a car),,Cantonese
搭車,搭车,daap3-ce1,daap-chē,to ride a car,to take a bus/subway,Cantonese
我揸車返工,我揸车返工,ngo5 zaa1-ce1 faan1-gung1,ngóh jā-chē fāan-gūng,I drive to work,,Cantonese
我搭地鐵返工,我搭地铁返工,ngo5 daap3 dei6-tit3 faan1-gung1,ngóh daap deih-tit fāan-gūng,I take a subway to go to work,,Cantonese
我搭D車返工,我搭D车返工,ngo5 daap3 D-ce1 faan1-gung1,ngóh daap D-chē fāan-gūng,I take the D train to go to work,,Cantonese
我哋,我哋,ngo5 dei6,ngóh deih,We,,Cantonese Cantonese::CantoneseClass101 Cantonese::Pronouns
你哋,你哋,nei5 dei6,neih deih,You (plural),,Cantonese Cantonese::CantoneseClass101 Cantonese::Pronouns
佢,佢,keoi5,keuih,he/she/it,,Cantonese Cantonese::CantoneseClass101 Cantonese::Lessons Cantonese::Pronouns
佢哋,佢哋,keoi5 dei6,keuih deih,They,,Cantonese Cantonese::CantoneseClass101 Cantonese::Pronouns
我哋搭地鐵返工,我哋搭地铁返工,ngo5-dei6 daap3 dei6-tit3 faan1-gung1,ngóh-deih daap deih-tit fāan-gūng,We take the subway to go to work,,Cantonese
佢哋搭M34號巴士返工,佢哋搭M34号巴士返工,keoi5-dei6 daap3 M saam1-sap6-sei3 hou6 baa1-si2 faan1-gung1,kéuih-deih daap M sāam-sahp-sei houh bā-sí fāan-gūng,They take the M34 bus to go to work,,Cantonese
我哋搭M104號巴士返工,我哋搭M104号巴士返工,ngo5-dei6 daap3 M jat1-ling4-sei3 hou6 baa1-si2 faan1-gung1,ngóh-deih daap M yāt-lìhng-sei houh bā-sí fāan-gūng,We take the M104 bus to go to work,,Cantonese
佢哋搭6號車返工,佢哋搭6号车返工,keoi5-dei6 daap3 luk6 hou6 ce1 faan1-gung1,kéuih-deih daap luhk houh chē fāan-gūng,They take the No. 6 train/bus to go to work,,Cantonese
喺,喺,hai2,hái,at/in,,Cantonese Cantonese::Verbs
喺 ... 返工,喺 ... 返工,hai2 ... faan1-gung1,hái ... fāan-gūng,to work at...,,Cantonese
喺 ... 住,喺 ... 住,hai2 ... zyu6,hái ... jyuh,to live at...,,Cantonese
紐約,纽约,nau2-joek3,náu-yeuk,New York,,Cantonese
邊度,边度,bin1-dou6,bīn-douh,where,,Cantonese
大道,大道,daai6-dou6,daaih douh,avenue,,Cantonese
唐人街,唐人街,tong4-jan4-gaai1,tòhng-yàhn-gāai,Chinatown,,Cantonese
我喺34街返工,我喺34街返工,ngo5 hai2 saam1-sap6-sei3 gaai1 faan1-gung1,ngóh hái sāam-sahp-sei gāai fāan-gūng,I work on 34th street,,Cantonese
搭,搭,daap3,daap,to ride,take (a vehicle),Cantonese
搭...返工,搭...返工,daap3... faan1-gung1,daap... fāan-gūng,to take... to go to work,,Cantonese
佢地搭M34號巴士返工,佢地搭M34号巴士返工,keoi5-dei6 daap3 M saam1-sap6-sei3 hou6 baa1-si2 faan1-gung1,kéuih-deih daap M sāam-sahp-sei houh bā-sí fāan-gūng,They take the M34 bus to go to work,,Cantonese
我哋搭M104號巴士返工,我哋搭M104号巴士返工,ngo5-dei6 daap3 M jat1-ling4-sei3 hou6 baa1-si2 faan1-gung1,ngóh-deih daap M yāt-lìhng-sei houh bā-sí fāan-gūng,We take the No. M104 bus to go to work,,Cantonese
佢哋搭6號車返工,佢哋搭6号车返工,keoi5-dei6 daap3 luk6 hou6 ce1 faan1-gung1,kéuih-deih daap luhk houh chē fāan-gūng,They take the No.6 train/bus to go to work,,Cantonese
號,号,hou6,houh,No. (number) - example: No.6 bus,,Cantonese
喺...返工,喺...返工,hai2...faan1-gung1,hái...fāan-gūng,to work at...,,Cantonese
喺...住,喺...住,hai2...zyu6,hái...jyuh,to live at...,,Cantonese
紐約,纽约,lau2-joek3,láu-yeuk,New York,,Cantonese
我喺5大道返工,我喺5大道返工,ngo5 hai2 ng5 daai6-dou6 faan1-gung1,ngóh hái ńgh daaih-douh fāan-gūng,I work on fifth avenue,,Cantonese
我喺92街住,我喺92街住,ngo5 hai2 gau2-sap6-ji6 gaai1 zyu6,ngóh hái gáu-sahp-yih gāai jyuh,I live on 92nd street,,Cantonese
"...,你喺邊度返工","...,你喺边度返工","...,lei5 hai2 bin1-dou6 faan1-gung1","...,léih hái bīn-douh fāan-gūng","[name], where do you work?",,Cantonese
我喺8大道56街返工,我喺8大道56街返工,ngo5 hai2 baat3 daai6-dou6 ng5-sap6-luk6 gaai1 faan1-gung1,ngóh hái baat daaih-douh ńgh-sahp-luhk gāai fāan-gūng,I work on 8th avenue and 56th street,,Cantonese
你點樣返工,你点样返工,lei5 dim2-joeng2 faan1-gung1,léih dím-yéung fāan-gūng,How do you go to work?,,Cantonese
我平時搭哋鐵返工,我平时搭哋铁返工,ngo5 ping4-si4 daap3 dei6-tit3 faan1-gung1,ngóh pìhng-sìh daap deih-tit fāan-gūng,I usually take the subway to go to work,,Cantonese
"你呢,伯母? 你喺邊度住?","你呢,伯母? 你喺边度住?","lei5-le1, baak3-mou5? lei5 hai2 bin1-dou6 zyu6?","léih-lē, baak-móuh? léih hái bīn-douh jyuh?","How about you, auntie? Where do you live?",,Cantonese
我喺唐人街住,我喺唐人街住,ngo5 hai2 tong4-jan4-gaai1 zyu6,ngóh hái tòhng-yàhn-gāai jyuh,I live in Chinatown,,Cantonese
中,中,zung1,jūng,medium,middle,Cantonese
細,细,sai3,sai,small,,Cantonese
細杯,细杯,sai3-bui1,sai-būi,small cup of...,,Cantonese
大杯,大杯,daai6-bui1,daaih-būi,large cup of...,,Cantonese
一杯大咖啡,一杯大咖啡,jat1-bui1 daai6 gaa3-fe1,yāt-būi daaih ga-fē,a large (cup of) coffee,,Cantonese
珍珠奶茶,珍珠奶茶,zan1-zyu1 naai5-caa4,jān-jyū náaih-chàh,Bubble Tea,,Cantonese
泰式奶茶,泰式奶茶,taai3-sik1 naai5-caa4,taai-sīk náaih-chàh,Thai iced tea,,Cantonese
咖啡,咖啡,gaa3 fe1,ga fē,Coffee,,Cantonese Cantonese::CantoneseClass101 Cantonese::Lessons
港式奶茶,港式奶茶,gong2-sik1 naai5 caa4,góng-sīk náaih chàh,Hong Kong Milk Tea,,Cantonese
仙草凍奶茶,仙草冻奶茶,sin1-cou2 dung3 naai5-caa4,sīn chóu dung náaih chàh,Grass Jelly Milk Tea,,1。Leech Cantonese
綠茶,绿茶,luk6-caa4,luhk-chàh,Green Tea,,Cantonese
杯,杯,bui1,būi,Cup,,Cantonese Cantonese::Lessons
一杯,一杯,jat1-bui1,yāt-būi,one cup of...,,Cantonese
大,大,daai6,daaih,big,large,Cantonese
要,要,jiu3,yiu,to need,to want,Cantonese
唔,唔,m4,mh,not,,Cantonese
我想要兩杯中咖啡,我想要两杯中咖啡,ngo5 soeng2-jiu3 loeng5-bui1 zung1 gaa3-fe1,ngóh séung-yiu léuhng-būi jūng ga-fē,I would like two (cups of) medium-sized coffee,,Cantonese
我想要三杯細咖啡,我想要三杯细咖啡,ngo5 soeng2-jiu3 saam1-bui1 sai3 gaa3-fe1,ngóh séung-yiu sāam-būi sai ga-fē,I would like three (cups of) small-sized coffee,,Cantonese
唔要,唔要,m4 jiu3,mh yiu,don't want,,Cantonese
糖,糖,tong4,tòhng,candy,,1。Leech Cantonese Food
唔要糖,唔要糖,m4-jiu3 tong4,m̀h-yiu tòhng,to not want sugar,,Cantonese
奶,奶,laai5,láaih,milk,,Cantonese
奶茶,奶茶,laai5-caa4,láaih-chàh,milk tea,,Cantonese
珍珠奶茶,珍珠奶茶,zan1-zyu1 laai5-caa4,jān-jyū láaih-chàh,Bubble tea,,Cantonese
"我想要一杯奶茶, 唔要糖","我想要一杯奶茶, 唔要糖","ngo5 soeng2-jiu3 jat1-bui1 laai5-caa4, m4 jiu3 tong4","ngóh séung-yiu yāt-būi láaih-chàh, m̀h yiu tòhng","I would like a (cup of) milk tea, and I don't want sugar",,Cantonese
"我想要一杯咖啡, 唔要糖, 要奶","我想要一杯咖啡, 唔要糖, 要奶","ngo5 soeng2-jiu3 jat1-bui1 gaa3-fe1, m4 jiu3 tong4, jiu3 laai5","ngóh séung-yiu yāt-būi ga-fē, m̀h yiu tòhng, yiu láaih",I would like a (cup of) coffee,I don't want sugar and I want milk,Cantonese
"我想要一杯大咖啡, 唔要糖, 要奶","我想要一杯大咖啡, 唔要糖, 要奶","ngo5 soeng2 jiu3 jat1 bui1 daai6 gaa3 fe1 , m4 jiu3 tong4 , jiu3 naai5","ngóh séung yiu yāt būi daaih ga fē , mh yiu tòngh , yiu náaih",I would like a large (cup of) coffee,I don't want sugar and I want milk,Cantonese
同,同,tung4,tùngh,and/with,,Cantonese Cantonese::Conjunctions
幾錢,几钱,gei2 cin4,géi chìhn,How much?,,Cantonese Cantonese::CantoneseClass101
蚊,蚊,man1,māan,dollar (HK$ colloquial),,Cantonese Cantonese::CantoneseClass101
三蚊,三蚊,saam1 man1,sāam mān,three dollars,,Cantonese
凍,冻,dung3,dung,Cold,,Cantonese Cantonese::BobaBreak
熱,热,jit6,yiht,Hot,,Cantonese
一杯大凍咖啡,一杯大冻咖啡,jat1-bui1 daai6 dung3 gaa3-fe1,yāt-būi daaih dung ga-fē,a large iced coffee,,Cantonese
我想要一杯大凍咖啡,我想要一杯大冻咖啡,ngo5 soeng2-jiu3 jat1-bui1 daai6 dung3 gaa3-fe1,ngóh séung-yiu yāt-būi daaih dung ga-fē,I would like a large (cup of) iced coffee,,Cantonese
"你好, 我想要一杯小凍咖啡","你好, 我想要一杯小冻咖啡","lei5-hou2, ngo5 soeng2-jiu3 jat1-bui1 siu2 dung3 gaa3-fe1","léih-hóu, ngóh séung-yiu yāt-būi síu dung ga-fē","Hi, I would like a small (cup of) iced coffee",,Cantonese
要唔要糖同奶,要唔要糖同奶,jiu3-m4-jiu3 tong4 tung4 laai5,yiu-m̀h-yiu tòhng tùhng láaih,Do you want milk and sugar?,,Cantonese
"好, 唔該你等等","好, 唔该你等等","hou2, m4-goi1 lei5 dang2-dang2","hóu, m̀h-gōi léih dáng-dáng","Okay, please wait for a second",,Cantonese
6蚊,6蚊,luk6 man1,luhk mān,6 dollars,,Cantonese
邊度係,边度系,bin1-dou6 hai6,bīn-douh haih,"Response to a compliment (literally ""Where is it"" meaning ""How am I good enough"") a thank you to a compliment.",,Cantonese
星期,星期,sing1 kei4,sīng kèih,week,,Cantonese Cantonese::CantoneseClass101 Cantonese::Date&Time
我禮拜六日鍾意...,我礼拜六日钟意...,ngo5 lai5-baai3 luk6 jat6 zung1-ji3...,ngóh láih-baai luhk yaht jūng-yi...,I like to... on the weekends,,1。Leech Cantonese leech
因為,因为,jan1-wai6,yān-waih,Because,,Cantonese
上個,上个,soeng6-go3,seuhng-go,the last one,,Cantonese
我唔知,我唔知,ngo5 m4 zi1,ngóh mh jī,I don't know,,Cantonese::Phrase
衫,衫,saam1,sāam,clothes,,1。Leech
李小龙,李小龙,lei5 siu2 lung4,léih síu lùngh,Bruce Lee,,
叶问,叶问,jip6 man6,yihp manh,Ip Man (Bruce Lee's master),,
澳门,澳门,ou3 mun2,ou mún,Macau,,
晚安,晚安,man5 on1,mánh ōn,Goodnight (formal),,leech
早透,早透,zou2 tau3,jóu tau,Goodnight,,1。Leech
搬家屋,搬家屋,bun1 gaa1 nguk1,būn gā ngūk,to move (homes),,
闊,阔,fut3,fut,wide,,
天津,天津,tin1 zeon1,tīn jēun,Tianjin (city near Beijing),,
同埋,同埋,tung4 mai4,tùngh màih,and,,
士卒,士卒,si6 zeot1 (xi zêd),sih jēut (xi zêd),soldiers,,
中秋節,中秋节,zung1 cau1 zit3,jūng chāu jit,mid-autumn festival,,
月,月,jyut6,yuht,month,,Cantonese
月亮,月亮,jyut6 loeng6,yuht leungh,moon,,
月餅,月饼,jyut6 beng2,yuht béng,Mooncake,,Food
肚餓,肚饿,tou5 ngo6,tóuh ngoh,Hungry,,Cantonese::CantoneseClass101 Cantonese::LingQ
嘅,嘅,ge3,ge,"[1] adjective suffix - usu affixed to an adjective and placed before a noun [2] possessive marker - functioning like "" 's "" or ""of"" [3] relative pronoun - that, who, which [4] final particle - connoting assertion with emphasis",,Cantonese::LingQ
鱷魚,鳄鱼,ngok6 jyu4,ngohk yùh,Crocodile,,Cantonese::LingQ
以前,以前,ji5 cin4,yíh chình,before,previously,Cantonese::LingQ
以前有條好肚餓嘅鱷魚,以前有条好肚饿嘅鳄鱼,ji5 cin4 jau5 tiu4 hou2 tou5 ngo6 ge3 ngok6 jyu4,yíh chình yáuh tìuh hóu tóuh ngoh ge ngohk yùh,There used to be a hungry crocodile.,,Cantonese::LingQ Cantonese::Phrase
佢 慢慢 噉 、唔 出聲 噉 去 搵 嘢 食。,佢 慢慢 噉 、唔 出声 噉 去 揾 嘢 食。,"keoi4 maan6 maan6, gam2 m4 coet1 sing1 gam2 heoi3 wan3 je5 sik6.","kèuih maahn maahn, gám m̀h chōet sīng gám heui wan yéh sihk.","He/She ate slowly and without making a sound, looking for food.",,Cantonese::LingQ Cantonese::Phrase
第1,第1,dai6 jat1,daih yāt,first,,Cantonese
第3,第3,dai6 saam1,daih sāam,third,,Cantonese
煮,煮,zyu2,jyú,cook,,Cantonese Cantonese::Verbs
飯,饭,faan6,faanh,rice,meal,Cantonese
豆腐,豆腐,dau6-fu6,dauh-fuh,Tofu,,Cantonese
湯,汤,tong1,tōng,Soup,,Cantonese
"第一, 我哋煮雞肉.","第一, 我哋煮鸡肉.","dai6-jat1, ngo5-dei6 zyu2 gai1-juk6","daih-yāt, ngóh-deih jyú gāi-yuhk","First, we cook the chicken.",,Cantonese
"第二, 我哋煮飯.","第二, 我哋煮饭.","dai6-ji6, ngo5-dei6 zyu2 faan6","daih-yih, ngóh-deih jyú faahn","Second, we cook the rice.",,Cantonese
"第三, 我哋煮牛肉.","第三, 我哋煮牛肉.","dai6-saam1, ngo5-dei6 zyu2 ngau4-juk6","daih-sāam, ngóh-deih jyú ngàuh-yuhk","Third, we cook the beef.",,Cantonese
...之前,...之前,...zi1-cin4,...jī-chìhn,before...,,Cantonese
...之後,...之后,...zi1-hau6,...jī-hauh,after,,Cantonese
然後,然后,jin4-hau6,yìhn hauh,then,,Cantonese
最後,最后,zeoi3-hau6,jeui-hauh,Finally,,Cantonese
"煮飯之前, 我哋煮雞肉.","煮饭之前, 我哋煮鸡肉.","zyu2 faan6 zi1-cin4, ngo5-dei6 zyu2 gai1-juk6","jyú faahn jī-chìhn, ngóh-deih jyú gāi-yuhk","Before cooking the rice, we will cook the chicken.",,Cantonese
"煮飯之後, 我哋煮牛肉.","煮饭之后, 我哋煮牛肉.","zyu2 faan6 zi1-hau6, ngo5-dei6 zyu2 ngau4-juk6","jyú faahn jī-hauh, ngóh-deih jyú ngàuh-yuhk","After cooking the rice, we will cook the beef",,1。Leech Cantonese leech
"然後, 我哋煮豆腐.","然后, 我哋煮豆腐.","jin4-hau6, ngo5-dei6 zyu2 dau6-fu6","yìhn-hauh, ngóh-deih jyú dauh-fuh","Then, we will cook the tofu.",,Cantonese
炒,炒,caau2,cháau,To stir-fry,,Cantonese
炒飯,炒饭,caau2 faan6,cháau faanh,stir fried rice,to stir fry rice,Cantonese
炸,炸,zaa3,ja,To deep-fry,,Cantonese
炸豆腐,炸豆腐,zaa3 dau6-fu6,ja dauh-fuh,fried tofu,to fry tofu,Cantonese
蒸魚,蒸鱼,zing1 jyu2,jīng yú,to steam fish,steamed fish,Cantonese
醃,腌,jip3,yip,to marinate,,Cantonese
醃雞肉,腌鸡肉,jip3 gai1-juk6,yip gāi-yuhk,to marinate chicken,,Cantonese
唔好,唔好,m4 hou2,m̀h hóu,don't,,Cantonese
好唔好,好唔好,hou2 m4 hou2,hóu mh hóu,is it good,,Cantonese
識,识,sik1,sīk,To know,,Cantonese Cantonese::Verbs
唔識,唔识,m4 sik1,mh sīk,to not know,,Cantonese
識唔識,识唔识,sik1 m4 sik1,sīk mh sīk,do (you) know,,Cantonese
唔好味,唔好味,m4 hou2-mei6,m̀h hóu-meih,not delicious,,Cantonese
好唔好味,好唔好味,hou2 m4 hou2-mei6,hóu m̀h hóu-meih,Is it delicious,,Cantonese
鍾意,钟意,zung1 ji3,jūng yi,like,,Cantonese Cantonese::CantoneseClass101 Cantonese::Lessons Cantonese::Verbs
唔鍾意,唔钟意,m4 zung1-ji3,m̀h jūng-yi,to not like,,Cantonese
鍾唔鍾意,钟唔钟意,zung1 m4 zung1-ji3,jūng m̀h jūng-yi,do (you) like,,Cantonese
你鍾唔鍾意炸豆腐.,你钟唔钟意炸豆腐.,lei5 zung1-m4-zung1-ji3 zaa3 dau6-fu6,léih jūng-m̀h-jūng-yi ja dauh-fuh,Do you like fried tofu?,,Cantonese
你鍾唔鍾意食炸豆腐,你钟唔钟意食炸豆腐,lei5 zung1-m4-zung1-ji3 sik6 zaa3 dau6-fu6,léih jūng-m̀h-jūng-yi sihk ja dauh-fuh,Do you like to eat fried tofu?,,Cantonese
你識唔識煮炸豆腐,你识唔识煮炸豆腐,lei5 sik1-m4-sik1 zyu2 zaa3 dau6-fu6,léih sīk-m̀h-sīk jyú ja dauh-fuh,Do you know how to cook fried tofu?,,Cantonese
我識煮炸豆腐,我识煮炸豆腐,ngo5 sik1 zyu2 zaa3 dau6-fu6,ngóh sīk jyú ja dauh-fuh,I know how to cook fried tofu,,Cantonese
前,前,cin4,chình,before,front,Cantonese
後,后,hau6,hauh,after,behind,Cantonese
你識唔識煮中國菜,你识唔识煮中国菜,lei5 sik1-m4-sik1 zyu2 zung1-gwok3 coi3,léih sīk-m̀h-sīk jyú jūng-gwok choi,Do you know how to cook Chinese food?,,Cantonese
識小小,识小小,sik1 siu2-siu2,sīk síu-síu,I know a little bit,,Cantonese
唔緊要,唔紧要,m4 gan2 jiu3,m̀h gín yiu,never mind,,Cantonese Cantonese::CantoneseClass101 Cantonese::Ling
"第一, 我哋煮雞肉.","第一, 我哋煮鸡肉.","dai6-jat1, ngo5-dei6 zyu2 gai1-juk6","daih-yāt, ngóh-deih jyú gāi-yuhk","First, we will cook the chicken",,Cantonese
"煮雞肉之前, 我哋先醃好啲雞肉.","煮鸡肉之前, 我哋先腌好啲鸡肉.","zyu2 gai1-juk6 zi1-cin4, ngo5-dei6 sin1 jip3 hou2 di1 gai1-juk6.","jyú gāi yuhk jī chìhn, ngóh deih sīn yip hóu dī gāi yuhk.","Before cooking the chicken, we will have to finish marinating the chicken.",,Cantonese
"然後, 我哋煮飯同蒸魚","然后, 我哋煮饭同蒸鱼","jin4-hau6, ngo5-dei6 zyu2-faan6 tung4 zing1 jyu2","yìhn-hauh, ngóh-deih jyú-faahn tùhng jīng yú","Then, we will cook the rice and the steamed fish",,Cantonese
你鍾唔鍾意食魚,你钟唔钟意食鱼,lei5 zung1-m4-zung1-ji3 sik6 jyu2*4,léih jūng-m̀h-jūng-yi sihk yú*4,Do you like eating fish?,,Cantonese
我好鍾意食魚,我好钟意食鱼,ngo5 hou2 zung1-ji3 sik6 jyu2,ngóh hóu jūng-yi sihk yú,I really like to eat fish,,Cantonese
"食咗喇, 你呢?","食咗喇, 你呢?","sik6-zo2 laa3, nei5 ne1?","sihk-jó la, néih nē?","I have eaten, how about you? (I am well and you?)",,Cantonese
食咗飯味,食咗饭味,sik6 zo2 faan6 mei6,sihk jó faahn meih,Have you eaten yet? (How are you doing?),,Cantonese
"未食呀, 你呢?","未食呀, 你呢?","mei6 sik6 aa3, lei5 le1","meih sihk a, léih lē","Not yet, and you? (I'm okay/not so well/haven't eaten yet, and you?)",,Cantonese
你好咩?,你好咩?,lei5 hou2 me1,léih hóu mē,How are you?,,Cantonese::Phrase
對唔住,对唔住,deoi3 m4 zyu6,deui m̀h jyuh,Sorry,,Cantonese::Phrase
唔好意息,唔好意息,m4 hou2 ji3 sik1,mh hóu yi sīk,"I’m sorry (more like sorry for being out of stock of sth or light sorry, closer to 'excuse me')",,Cantonese::Phrase
我知,我知,ngo5 zi1,ngóh jī,I know,,Cantonese::Phrase
我明,我明,ngo5 ming4,ngóh mìngh,I understand,,Cantonese::Phrase
咩意息,咩意息,me1 ji3 sik1,mē yi sīk,What does it mean?,,Cantonese::Phrase
唔該講多次,唔该讲多次,m4 goi1 gong2 do1 ci3,mh gōi góng dō chi,Could you repeat that please?,,Cantonese::Phrase
"可唔可以再講多次啊,我聽唔到","可唔可以再讲多次啊,我听唔到","ho2 m4 ho2 ji5 zoi3 gong2 do1 ci3 ngaa1, ngo5 ting3 m4 dou3","hó m̀h hó yíh joi góng dō chi ngā, ngóh ting m̀h dou","Could you repeat that, I didn't hear?",,Cantonese::Phrase
可唔可以講多次,可唔可以讲多次,ho2 m4 ho2 ji5 gong2 do1 ci3,hó mh hó yíh góng dō chi,Could you say that again?,,Cantonese::Phrase
我好鐘意飲珍珠奶茶,我好钟意饮珍珠奶茶,ngo5 hou2 zung1 ji3 jam2 zan1 zyu1 laai5 caa4,ngóh hóu jūng yi yám jān jyū láaih chàh,I like to drink bubble tea,,Cantonese::Phrase
嘅,嘅,ge3,ge,...'s (possesive),,Cantonese
我嘅,我嘅,ngo5 ge3,ngóh ge,my,,Cantonese
妈妈,妈妈,maa4-maa1,màh-mā,Mom,,Cantonese
我妈妈,我妈妈,ngo5 maa4-maa1,ngóh màh-mā,My Mom,,Cantonese
阿妈,阿妈,aa3-maa1,a-mā,Mom (informal),,Cantonese
爸爸,爸爸,baa4-baa1,bàh-bā,Dad,,Cantonese
阿爸,阿爸,aa3-baa4,a-bàh,Dad (informal),,Cantonese
姐姐,姐姐,ze4-ze1,jèh-jē,older sister,,Cantonese Cantonese::Family
家姐,家姐,gaa1-ze1,gā-jē,older sister (informal),,Cantonese Cantonese::Family
妹妹,妹妹,mui4-mui2,mùih-múi,younger sister,,Cantonese Cantonese::Family
細妹,细妹,sai3-mui2,sai-múi,younger sister (informal),,Cantonese Cantonese::Family
老豆,老豆,lou5-dau6,lóuh-dauh,Dad (colloquial),,Cantonese
哥哥,哥哥,go4-go1,gòh-gō,older brother,,Cantonese
大哥,大哥,daai6-go1,daaih-gō,older brother (informal),,Cantonese
大佬,大佬,daai6-lou2,daaih-lóu,older brother (colloquial),,Cantonese
弟弟,弟弟,dai4-dai2,dàih-dái,younger brother,,Cantonese
細佬,细佬,sai3-lou2,sai lóu,younger brother (informal),,Cantonese
佢係我阿媽,佢系我阿妈,keoi5 hai6 ngo5 aa3-maa1,kéuih haih ngóh a-mā,She is my Mom,,Cantonese
我係佢家姐,我系佢家姐,ngo5 hai6 keoi5 gaa1-ze1,ngóh haih kéuih gā-jē,I am his/her older sister,,Cantonese
呢個係我細佬,呢个系我细佬,li1-go3 hai6 ngo5 sai3-lou2,lī-go haih ngóh sai-lóu,This is my younger brother,,Cantonese
我是獨子,我是独子,ngo5 si6 duk6 zi2,ngóh sih duhk jí,I am an only child (male),,Cantonese
我是獨生女,我是独生女,ngo5 si6 duk6 saang1 neoi5,ngóh sih duhk sāang néuih,I am an only child (female),,Cantonese
嗰個係我老豆,𠮶个系我老豆,go2-go3 hai6 ngo5 lou5-dau6,gó-go haih ngóh lóuh-dauh,This is my Dad (colloquial),,Cantonese
有,有,jau5,yáuh,have/there is,,Cantonese Cantonese::Lessons Cantonese::Verbs
冇,冇,mou5,móuh,to not have,,Cantonese Cantonese::Lessons Cantonese::Verbs
有冇...,有冇...,jau5 mou5,yáuh móuh,Do you have....?,,Cantonese
朋友,朋友,pang4 jau5,pàhng yáuh,friends,,Cantonese Cantonese::Lessons
男朋友,男朋友,naam4-pang4-jau5,nàahm-pàhng-yáuh,boyfriend,,Cantonese
女朋友,女朋友,neoi5-pang4-jau5,néuih-pàhng-yáuh,girlfriend,,Cantonese
好多,好多,hou2-do1,hóu-dō,many,,Cantonese
你有冇細妹?,你有冇细妹?,lei5 jau5-mou5 sai3-mui2,léih yáuh-móuh sai-múi,Do you have younger sisters?,,Cantonese
我有細妹,我有细妹,ngo5 jau5 sai3-mui2,ngóh yáuh sai-múi,I have a younger sister,,Cantonese
我有一個細妹,我有一个细妹,ngo5 jau5 jat1-go3 sai3-mui2,ngóh yáuh yāt-go sai-múi,I have one younger sister,,Cantonese
我有一個細妹同一個細老,我有一个细妹同一个细老,ngo5 jau5 jat1-go3 sai3-mui2 tung4 jat1-go3 sai3 lou2,ngóh yáuh yāt-go sai-múi tùhng yāt-go sai lóu,I have one younger sister and one younger brother,,Cantonese
你有冇女朋友,你有冇女朋友,lei5 jau5-mou5 neoi5-pang4-jau5,léih yáuh-móuh néuih-pàhng-yáuh,Do you have a girlfriend?,,Cantonese
我有女朋友,我有女朋友,ngo5 jau5 neoi5-pang4-jau5,ngóh yáuh néuih-pàhng-yáuh,I have (a) girlfriend,,Cantonese
我有一個女朋友,我有一个女朋友,ngo5 jau5 jat1-go3 neoi5-pang4-jau5,ngóh yáuh yāt-go néuih-pàhng-yáuh,I have one girlfriend,,Cantonese
我冇好多女朋有,我冇好多女朋有,ngo5 mou5 hou2-do1 neoi5-pang4-jau5,ngóh móuh hóu-dō néuih-pàhng-yáuh,I don't have many girlfriends,,Cantonese
屋企,屋企,uk1 kei2,wūk kéi,home,,Cantonese Cantonese::CantoneseClass101 Cantonese::Lessons
屋企人,屋企人,uk1-kei2-jan4,ūk-kéi-yàhn,family member,,Cantonese
邊個,边个,bin1 go3,bīn go,which one/who,,Cantonese Cantonese::CantoneseClass101 Cantonese::Lessons Cantonese::Pronouns
.... 係邊個,.... 系边个,.... hai6 bin1-go3,.... haih bīn-go,Who is....?,,Cantonese
邊個係....?,边个系....?,bin1-go3 hai6 .....?,bīn-go haih .....?,Which one is.....?,,Cantonese
佢係邊個,佢系边个,keoi5 hai6 bin1-go3,kéuih haih bīn-go,Who is he/she?,,Cantonese
呢個係邊個,呢个系边个,li1-go3 hai6 bin1-go3,lī-go haih bīn-go,Who is this?,,Cantonese
邊個係你屋企人,边个系你屋企人,bin1-go3 hai6 lei5 uk1-kei2-jan4,bīn-go haih léih ūk-kéi-yàhn,Which one is your family?,,Cantonese
邊個係你男朋友,边个系你男朋友,bin1-go3 hai6 lei5 naam4-pang4-jau5,bīn-go haih léih nàahm-pàhng-yáuh,Which one is your boyfriend?,,Cantonese
女,女,leoi5,léuih,daughter,,Cantonese Cantonese::Family
男,男,naam4,nàamh,male,man,Cantonese
你有冇兄弟姊妹,你有冇兄弟姊妹,lei5 jau5-mou5 hing1-dai6-zi2-mui6,léih yáuh-móuh hīng-daih-jí-muih,Do you have any siblings?,,Cantonese
你仲有咩屋企人,你仲有咩屋企人,lei5 zung6 jau5 me1 uk1-kei2-jan4,léih juhng yáuh mē ūk-kéi-yàhn,What other family members do you have?,,Cantonese
我屋企有爸爸同媽媽,我屋企有爸爸同妈妈,ngo5 uk1-kei2 jau5 baa4 -baa1 tung4 maa4-maa1,ngóh ūk-kéi yáuh bàh -bā tùhng màh-mā,I have (a) Dad and (a) Mom.,,Cantonese
你有冇相,你有冇相,lei5 jau5-mou5 soeng2,léih yáuh-móuh séung,Do you have a photo of them?,,Cantonese
"呢個係我爸爸, 呢個係我媽媽, 呢個係我細妹","呢个系我爸爸, 呢个系我妈妈, 呢个系我细妹","li1-go3 hai6 ngo5 baa4-baa1, li1-go3 hai6 ngo5 maa4-maa1, li1-go3 hai6 ngo5 sai3-mui2","lī-go haih ngóh bàh-bā, lī-go haih ngóh màh-mā, lī-go haih ngóh sai-múi","This is my Dad, this is my Mom, this is my younger sister",,Cantonese
歲,岁,seoi3,seui,year (of age),,Cantonese
...歲,...岁,...seoi3,...seoi,...years old,,Cantonese
我24歲,我24岁,ngo5 ji6 sap6 sei3 seoi3,ngóh yih sahp sei seui,I am 24 years old,,Cantonese
幾歲,几岁,gei2-seoi3,géi-seui,how many years old,,Cantonese
機時,机时,gei1-si4,gēi-sìh,when,,Cantonese
生日,生日,saang1 jat6,sāang yaht,birthday,,Cantonese
你幾歲,你几岁,lei5 gei2-seoi3,léih géi-seui,How old are you?,,Cantonese
你細妹幾歲,你细妹几岁,lei5 sai3-mui2 gei2-seoi3,léih sai muí géi seui,How old is your younger sister?,,Cantonese
我家姐27歲,我家姐27岁,ngo5 gaa1-ze1 ji6-sap6-cat1 seoi3,ngóh gā-jē yih-sahp-chāt seui,My older sister is 27 years old,,Cantonese
你幾時生日,你几时生日,lei5 gei2-si4 saang1-jat6,léih géi-sìh sāang-yaht,When is your birthday?,,Cantonese
你嘅好朋友幾時生日,你嘅好朋友几时生日,lei5-ge3 hou2 pang4-jau5 gei2-si4 saang1-jat6,léih-ge hóu pàhng-yáuh géi-sìh sāang-yaht,When is your good friend's birthday?,,Cantonese
年,年,nin4,nình,year,,Cantonese Cantonese::Date&Time
日 / 號,日 / 号,jat6 / hou6,yaht / houh,day,,Cantonese
2006年,2006年,ji6-ling4-ling4-luk6-nin4,yih-lìhng-lìhng-luhk-nìhn,The year 2006,,Cantonese
2017年,2017年,ji6-ling4-jat1-cat1-nin4,yih-lìhng-yāt-chāt-nìhn,the year 2017,,Cantonese
1月,1月,jat1-jyut6,yāt-yuht,January,,Cantonese
2月,2月,ji6-jyut6,yih-yuht,February,,Cantonese
3月,3月,saam1-jyut6,sāam-yuht,March,,Cantonese
4月,4月,sei3-jyut6,sei-yuht,April,,Cantonese
五月,五月,ng5-jyut6,ńgh-yuht,May,,Cantonese
六月,六月,luk6-jyut6,luhk-yuht,June,,Cantonese
七月,七月,cat1-jyut6,chāt-yuht,July,,Cantonese
八月,八月,baat3-jyut6,baat-yuht,August,,Cantonese
九月,九月,gau2-jyut6,gáu-yuht,September,,Cantonese
十月,十月,sap6-jyut6,sahp-yuht,October,,Cantonese
十一月,十一月,sap6-jat1-jyut6,sahp-yāt-yuht,November,,Cantonese
十二月,十二月,sap6-ji6-jyut6,sahp-yih-yuht,December,,Cantonese
23號,23号,ji6-sap6-saam1 hou6,yih-sahp-sāam houh,23rd,No.23,Cantonese
2016年12月23號,2016年12月23号,ji6-ling4-jat1-luk6-nin4 sap6-ji6-sap6-saam1 hou6,yih-lìhng-yāt-luhk-nìhn sahp-yih-sahp-sāam houh,"December 23rd, 2016",,Cantonese
我嘅生日係12月18號,我嘅生日系12月18号,ngo5 ge3 saang1-jat6 hai6 sap6-ji6-jyut6-baat3 hou6,ngóh ge sāang-yaht haih sahp-yih-yuht-baat houh,My birthday is on December 18th,,Cantonese
我阿爸嘅生日係,我阿爸嘅生日系,ngo5 aa3-baa4 ge3 saang1-jat6 hai6 ng5-jyut6 luk6 hou6,ngóh a-bàh ge sāang-yaht haih ńgh-yuht luhk houh,My Dad's birthday is May 6th,,Cantonese
今年,今年,gam1-nin2,gām-nín,this year,,Cantonese
今個月,今个月,gam1-go3-jyut6,gām-go-yuht,this month,,Cantonese
今日,今日,gam1 jat6,gām yaht,today,,Cantonese Cantonese::Adverbs Cantonese::Date&Time Cantonese::Lessons
我今年46歲,我今年46岁,ngo5 gam1-nin2 sei3-sap6-luk3 seoi3,ngóh gām-nín sei-sahp-luk seui,I am 46 (years old) this year,,Cantonese
今日係我嘅生日,今日系我嘅生日,gam1-jat6 hai6 ngo5 ge3 saang1-jat6,gām-yaht haih ngóh ge sāang-yaht,Today is my birthday,,Cantonese
我嘅生日係呢個月16號,我嘅生日系呢个月16号,ngo5 ge3 saang1-jat6 hai6 li1-go3-jyut6 sap6-luk6 hou6,ngóh ge sāang-yaht haih lī-go-yuht sahp-luhk houh,My birthday is the 16th of this month,,Cantonese
今年冇2月29號,今年冇2月29号,gam1-nin2 mou5 ji6-jyut6 ji6-sap6-gau2 hou6,gām-nín móuh yih-yuht yih-sahp-gáu houh,There is no February 29th this year,,Cantonese
日,日,jat6,yaht,day,sun,Cantonese
你今年幾歲,你今年几岁,lei5 gam1-nin2 gei2-seoi3,léih gām-nín géi-seui,How old are you this year?,,Cantonese
我24歲,我24岁,ngo5 ji6-sap6-sei3 seoi3,ngóh yih-sahp-sei seui,I am 24 years old,,Cantonese
今個月16號係我嘅生日,今个月16号系我嘅生日,gam1-go3-jyut6 sap6 luk6 hou6 hai6 ngo5 ge3 saang1-jat6,gām-go-yuht sahp luhk houh haih ngóh ge sāang-yaht,The 16th this month is my birthday,,Cantonese
你嚟食飯啦,你嚟食饭啦,lei5 lei4 sik6-faan6 laa1,léih lèih sihk-faahn lā,Come and have dinner!,,Cantonese
好呀,好呀,hou2 aa3,hóu a,That's great!,,Cantonese
我想同你握手,我想同你握手,ngo5 soeng2 tung4 lei5 aak1 sau2,ngóh séung tùngh léih āak sáu,I would like to shake your hand,,1。Leech
幾點,几点,gei2 dim2,géi dím,What time is it?,,
一點,一点,jat1 dim2,yāt dím,One O'Clock,,
一點四十二分,一点四十二分,jat1 dim2 sei3 sap6 ji6 fan1,yāt dím sei sahp yih fān,1:42,,
波士頓,波士顿,bo1-si6-deon6,bō-sih-deuhn,Boston,,
宜家,宜家,ji4 gaa1,yìh gā,right now,,1。Leech leech
靴,靴,hoe1,hoē,boots,,
冬靴,冬靴,dung1 hoe1,dūng hoē,winter boots,,
冬天,冬天,dung1 tin1,dūng tīn,winter,,
夏天,夏天,ha6 tin1,hah tīn,summer,,
春天,春天,ceon1-tin1,chēun-tīn,spring,,1。Leech Cantonese::BobaBreak
秋天,秋天,cau1-tin1,chāu-tīn,autumn,,Cantonese::BobaBreak
中秋節,中秋节,zung1 cau1 zit3,jūng chāu jit,moon festival / mid-autumn festival (occurs on 15th day of 8th month in lunar calendar where there is a full moon),,
春節,春节,ceon1-zit3,cheūn jit,Spring festival,,
新年,新年,san1 nin4,sān nìhn,New Year,,
哀伤,哀伤,oi1 soeng1,ōi sēung,sad,,leech
开心,开心,hoi1 sam1,hōi sām,happy,,
思考,思考,si1 haau2,sī háau,to think / ponder,,1。Leech
磁铁,磁铁,ci4 tit3,chìh tit,magnet,,
我見到吳先生,我见到吴先生,ngo5 gin3 dou3 ng4 sin1 saang1,ngóh gin dou ngh sīn sāang,I meet with Mr.Wu,,
我同Allen學廣東話,我同Allen学广东话,ngo5 tung4 Allen hok6 gwong2 dung1 waa6,ngóh tùngh Allen hohk gwóng dūng wah,I learn Cantonese with Allen,,
我想去,我想去,ngo5 soeng2 heoi3,ngóh séung heui,I want to go,,
我想去過中秋節,我想去过中秋节,ngo5 soeng2 heoi3 gwo3 zung1 cau1 zit3,ngóh séung heui gwo jūng chāu jit,I want to go to the Mid-Autumn festival,,
一個女人,一个女人,jat1 go3 leui5 jan2,yāt go léuih yán,a woman,,Cantonese::Ling
我係一個女人,我系一个女人,ngo5 hai6 jat1 go3 leui5 jan2,ngóh haih yāt go léuih yán,I am a woman,,Cantonese::Ling
一個男人,一个男人,jat1 go3 laam4 jan4,yāt go làamh yành,a man,,Cantonese::Ling
你係一個男人,你系一个男人,lei5 hai6 jat1 go3 laam4 jan4,léih haih yāt go làamh yành,You are a man,,Cantonese::Ling
一個女仔,一个女仔,jat1 go3 leui5 zai2,yāt go léuih jái,A girl,,Cantonese::Ling
佢係一個女仔,佢系一个女仔,keui5 hai6 jat1 go3 leui5 zai2,kéuih haih yāt go léuih jái,She is a girl,,Cantonese::Ling
一個男仔,一个男仔,jat1 go3 laam5 zai2,yāt go láamh jái,a boy,,Cantonese::Ling
佢係一個男仔,佢系一个男仔,keui5 hai6 jat1 go3 naam4 zai2,kéuih haih yāt go nàahm jái,he is a boy,,Cantonese::Ling
二十五,二十五,ji6 sap6 ng5,yih sahp ngh,twenty five,,Cantonese::Ling
我二十五歲,我二十五岁,ngo5 ji6 sap6 ng5 seui3,ngóh yih sahp ngh seui,I am twenty-five years old,,Cantonese::Ling
十二,十二,sap6 ji6,sahp yih,twelve,,Cantonese::CantoneseClass101 Cantonese::Ling
個男仔十二歲,个男仔十二岁,go3 naam4 zai2 sap6 ji6 seui3,go nàahm jái sahp yih seui,the boy is twelve years old,,Cantonese::Ling
十四,十四,sap6 sei3,sahp sei,fourteen,,Cantonese::Ling
個女仔十四歲,个女仔十四岁,go3 leui5 zai2 sap6 sei3 seui3,go léuih jái sahp sei seui,a girl is fourteen years old,,Cantonese::Ling
你四十歲,你四十岁,lei5 sei3 sap6 seui3,léih sei sahp seui,you are forty years old,,Cantonese::Ling
美國,美国,mei5 gwok3,méih gwok,United States,,Cantonese::Ling
我嚟自美國,我嚟自美国,ngo5 lai4 zi6 mei5 gwok3,ngóh làih jih méih gwok,I am from the USA,,Cantonese::Ling
德國,德国,dak1 gwok3,dāk gwok,Germany,,Cantonese::Ling
佢嚟自德國,佢嚟自德国,keui5 lai4 zi6 dak1 gwok3,kéuih làih jih dāk gwok,She comes from Germany,,Cantonese::Ling
你嚟自中國,你嚟自中国,lei5 lai4 zi6 zung1 gwok3,léih làih jih jūng gwok,You are from China,,Cantonese::Ling
日本,日本,jat6 bun2,yaht bún,Japan,,Cantonese::Ling
佢嚟自日本,佢嚟自日本,keui5 lai4 zi6 jat6 bun2,kéuih làih jih yaht bún,He comes from Japan,,Cantonese::Ling
英文,英文,jing1 man2,yīng mán,English,,Cantonese::Ling
我講英文,我讲英文,ngo5 gong2 jing1 man2,ngóh góng yīng mán,I speak English,,Cantonese::Ling
我講德文,我讲德文,ngo5 gong2 dak1 man2,ngóh góng dāk mán,I speak German,,Cantonese::Ling
德文,德文,dak1 man2,dāk mán,German,,Cantonese::Ling
你講德文,你讲德文,lei5 gong2 dak1 man2,léih góng dāk mán,you speak German,,Cantonese::Ling
中文,中文,zung1 man2,jūng mán,Chinese (language),,Cantonese::Ling
佢講中文,佢讲中文,keui5 gong2 zung1 man2,kéuih góng jūng mán,He speaks Chinese,,Cantonese::Ling
日文,日文,jat6 man2,yaht mán,Japanese (language),,Cantonese::Ling
佢講日文,佢讲日文,keui5 gong2 jat6 man2,kéuih góng yaht mán,She speaks Japanese,,Cantonese::Ling
午安,午安,m5 on1,mh ōn,good afternoon,,Cantonese::Ling
你好嗎,你好吗,lei5 hou2 ma3,léih hóu ma,how are you?,,Cantonese::Ling
我好好,我好好,ngo5 hou2 hou2,ngóh hóu hóu,I am fine/well,,Cantonese::Ling
你呢,你呢,lei5 le1,léih lē,What about you? / And you?,,Cantonese::Ling
再見,再见,zoi3 gin3,joi gin,Goodbye,,Cantonese::Ling
遲啲見,迟啲见,ci4 di1 gin3,chìh dī gin,See you later,,Cantonese::Ling Cantonese::Phrase
祝你好運,祝你好运,zuk1 lei5 hou2 wan6,jūk léih hóu wanh,Good luck,,Cantonese::Ling
唔好意思,唔好意思,m4 hou2 ji3 si3,mh hóu yi si,excuse me,,Cantonese::Ling
請問你叫咩名,请问你叫咩名,cing2 man6 lei5 giu3 me1 meng2,chíng manh léih giu mē méng,What is your name?,,Cantonese::Ling
我叫Steve,我叫Steve,ngo5 giu3 Steve,ngóh giu Steve,My name is Steve,,Cantonese::Ling
請問你幾多歲,请问你几多岁,cing2 man6 lei5 gei2 do1 seui3,chíng manh léih géi dō seui,How old are you?,,Cantonese::Ling
我二十四歲,我二十四岁,ngo5 ji6 sap6 sei3 seoi3,ngóh yih sahp sei seui,I am twenty four years old,,Cantonese::Ling
好高興認識你,好高兴认识你,hou2 gou1 hing3 jing6 sik1 lei5,hóu gōu hing yingh sīk léih,Nice to meet you,,Cantonese::Ling
唔好意思! 請問你係咪湯姆?,唔好意思! 请问你系咪汤姆?,m4 hou2 ji3 si1! cing2 man6 lei5 hai6 mai6 tong1 mou5?,m̀h hóu yi sī! chíng mahn léih haih maih tōng móuh?,"Excuse me, is your name Tom (tong1 mou5)?",,Cantonese::Ling
係我叫湯姆,系我叫汤姆,"hai6, ngo5 giu tong1 mou5","haih, ngóh giu tōng móuh","Yes, my name is Tom (tong1 mou5)",,Cantonese::Ling
你由英國嚟嘅?,你由英国嚟嘅?,lei5 yau4 jing1 gwok3 lai4 ge3,léih yàuh yīng gwok làih ge,Are you from England?,,Cantonese::Ling
"唔係, 我嚟自美國","唔系, 我嚟自美国","m4 hai6, ngo5 lai4 ji6 mei5 gwok3","m̀h haih, ngóh làih yih méih gwok","No, I am from the United States",,Cantonese::Ling
你由邊度嚟㗎,你由边度嚟㗎,lei5 jau4 bin1 dou6 lai4 ga3,léih yàuh bīn douh làih ga,Where are you from?,,Cantonese::Ling
我嚟自南韓,我嚟自南韩,ngo5 lai4 ji6 naam4 hon4,ngóh làih yih nàamh hònh,I'm from South Korea,,Cantonese::Ling
你知唔嗰個女仔個名?,你知唔𠮶个女仔个名?,lei5 zi1 m4 zi1 go2 go3 leui5 zai2 go3 meng2,léih jī mh jī gó go léuih jái go méng,Do you know that girl's name?,,Cantonese::Ling
"嗯, 我知道","嗯, 我知道","ng6, ngo5 zi1 dou6","ngh, ngóh jī douh","Yes, I do",,Cantonese::Ling
佢個名叫籮斯,佢个名叫箩斯,keui5 go3 meng2 giu3 lo4 si1,kéuih go méng giu lòh sī,Her name is Rose (籮斯),,Cantonese::Ling
佢識唔識講英文?,佢识唔识讲英文?,keui5 sik1 m4 sik1 gong2 jing1 man2?,kéuih sīk m̀h sīk góng yīng mán?,Can she speak English?,,Cantonese::Ling
我唔知道. 唔好意思,我唔知道. 唔好意思,ngo5 m4 zi1 dou6. m4 hou2 ji1 si1,ngóh m̀h jī douh. m̀h hóu yī sī,I don't know. I'm sorry.,,Cantonese::Ling
唔該晒,唔该晒,m4 goi1 saai3,mh gōi saai,Thank you very much,,Cantonese::CantoneseClass101 Cantonese::Ling
唔洗客氣,唔洗客气,m4 sai2 haak3 hei3,mh sái haak hei,You're welcome,,Cantonese::Ling
高興,高兴,gou1 hing3,gōu hing,happy,,Cantonese::CantoneseClass101
佢老公唔高興,佢老公唔高兴,keoi5 lou5 gung1 m4 gou1 hing3,kéuih lóuh gūng mh gōu hing,Her husband is not happy,,Cantonese::CantoneseClass101
認識,认识,jing6 sik1,yihng sīk,to know,,Cantonese::CantoneseClass101 Cantonese::Verbs
認識你好高興,认识你好高兴,jing6 sik1 lei5 hou2 gou1 hing3,yingh sīk léih hóu gōu hing,Nice meeting you,,Cantonese::CantoneseClass101
都,都,dou1,dōu,also/too,,Cantonese::CantoneseClass101 Cantonese::LingQ
我都鍾意佢,我都钟意佢,ngo5 dou1 zung1 ji3 keoi5,ngóh dōu jūng yi kéuih,I also like him/her/it,,Cantonese::CantoneseClass101
我從中國嚟,我从中国嚟,ngo5 cung4 zung1 gwok3 lai4,ngóh chùngh jūng gwok làih,I come from China,,Cantonese::CantoneseClass101
北京係中國首都,北京系中国首都,baak1 ging1 hai6 zung1 gwok3 sau2 dou1,bāak gīng haih jūng gwok sáu dōu,Beijing is the capital of China,,Cantonese::CantoneseClass101
你有冇去過美國,你有冇去过美国,lei5 jau5 mou5 heoi3 gwo3 mei5 gwok3,léih yáuh móuh heui gwo méih gwok,Have you been to the United States?,,Cantonese::CantoneseClass101
我哋都係中國人,我哋都系中国人,ngo5 dei6 dou1 hai6 zung1 gwok3 jan4,ngóh deih dōu haih jūng gwok yành,We are all Chinese,,Cantonese::CantoneseClass101
三百人,三百人,saam1 baak3 jan4,sāam baak yành,three hundred people,,Cantonese::CantoneseClass101
今年好多人結婚,今年好多人结婚,gam1 nin2 hou2 do1 jan4 git3 fan1,gām nín hóu dō yành git fān,How many people are getting married this year?,,Cantonese::CantoneseClass101
個電影首映禮有幾多人出席,个电影首映礼有几多人出席,go3 din6 jing2 sau2 jing2 lai5 jau5 gei2 do1 jan4 ceot1 zik6,go dinh yíng sáu yíng láih yáuh géi dō yành chēut jihk,How many people attended the movie premier?,,Cantonese::CantoneseClass101
嚟自世界唔同地方嘅人有唔同嘅信仰同習俗,嚟自世界唔同地方嘅人有唔同嘅信仰同习俗,lei4 zi6 sai3 gaai3 m4 tung4 dei6 fong1 ge3 jan4 jau5 m4 tung4 ge3 seon3 joeng5 tung4 zaap6 zuk6,lèih jih sai gaai mh tùngh deih fōng ge yành yáuh mh tùngh ge seun yéungh tùngh jaahp juhk,People from different parts of the world have different beliefs and customs,,Cantonese::CantoneseClass101
點講,点讲,dim2 gong2,dím góng,how to say,,Cantonese::CantoneseClass101
呢個點講,呢个点讲,li1 go3 dim2 gong2,lī go dím góng,How do you say this?,,Cantonese::CantoneseClass101
行慢啲,行慢啲,haang4 maan6 di1,hàangh maanh dī,Walk slower,,Cantonese::CantoneseClass101
唔該講慢啲,唔该讲慢啲,m4 goi1 gong2 maan6 di1,mh gōi góng maanh dī,Can you speak slowly please,,Cantonese::CantoneseClass101
啲,啲,di1,dī,#NAME?,,Cantonese::CantoneseClass101
唔該細聲啲,唔该细声啲,m4 goi1 sai3 send1 di1,mh gōi sai sēnd dī,Please lower your volume,,Cantonese::CantoneseClass101
唔該慢啲講多次,唔该慢啲讲多次,m4 goi1 maan6 di1 gong2 do1 ci3,mh gōi maanh dī góng dō chi,"Can you repeat again, slowly please?",,Cantonese::CantoneseClass101
寫低,写低,se2 dai1,sé dāi,to write down,,Cantonese::CantoneseClass101
寫低你個名,写低你个名,se2 dai1 nei5 go3 meng2,sé dāi néih go méng,write down your name,,Cantonese::CantoneseClass101
我屋企喺二樓,我屋企喺二楼,ngo5 uk1 kei2 hai2 ji6 lau2,ngóh wūk kéi hái yih láu,My home is on the second floor,,Cantonese::CantoneseClass101
佢有三個細路,佢有三个细路,keoi5 jau5 saam1 go3 sai3 lou6,kéuih yáuh sāam go sai louh,He has three children,,Cantonese::CantoneseClass101
俾五蚊我就得喇,俾五蚊我就得喇,bei2 ng5 man1 ngo5 zau6 dak1 laa3,béi ngh mān ngóh jauh dāk la,"Give me five HKD, that's fine",,Cantonese::CantoneseClass101
我個女六歲,我个女六岁,ngo5 go3 neoi5 luk6 seoi3,ngóh go néuih luhk seui,My daughter is six years old,,Cantonese::CantoneseClass101
我哋公司有七個人,我哋公司有七个人,ngo5 dei2 gung1 si1 jau5 cat1 go3 jan4,ngóh déi gūng sī yáuh chāt go yành,There are seven people in our company,,Cantonese::CantoneseClass101
佢住喺八樓,佢住喺八楼,keoi5 zyu6 hai2 baat3 lau2,kéuih jyuh hái baat láu,He lives on the eighth floor,,Cantonese::CantoneseClass101
佢爸爸一九八九年嚟美國,佢爸爸一九八九年嚟美国,keoi5 baa4 baa1 jat1 gau2 baat3 gau2 nin4 lai4 mei5 gwok3,kéuih bàh bā yāt gáu baat gáu nình làih méih gwok,His dad came to the US in 1989,,Cantonese::CantoneseClass101
我哋班得二十個學生,我哋班得二十个学生,ngo5 dei6 baan1 dak1 ji6 sap6 go3 hok6 saang1,ngóh deih bāan dāk yih sahp go hohk sāang,Our class has only twenty students,,Cantonese::CantoneseClass101
我哋班有四十個學生,我哋班有四十个学生,ngo5 dei6 baan1 jau5 sei3 sap6 go3 hok6 saang1,ngóh deih bāan yáuh sei sahp go hohk sāang,Our class has forty students,,Cantonese::CantoneseClass101
我媽媽五十歲,我妈妈五十岁,ngo5 maa4 maa1 ng5 sap6 seoi3,ngóh màh mā ngh sahp seui,My Mom is fifty years old,,Cantonese::CantoneseClass101
八十蚊得唔得,八十蚊得唔得,baat3 sap6 man1 dak1 m4 dak1,baat sahp mān dāk mh dāk,Is eighty HKD okay?,,Cantonese::CantoneseClass101
嗰個老人家九十歲,𠮶个老人家九十岁,go2 go3 lou5 jan4 gaa1 gau2 sap6 seoi3,gó go lóuh yành gā gáu sahp seui,That old grandpa is ninety years old,,Cantonese::CantoneseClass101
三十號係我生日，你得唔得閒,三十号系我生日，你得唔得闲,saam1 sap6 hou6 hai6 ngo5 saang1 jat6 ， nei5 dak1 m4 dak1 haan4,sāam sahp houh haih ngóh sāang yaht néih dāk mh dāk hàanh,The 30th is my birthday. Do you have time?,,Cantonese::CantoneseClass101
借六十蚊俾我，得唔得,借六十蚊俾我，得唔得,"ze3 luk6 sap6 man1 bei2 ngo5, dak1 m4 dak1","je luhk sahp mān béi ngóh, dāk m̀h dāk",Could you lend me sixty HKD?,,Cantonese::CantoneseClass101
出便七十度,出便七十度,ceot1 bin6 cat1 sap6 dou6,chēut binh chāt sahp douh,It's seventy degrees outside,,Cantonese::CantoneseClass101
呢個大樓有一百年歷史,呢个大楼有一百年历史,li1 go3 daai6 lau4 jau5 jat1 baak3 nin4 lik6 si2,lī go daaih làuh yáuh yāt baak nình lihk sí,This building has one hundred years of history,,Cantonese::CantoneseClass101
到機場要二百蚊,到机场要二百蚊,dou3 gei1 coeng4 jiu1 ji6 baak3 man1,dou gēi chèungh yīu yih baak mān,It's 200 HKD to go to the airport,,Cantonese::CantoneseClass101
我哋呢度有兩百幾本書,我哋呢度有两百几本书,ngo5 dei2 li1 dou6 jau5 loeng5 baak3 gei2 bun2 syu1,ngóh déi lī douh yáuh léungh baak géi bún syū,We have over two hundred books here,,Cantonese::CantoneseClass101
呢條裙四百七十蚊,呢条裙四百七十蚊,li1 tiu4 kwan4 sei3 baak3 cat1 sap6 man1,lī tìuh kwành sei baak chāt sahp mān,This skirt is 470 HKD,,Cantonese::CantoneseClass101
呢啲一共六百七十一蚊,呢啲一共六百七十一蚊,li1 di1 jat1 gung1 luk6 baak3 cat1 sap6 jat1 man1,lī dī yāt gūng luhk baak chāt sahp yāt mān,These things all together are 671 HKD,,Cantonese::CantoneseClass101
我嘅房租一個月一千蚊,我嘅房租一个月一千蚊,ngo5 ge3 fong2 zou1 jat1 go3 jyut6 jat1 cin1 man1,ngóh ge fóng jōu yāt go yuht yāt chīn mān,"My rent is 1,000 HKD a month",,Cantonese::CantoneseClass101
我哋公司有三千五百九十個員工,我哋公司有三千五百九十个员工,ngo5 dei2 gung1 si1 jau5 saam1 cin1 ng5 baak3 gau2 sap6 go3 jyun4 gung1,ngóh déi gūng sī yáuh sāam chīn ngh baak gáu sahp go yùnh gūng,Our company has 3590 employees,,Cantonese::CantoneseClass101
七千八百八十個人參加咗,七千八百八十个人参加咗,cat1 cin1 baat3 baak3 baat3 sap6 go3 jan4 caam1 gaa1 zo2,chāt chīn baat baak baat sahp go yành chāam gā jó,7880 people attended,,Cantonese::CantoneseClass101
買部車至少要一萬蚊,买部车至少要一万蚊,maai5 bou6 ce1 zi3 siu2 jiu3 jat1 maan6 man1,máaih bouh chē ji síu yiu yāt maanh mān,"It costs at least 10,000 HKD to buy a car",,Cantonese::CantoneseClass101
叫,叫,giu3,giu,ask,,Cantonese::CantoneseClass101
你叫咩名,你叫咩名,lei5 giu3 me1 meng2,léih giu mē méng,What's your name?,,Cantonese::CantoneseClass101
我要叫外賣,我要叫外卖,ngo5 jiu3 giu3 ngoi6 maai6,ngóh yiu giu ngoih maaih,I'm calling for take-out,,Cantonese::CantoneseClass101
你最近點呀,你最近点呀,lei5 zeoi3 gan6 dim2 aa3,léih jeui ganh dím a,How have you been lately?,,Cantonese::CantoneseClass101
你去唔去,你去唔去,lei5 heoi3 m4 heoi3,léih heui mh heui,Will you go?,,Cantonese::CantoneseClass101
你喺邊,你喺边,lei5 hai2 bin1,léih hái bīn,Where are you?,,Cantonese::CantoneseClass101
今日好開心啊,今日好开心啊,gam1 jat6 hou2 hoi1 sam1 aa3,gām yaht hóu hōi sām a,Today (I'm) very happy!,,Cantonese::CantoneseClass101
幾好,几好,gei2 hou2,géi hóu,pretty good,,Cantonese::CantoneseClass101
我覺得佢幾好,我觉得佢几好,ngo5 gok3 dak1 keoi5 gei2 hou2,ngóh gok dāk kéuih géi hóu,I think he is pretty good,,Cantonese::CantoneseClass101
點呀,点呀,dim2 aa3,dím a,Whats up?,,Cantonese::CantoneseClass101
呢排點呀,呢排点呀,li1 paai4 dim2 aa3,lī pàaih dím a,How are you doing lately?,,Cantonese::CantoneseClass101
我好好,我好好,ngo5 hou2 hou2,ngóh hóu hóu,I'm very good/well,,Cantonese::CantoneseClass101
最近,最近,zeoi3 gan6,jeui ganh,recently/lately,,Cantonese::Adverbs Cantonese::CantoneseClass101 Cantonese::Lessons
我最近幾好,我最近几好,ngo5 zeoi3 gan6 gei2 hou2,ngóh jeui ganh géi hóu,I've been doing all right lately,,Cantonese::CantoneseClass101
佢最近唔係幾好,佢最近唔系几好,keoi5 zeoi3 gan6 m4 hai6 gei2 hou2,kéuih jeui ganh mh haih géi hóu,He hasn't been doing too well lately,,Cantonese::CantoneseClass101
我係學生,我系学生,ngo5 hai6 hok6 saang1,ngóh haih hohk sāang,I am a student,,Cantonese::CantoneseClass101
你識唔識講廣東話,你识唔识讲广东话,lei5 sik1 m4 sik1 gong2 gwong2 dung1 waa2,léih sīk mh sīk góng gwóng dūng wá,Do you (know how to) speak Cantonese?,,Cantonese::CantoneseClass101
我識講廣東話,我识讲广东话,ngo5 sik1 gong2 gwong2 dung1 waa2,ngóh sīk góng gwóng dūng wá,I (know how to) speak Cantonese,,Cantonese::CantoneseClass101
我學過跳舞,我学过跳舞,ngo5 hok6 gwo3 tiu3 mou5,ngóh hohk gwo tiu móuh,I've learned dancing,,Cantonese::CantoneseClass101
食,食,sik6,sihk,eat,,Cantonese::CantoneseClass101 Cantonese::Verbs
一齊食嘢,一齐食嘢,jat1 cai4 sik6 je5,yāt chàih sihk yéh,Eat together,,Cantonese::CantoneseClass101
每日都應該食起碼三餐,每日都应该食起码三餐,mui5 jat6 dou1 jing1 goi1 sik6 hei2 maa5 saam1 caan1,múih yaht dōu yīng gōi sihk héi máh sāam chāan,We are supposed to eat at least three times a day,,Cantonese::CantoneseClass101
最近好多嘢做,最近好多嘢做,zeoi3 gan6 hou2 do1 je5 zou6,jeui ganh hóu dō yéh jouh,(There's) a lot of stuff to do lately,,Cantonese::CantoneseClass101
我唔知做乜好,我唔知做乜好,ngo5 m4 zi1 zou6 mat1 hou2,ngóh mh jī jouh māt hóu,I don't know what to do,,Cantonese::CantoneseClass101
唔該，我諗你坐緊呢個位係我嘅,唔该，我谂你坐紧呢个位系我嘅,"m4 goi1, ngo5 lam2 lei5 co5 gan2 li1 go3 wai2 hai6 ngo5 ge3","m̀h gōi, ngóh lám léih chóh gán lī go wái haih ngóh ge","Excuse me, I think this is my seat you are sitting in",,Cantonese::CantoneseClass101
唔好意思,唔好意思,m4 hou2 ji3 si1,mh hóu yi sī,"sorry, excuse me",,Cantonese::CantoneseClass101
唔好意思，你有冇見過我隻狗,唔好意思，你有冇见过我只狗,"m4 hou2 ji3 si1, nei5 jau5 mou5 gin3 gwo3 ngo5 zek3 gau2","m̀h hóu yi sī, néih yáuh móuh gin gwo ngóh jek gáu","Excuse me, have you seen my dog?",,Cantonese::CantoneseClass101
唔好意思，我唔可以同你去,唔好意思，我唔可以同你去,"m4 hou2 ji3 si1, ngo5 m4 ho2 ji3 tung4 lei5 heoi3","M̀h hóu yisi, ngóh m̀h hó yìh tùhng néih heui","Sorry, I can't go with you",,Cantonese::CantoneseClass101
個,个,go3,go,measure word,,Cantonese::CantoneseClass101
我有兩個姐姐,我有两个姐姐,ngo5 jau5 loeng5 go3 ze4 ze1,ngóh yáuh léungh go jèh jē,I have two older sisters,,Cantonese::CantoneseClass101
一個人,一个人,jat1 go3 jan4,yāt go yành,One person,,Cantonese::CantoneseClass101
小姐,小姐,siu2 ze2,síu jé,miss (as in unmarried woman),,Cantonese::CantoneseClass101
小姐，唔該借過,小姐，唔该借过,"siu2 ze2, m4 goi1 ze3 gwo3","síu jé, m̀h gōi je gwo","Miss, please let me through",,Cantonese::CantoneseClass101
要,要,jiu3,yiu,"to want, to need",,Cantonese::CantoneseClass101
我要兩個pizza,我要两个pizza,ngo5 jiu3 loeng5 go3 pizza,ngóh yiu léungh go pizza,I want two pizzas,,Cantonese::CantoneseClass101
我要一張飛,我要一张飞,ngo5 jiu3 jat1 zoeng1 fei1,ngóh yiu yāt jēung fēi,I'd like a ticket,,Cantonese::CantoneseClass101
一個人嚟,一个人嚟,jat1 go3 jan4 lai4,yāt go yành làih,You're here alone?,,Cantonese::CantoneseClass101
我上咗網一個鐘,我上咗网一个钟,ngo5 soeng5 zo2 mong5 jat1 go3 zung1,ngóh séungh jó móngh yāt go jūng,I surfed the Internet for an hour,,Cantonese::CantoneseClass101
支,支,zi1,jī,measure word for bottle,,Cantonese::CantoneseClass101
我要一支紅酒,我要一支红酒,ngo5 jiu3 jat1 zi1 hung4 zau2,ngóh yiu yāt jī hùngh jáu,I'd like a bottle of red wine,,Cantonese::CantoneseClass101
啤酒,啤酒,be1 zau2,bē jáu,beer,,Cantonese::CantoneseClass101 Cantonese::Lessons
一樽啤酒,一樽啤酒,jat1 zeon1 be1 zau2,yāt jēun bē jáu,bottle of beer,,Cantonese::CantoneseClass101
我想要支啤酒,我想要支啤酒,ngo5 soeng2 jiu3 zi1 pei4 zau2,ngóh séung yiu jī pèih jáu,I'd like to have a beer,,Cantonese::CantoneseClass101
一罐啤酒,一罐啤酒,jat1 gun3 be1 zau2,yāt gun bē jáu,can of beer,,Cantonese::CantoneseClass101
調酒師正在倒生啤,调酒师正在倒生啤,tiu4 zau2 si1 zing3 zoi6 dou2 sang1 pei4,tìuh jáu sī jing joih dóu sāng pèih,The bartender is pouring a draft beer,,Cantonese::CantoneseClass101
兩,两,loeng5,léungh,two,,Cantonese::CantoneseClass101
兩位,两位,loeng5 wai2,léungh wái,For two,,Cantonese::CantoneseClass101
先生,先生,sin1 saang1,sīn sāang,"sir, mister",,Cantonese::CantoneseClass101
先生，幾位,先生，几位,"sin1 saang1, gei2 wai2","sīn sāang, géi wái","how many people, sir?",,Cantonese::CantoneseClass101
靚仔,靓仔,leng3 zai2,leng jái,Handsome,,Cantonese::CantoneseClass101
偉仔好靚仔,伟仔好靓仔,wai5 zai2 hou2 leng3 zai2,wáih jái hóu leng jái,Tony Leung is very good-looking,,Cantonese::CantoneseClass101
靚女,靓女,leng3 neoi2,leng néui,Beautiful,,Cantonese::CantoneseClass101
嘉玲好靚女,嘉玲好靓女,gaa1 ling4 hou2 leng3 neoi5,gā lìngh hóu leng néuih,Carling Lau is very good looking,,Cantonese::CantoneseClass101
我姐姐係一個靚女,我姐姐系一个靓女,ngo5 ze4 ze1 hai6 jat1 go3 leng3 neoi5,ngóh jèh jē haih yāt go leng néuih,My sister is a pretty girl,,Cantonese::CantoneseClass101
果汁,果汁,gwo2 zap1,gwó jāp,juice,,Cantonese::CantoneseClass101 Cantonese::Lessons
兩杯果汁，唔該,两杯果汁，唔该,"loeng5 bui1 gwo2 zap1, m4 goi1","léuhng būi gwó jāp, m̀h gōi","Two glasses of juice, please",,Cantonese::CantoneseClass101
百分百純果汁,百分百纯果汁,baak3 fan6 baak3 seon4 gwo2 zap1,baak fanh baak sèunh gwó jāp,100% juice,,Cantonese::CantoneseClass101
蘋果汁,苹果汁,ping4 gwo2 zap1,pìngh gwó jāp,apple juice,,Cantonese::CantoneseClass101
橙汁,橙汁,caang4 zap1,chàangh jāp,orange juice,,Cantonese::CantoneseClass101
葡萄汁,葡萄汁,pou4 tou4 zap1,pòuh tòuh jāp,grape juice,,Cantonese::CantoneseClass101
蘋果汁，橙汁，及葡萄汁,苹果汁，橙汁，及葡萄汁,"ping4 gwo2 zap1, caang4 zap1 kap6 pou4 tou4 zap1","pìhng gwó jāp, chàahng jāp kahp pòuh tòuh jāp","apple juice, orange juice, and grape juice",,Cantonese::CantoneseClass101
水對身體好,水对身体好,seoi2 deoi3 san1 tai2 hou2,séui deui sān tái hóu,Water is good for the body,,Cantonese::CantoneseClass101
好口渴，我想飲水,好口渴，我想饮水,"hou2 hau2 hot3, ngo5 soeng2 jam2 seoi2","hóu háu hot, ngóh séung yám séui","I'm so thirsty, I want some water",,Cantonese::CantoneseClass101
唔該畀杯水我,唔该畀杯水我,m4 goi1 bei2 bui1 seoi2 ngo5,mh gōi béi būi séui ngóh,"I would like a glass of water, please",,Cantonese::CantoneseClass101
可以給我一些水嗎,可以给我一些水吗,ho2 ji5 kap1 ngo5 jat1 se1 seoi2 maa3,hó yíh kāp ngóh yāt sē séui ma,"Can I have some water, please?",,Cantonese::CantoneseClass101
女人正在喝水,女人正在喝水,leoi5 jan2 zing3 zoi6 hot3 seoi2,léuih yán jing joih hot séui,the woman is drinking water,,Cantonese::CantoneseClass101
喝水,喝水,hot3 seoi2,hot séui,drink water,,Cantonese::CantoneseClass101
呢度,呢度,ni1 dou6,nī douh,here,,Cantonese::Adverbs Cantonese::CantoneseClass101 Cantonese::Pronouns
呢度啲嘢好好食,呢度啲嘢好好食,li1 dou6 di1 je5 hou2 hou2 sik6,lī douh dī yéh hóu hóu sihk,the food here is delicious,,Cantonese::CantoneseClass101
有冇,有冇,jau5 mou5,yáuh móuh,do you have/is there,,Cantonese::CantoneseClass101
你有冇時間,你有冇时间,lei5 jau5 mou5 si4 gaan3,léih yáuh móuh sìh gaan,Do you have time?,,Cantonese::CantoneseClass101
幫,帮,bong1,bōng,to help,,Cantonese Cantonese::CantoneseClass101 Cantonese::Verbs
佢幫我搞掂,佢帮我搞掂,keoi5 bong1 ngo5 gaau2 dim6,kéuih bōng ngóh gáau dimh,He helped me seal the deal,,Cantonese::CantoneseClass101
嚟,嚟,lai4,làih,come,,Cantonese::CantoneseClass101
等我嚟,等我嚟,dang2 ngo5 lai4,dáng ngóh làih,Let me do it,,Cantonese::CantoneseClass101
點解你唔嚟,点解你唔嚟,dim2 gaai lei5 m4 lai4,dím gaai léih mh làih,Why don't you come?,,Cantonese::CantoneseClass101
上網,上网,soeng5 mong5,séuhng móhng,go online,use the internet,Cantonese::CantoneseClass101
我屋企可以上網,我屋企可以上网,ngo5 uk1 kei2 ho2 ji5 soeng5 mong5,ngóh wūk kéi hó yíh séungh móngh,You can get online at my place,,Cantonese::CantoneseClass101
上,上,soeng5,séungh,to get on,,Cantonese::CantoneseClass101
呢個網站我好耐冇上嘞,呢个网站我好耐冇上嘞,li1 go3 mong5 zaam6 ngo5 hou2 loi6 mou5 soeng5 la6,lī go móngh jaamh ngóh hóu loih móuh séungh lah,I haven't been to this website for quite a while,,Cantonese::CantoneseClass101
房,房,fong2,fòhng,room,,Cantonese::CantoneseClass101
仲有冇房,仲有冇房,zung6 jau5 mou5 fong2,jungh yáuh móuh fóng,Do you have any room left?,,Cantonese::CantoneseClass101
呢間房好細,呢间房好细,li1 gaan1 fong2 hou2 sai3,lī gāan fóng hóu sai,This room is really small,,Cantonese::CantoneseClass101
點,点,dim2,dím,"how to, to order",,Cantonese::CantoneseClass101
呢個點用,呢个点用,li1 go3 dim2 jung6,lī go dím yungh,How do I use this?,,Cantonese::CantoneseClass101
我哋喺餐廳都點埋一樣嘅嘢,我哋喺餐厅都点埋一样嘅嘢,ngo5 dei6 hai2 caan1 teng1 dou1 dim2 maai4 jat1 joeng6 ge3 je5,ngóh deih hái chāan tēng dōu dím màaih yāt yeungh ge yéh,All of us ordered the same at the restaurant,,Cantonese::CantoneseClass101
廁所,厕所,ci3 so2,chi só,toilet,,Cantonese::CantoneseClass101
佢要去廁所,佢要去厕所,keoi5 jiu3 heoi3 ci3 so2,kéuih yiu heui chi só,He wants to go to the toilet,,Cantonese::CantoneseClass101
佢去咗廁所,佢去咗厕所,keoi5 heoi3 zo2 ci3 so2,kéuih heui jó chi só,He went to the bathroom,,Cantonese::CantoneseClass101
室內廁所,室内厕所,sat1 noi6 ci3 so2,sāt noih chi só,indoor toilet,,Cantonese::CantoneseClass101
我們的湖邊小屋沒有室內廁所,我们的湖边小屋没有室内厕所,ngo5 mun4 dik1 wu4 bin1 siu2 uk1 mut6 jau5 sat1 noi6 ci3 so2,ngóh mùnh dīk wùh bīn síu wūk muht yáuh sāt noih chi só,Our lake house does not have an indoor toilet,,Cantonese::CantoneseClass101
廁盆,厕盆,ci3 pun4,chi pùnh,toilet bowl,,Cantonese::CantoneseClass101
餐廳,餐厅,caan1 teng1,chāan tēng,Restaurant,,Cantonese::CantoneseClass101 Cantonese::LingQ
餐廳喺邊,餐厅喺边,caan1 teng1 hai2 bin1,chāan tēng hái bīn,Where is the restaurant?,,Cantonese::CantoneseClass101
我鍾意呢間餐廳,我钟意呢间餐厅,ngo5 zung1 ji3 li1 gaan1 caan1 teng1,ngóh jūng yi lī gāan chāan tēng,I like this restaurant,,Cantonese::CantoneseClass101
我最鍾意嘅餐廳係...,我最钟意嘅餐厅系...,ngo5 zeoi3 zung1 ji3 ge3 caan1 teng1 hai6...,ngóh jeui jūng yi ge chāan tēng haih...,My favorite restaurant is...,,Cantonese::CantoneseClass101
最近嘅印度餐廳喺邊,最近嘅印度餐厅喺边,zeoi3 kan5 ge3 jan3 dou6 caan1 teng1 hai2 bin1,jeui kánh ge yan douh chāan tēng hái bīn,Where is the nearest Indian restaurant,,Cantonese::CantoneseClass101
印度餐廳,印度餐厅,jan3 dou6 caan1 teng1,yan douh chāan tēng,Indian restaurant,,Cantonese::CantoneseClass101
有名氣的餐廳,有名气的餐厅,jau5 ming4 hei3 dik1 caan1 teng1,yáuh mìngh hei dīk chāan tēng,famous restaurant,,Cantonese::CantoneseClass101
女人正在餐廳用膳,女人正在餐厅用膳,leoi5 jan2 zing3 zoi6 caan1 teng1 jung6 sin6,léuih yán jing joih chāan tēng yungh sinh,the women are eating out at a restaurant,,Cantonese::CantoneseClass101
互聯網,互联网,wu6 lyun4 mong5,wuh lyùnh móngh,Internet,,Cantonese::CantoneseClass101
男人正在瀏覽互聯網,男人正在浏览互联网,naam4 jan2 zing3 coi6 lau4 laam5 wu6 lyun4 mong5,nàamh yán jing choih làuh láamh wuh lyùnh móngh,the man is surfing the internet on the computer,,Cantonese::CantoneseClass101
互聯網,互联网,wu6 lyun4 mong5,wuh lyùnh móngh,world wide internet,,Cantonese::CantoneseClass101
網址,网址,mong5 zi2,móngh jí,Internet address,,Cantonese::CantoneseClass101
最近我都在網上購買書本及音樂,最近我都在网上购买书本及音乐,zeoi3 gan6 ngo5 dou1 zoi6 mong5 soeng6 kau3 maai5 syu1 bun2 kap6 jam1 ngok6,jeui ganh ngóh dōu joih móngh seungh kau máaih syū bún kahp yām ngohk,These days I shop for books and music on the internet,,Cantonese::CantoneseClass101
你嘅,你嘅,lei5 ge3,léih ge,"your, yours",,Cantonese::CantoneseClass101
呢本係唔係你嘅書,呢本系唔系你嘅书,li1 bun2 hai6 m4 hai6 lei5 ge3 syu1,lī bún haih mh haih léih ge syū,Is this your book,,Cantonese::CantoneseClass101
嘅,嘅,ge3,ge,possesive particle,,Cantonese::CantoneseClass101
我嘅單車唔見咗,我嘅单车唔见咗,ngo5 ge3 daan1 ce1 m4 gin3 zo2,ngóh ge dāan chē mh gin jó,My bike is missing,,Cantonese::CantoneseClass101
呢個係我嘅收藏品,呢个系我嘅收藏品,li1 go3 hai6 ngo5 ge3 sau1 cong4 ban2,lī go haih ngóh ge sāu chòngh bán,This is my collection,,Cantonese::CantoneseClass101
唔使客氣,唔使客气,m4 sai2 haak3 hei3,mh sái haak hei,You're welcome,,Cantonese::CantoneseClass101 Cantonese::Phrase
真係唔該晒,真系唔该晒,zan1 hai6 m4 goi1 saai3,jān haih mh gōi saai,A million thanks,,Cantonese::CantoneseClass101
佢係我朋友,佢系我朋友,keoi5 hai6 ngo5 pang4 jau5,kéuih haih ngóh pàngh yáuh,He is my friend,,Cantonese::CantoneseClass101
佢今朝餵咗啲雞,佢今朝喂咗啲鸡,keoi5 gam1 ziu1 wai3 zo2 di1 gai1,kéuih gām jīu wai jó dī gāi,He fed the chickens this morning,,Cantonese::CantoneseClass101
我哋都係美國人,我哋都系美国人,ngo5 dei6 dou1 hai6 mei5 gwok3 jan4,ngóh deih dōu haih méih gwok yành,We are all US Americans,,Cantonese::CantoneseClass101
你哋一齊去,你哋一齐去,nei5 dei6 jat1 cai4 heoi3,néih deih yāt chàih heui,Are you going together?,,Cantonese::CantoneseClass101
佢哋嘅事你唔好理,佢哋嘅事你唔好理,keoi5 dei6 ge3 si6 nei5 m4 hou2 lei5,kéuih deih ge sih néih mh hóu léih,Stay away from their business,,Cantonese::CantoneseClass101
你肚餓嗰陣真係好難頂,你肚饿𠮶阵真系好难顶,lei5 tou5 ngo6 go2 zan6 zan1 hai6 hou2 naan4 ding2,léih tóuh ngoh gó janh jān haih hóu nàanh díng,Nobody can stand you when yuou are hungry!,,Cantonese::CantoneseClass101
肚餓嘅男人喺雪櫃搵緊嘢食,肚饿嘅男人喺雪柜揾紧嘢食,tou5 ngo6 dik1 naam4 jan2 zoi6 syut3 gwai6 zaau2 sik6 mat6,tóuh ngoh dīk nàamh yán joih syut gwaih jáau sihk maht,the hungry man is looking for food in the refrigerator,,Cantonese::CantoneseClass101
個女人餓喇,个女人饿喇,leoi5 jan2 ngo6 liu5,léuih yán ngoh líuh,the woman is hungry,,Cantonese::CantoneseClass101
嗰個男仔好肚餓,𠮶个男仔好肚饿,laa5 laam4 haai4 han2 tou5 ngo6,láh làamh hàaih hán tóuh ngoh,the boy is hungry,,Cantonese::CantoneseClass101
肚餓嘅男仔,肚饿嘅男仔,tou5 ngo6 dik1 laam4 haai4,tóuh ngoh dīk làamh hàaih,hungry boy,,Cantonese::CantoneseClass101
口渴的狗在喝泳池裡的水,口渴的狗在喝泳池里的水,hau2 hot3 dik1 gau2 zoi6 hot3 wing6 ci4 leoi5 dik1 seoi2,háu hot dīk gáu joih hot wingh chìh léuih dīk séui,The thirsty dog is drinking from the pool,,Cantonese::CantoneseClass101
攰,攰,gui6,guih,tired,,Cantonese::CantoneseClass101
行咗成日好攰,行咗成日好攰,haang4 zo2 seng4 jat6 hou2 gui6,hàangh jó sèngh yaht hóu guih,"After walking for a whole day, I feel tired",,Cantonese::CantoneseClass101
嘢,嘢,je5,yéh,"thing, things",,Cantonese::CantoneseClass101
一齊,一齐,jat1 cai4,yāt chàih,together,,Cantonese::Adverbs Cantonese::CantoneseClass101 Cantonese::Lessons
我哋應該一齊去....,我哋应该一齐去....,ngo5 dei6 jing1 goi1 jat1 cai4 heoi3....,ngóh deih yīng gōi yāt chàih heui....,We should go to the ..... together,,Cantonese::CantoneseClass101
飲,饮,jam2,yám,to drink,,Cantonese Cantonese::CantoneseClass101 Cantonese::Lessons Cantonese::Verbs Food
你鍾意飲咩,你钟意饮咩,lei5 zung1 ji3 jam2 me1,léih jūng yi yám mē,What do you like to drink?,,Cantonese::CantoneseClass101
我鍾意喺凍嘅日子飲熱茶,我钟意喺冻嘅日子饮热茶,ngo5 zung1 ji3 hai2 dung3 ge3 jat6 zi2 jam2 jit6 caa4,ngóh jūng yi hái dung ge yaht jí yám yiht chàh,I love to drink hot tea on a cold day,,Cantonese::CantoneseClass101
發生咩事,发生咩事,faat3 saang1 me1 si6,faat sāang mē sih,What happened?,,Cantonese::CantoneseClass101
可以,可以,ho2 ji5,hó yíh,can,,Cantonese::CantoneseClass101
我哋可以一齊去,我哋可以一齐去,ngo5 dei6 ho2 ji5 jat1 cai4 heoi3,ngóh deih hó yíh yāt chàih heui,We can go together,,Cantonese::CantoneseClass101
我可以搭巴士,我可以搭巴士,ngo5 ho2 ji3 daap3 baa1 si2,ngóh hó yi daap bā sí,I can take the bus,,Cantonese::CantoneseClass101
你可唔可以閂咗嗰個窗,你可唔可以闩咗𠮶个窗,lei5 ho2 m4 ho2 ji3 saan1 zo2 go2 go3 coeng1,léih hó mh hó yi sāan jó gó go chēung,"Can you close that window, please?",,Cantonese::CantoneseClass101
埋單,埋单,maai4 daan1,màaih dāan,Check please,,Cantonese::CantoneseClass101
我嚟埋單,我嚟埋单,ngo5 lai4 maai4 daan1,ngóh làih màaih dāan,Let me pick up the tab,,Cantonese::CantoneseClass101
有咩,有咩,jau5 me1,yáuh mē,Is there anything...,,Cantonese::CantoneseClass101
有咩問題,有咩问题,jau5 me1 man6 tai4,yáuh mē manh tàih,Is there any problem? / What's the problem?,,Cantonese::CantoneseClass101
睇,睇,tai2,tái,watch/see,,1。Leech Cantonese Cantonese::CantoneseClass101 Cantonese::Lessons Cantonese::Verbs
不如睇戲,不如睇戏,bat1 jyu4 tai2 hei3,bāt yùh tái hei,How about seeing a movie?,,Cantonese::CantoneseClass101
我通常唔睇體育賽事嘅，但係琴日例外,我通常唔睇体育赛事嘅，但系琴日例外,"ngo5 tung1 soeng4 m4 tai2 tai2 juk6 coi3 si6 ge3, daan6 hai6 kam4 jat6 lai6 ngoi6","ngóh tūng sèuhng m̀h tái tái yuhk choi sih ge, daahn haih kàhm yaht laih ngoih","Usually, I don't watch any sports but I made an exception yesterday",,Cantonese::CantoneseClass101
我成日睇呢個電視節目,我成日睇呢个电视节目,ngo5 sing4 jat6 tai2 li1 go3 din6 si6 zit3 muk6,ngóh sìngh yaht tái lī go dinh sih jit muhk,I always watch this TV show,,Cantonese::CantoneseClass101
呢個,呢个,li3 go3,li go,this one,,Cantonese::CantoneseClass101
我要呢個,我要呢个,ngo5 jiu3 ni1 go3,ngóh yiu nī go,ngo5 jiu3 li1 go3,,Cantonese::CantoneseClass101
嗰個幾錢,𠮶个几钱,go2 go3 gei cin2,gó go gei chín,How much is that?,,Cantonese::CantoneseClass101
呢,呢,ni1,nī,this,,Cantonese::CantoneseClass101 Cantonese::Lessons
呢件衫好好睇,呢件衫好好睇,li1 gin5 saam1 hou2 hou2 tai2,lī gính sāam hóu hóu tái,This clothing looks really good,,Cantonese::CantoneseClass101
呢個係婆婆俾我嘅,呢个系婆婆俾我嘅,li1 go3 hai6 po4 po2 bei2 ngo5 ge3,lī go haih pòh pó béi ngóh ge,My grandmother gave me this,,Cantonese::CantoneseClass101
嗰,嗰,go2,gó,that,,Cantonese::CantoneseClass101
嗰隻歌好好聽,𠮶只歌好好听,go2 zek3 go1 hou2 hou2 teng1,gó jek gō hóu hóu tēng,That song sounds really good,,Cantonese::CantoneseClass101
燒鵝,烧鹅,siu1 ngo2,sīu ngó,roast goose,,Cantonese::CantoneseClass101
深井燒鵝遠近馳名,深井烧鹅远近驰名,sam1 zeng2 siu1 ngo2 jyun5 gan6 ci4 ming4,sām jéng sīu ngó yúnh ganh chìh mìngh,Sam Jeng roast goose is famous far and wide,,Cantonese::CantoneseClass101
呢度啲嘢好好食,呢度啲嘢好好食,li1 hou6 di1 je5 hou2 hou2 sik6,lī houh dī yéh hóu hóu sihk,The food here is delicious,,Cantonese::CantoneseClass101
我鍾意食點心,我钟意食点心,ngo5 zung1 ji3 sik6 dim2 sam1,ngóh jūng yi sihk dím sām,I like to eat dimsum,,Cantonese::CantoneseClass101
出名,出名,ceot1 meng2,chēut méng,famous,,Cantonese::CantoneseClass101
人怕出名豬怕壯,人怕出名猪怕壮,jan4 paa3 ceot1 meng2 zyu1 paa3 zong3,yành pa chēut méng jyū pa jong,"People fear getting famous, pigs fear getting fat (Don't fly too close to the sun)",,Cantonese::CantoneseClass101
呢頭有條好出名嘅巷仔,呢头有条好出名嘅巷仔,li1 tau4 jau5 tiu4 hou2 ceot1 meng2 ge3 hong6 zai2,lī tàuh yáuh tìuh hóu chēut méng ge hongh jái,There's a famous hutong (narrow street alley) in this area,,Cantonese::CantoneseClass101
搭,搭,daap3,daap,to take (a transport),,Cantonese::CantoneseClass101
搭車搭船都可以去,搭车搭船都可以去,daap3 ce1 daap3 syun4 dou1 ho2 ji5 heoi3,daap chē daap syùnh dōu hó yíh heui,We can go there by car or by boat,,Cantonese::CantoneseClass101
唔好叫人地的士佬,唔好叫人地的士佬,m4 hou2 giu3 jan4 dei6 dik1 si2 lou2,mh hóu giu yành deih dīk sí lóu,"Don't call people ""taxi guy""",,Cantonese::CantoneseClass101
今日嘅內容係如何避免喺中國大陸搭的士俾人扼錢,今日嘅内容系如何避免喺中国大陆搭的士俾人扼钱,gam1 jat6 ge3 loi6 jung4 hai6 jyu4 ho4 bei6 min5 hai2 zung1 gwok3 daai6 luk6 daap3 dik1 si2 bei2 jan4 ak1 cin2,gām yaht ge loih yùngh haih yùh hòh beih mính hái jūng gwok daaih luhk daap dīk sí béi yành āk chín,Today's content is how to avoid getting cheated in mainland taxis,,Cantonese::CantoneseClass101
喂! 的士!,喂! 的士!,wai3! dik1 si2!,wai! dīk sí!,Hey! Taxi!,,Cantonese::CantoneseClass101
乘的士,乘的士,sing4 dik1 si2,sìngh dīk sí,take a taxi,,Cantonese::CantoneseClass101
登上的士,登上的士,sing4 dik1 si2,sìngh dīk sí,get in a taxi,,Cantonese::CantoneseClass101
女人正在登上的士,女人正在登上的士,leoi5 jan2 zing3 zoi6 dang1 soeng5 dik1 si2,léuih yán jing joih dāng séungh dīk sí,the woman is getting in a taxi,,Cantonese::CantoneseClass101
黃色的士,黄色的士,wong4 sik1 dik1 si2,wòngh sīk dīk sí,yellow taxi,,Cantonese::CantoneseClass101
車,车,ce1,chē,car,,Cantonese::CantoneseClass101
我想買部二手車,我想买部二手车,ngo5 soeng2 maai5 bou6 ji6 sau2 ce1,ngóh séung máaih bouh yih sáu chē,I want to buy a second-hand car,,Cantonese::CantoneseClass101
停車熄火,停车熄火,ting4 ce1 sik1 fo2,tìngh chē sīk fó,Stop the car and turn off the engine,,Cantonese::CantoneseClass101
又要供車，又要供樓，好辛苦呀,又要供车，又要供楼，好辛苦呀,"jau6 jiu3 gung1 ce1, jau6 jiu3 gung1 lau2, hou2 san1 fu2 aa6","yauh yiu gūng chē, yauh yiu gūng láu, hóu sān fú ah","(I) have to pay the car loans as well as the mortgage, it's so hard!",,Cantonese::CantoneseClass101
佢揀咗部藍色車,佢拣咗部蓝色车,keoi5 gaan2 zo2 bou5 laam4 sik1 ce1,kéuih gáan jó bóuh làamh sīk chē,He chose a blue car,,Cantonese::CantoneseClass101
你識唔識揸車呀,你识唔识揸车呀,lei5 sik1 m4 sik1 zaa1 ce1 aa3,léih sīk mh sīk jā chē a,Do you know how to drive (a car)?,,Cantonese::CantoneseClass101
搭巴士過去都好方便,搭巴士过去都好方便,daap3 baa1 si2 gwo3 geoi3 dou1 hou2 fong1 bin6,daap bā sí gwo geui dōu hóu fōng binh,Taking a bus there is very convenient too,,Cantonese::CantoneseClass101
香港有啲巴士有無線上網，咁塞車都冇咁悶,香港有啲巴士有无线上网，咁塞车都冇咁闷,"hoeng1 gong2 jau5 di1 baa1 si2 jau5 mou4 sin3 soeng5 mong5, gam2 sak1 ce1 dou1 mou5 gam3 mun6","hēung góng yáuh dī bā sí yáuh mòuh sin séuhng móhng, gám sāk chē dōu móuh gam muhn","Some Hong Kong buses have Wi-Fi, so it's less boring when you're stuck in a traffic jam",,Cantonese::CantoneseClass101
我每日搭巴士返工,我每日搭巴士返工,ngo5 mui5 jat6 daap3 baa1 si2 faan1 gung1,ngóh múih yaht daap bā sí fāan gūng,Everyday I take the bus to work,,Cantonese::CantoneseClass101
我們會乘巴士去機場,我们会乘巴士去机场,ngo5 mun4 wui5 sing4 baa1 si2 heoi3 gei1 coeng4,ngóh mùnh wúih sìngh bā sí heui gēi chèungh,We'll go to the airport by bus,,Cantonese::CantoneseClass101
佢屋企喺地鐵站附近,佢屋企喺地铁站附近,keoi5 uk1 kei2 hai2 dei6 tit3 zaam6 fu6 gan6,kéuih wūk kéi hái deih tit jaamh fuh ganh,His house is close to the subway station,,Cantonese::CantoneseClass101
搭地鐵過海最快，但係好迫,搭地铁过海最快，但系好迫,"daap3 dei6 tit3 gwo3 hoi2 zeoi3 faai3, daan6 hai6 hou2 bik1","daap deih tit gwo hói jeui faai, daahn haih hóu bīk","Crossing the harbor by subway is the fastest, but it's so crowded",,Cantonese::CantoneseClass101
我乘地鐵去辦公室,我乘地铁去办公室,ngo5 sing4 dei6 tit3 heoi3 baan6 gung1 sat1,ngóh sìngh deih tit heui baanh gūng sāt,I take the subway to the office,,Cantonese::CantoneseClass101
地鐵線路,地铁线路,dei6 tit3 sin3 lou3,deih tit sin lou,subway line,,Cantonese::CantoneseClass101
飛機,飞机,fei1 gei1,fēi gēi,airplane,,Cantonese::CantoneseClass101
而家飛機票唔貴,而家飞机票唔贵,ji4 gaa1 fei1 gei1 piu3 m4 gwai3,yìh gā fēi gēi piu mh gwai,Plane tickets now are not expensive,,Cantonese::CantoneseClass101
我而家坐緊飛機,我而家坐紧飞机,ngo5 ji4 gaa1 co5 gan2 fei1 gei1,ngóh yìh gā chóh gán fēi gēi,I'm on an airplane right now,,Cantonese::CantoneseClass101
飛機在天空上飛翔,飞机在天空上飞翔,fei1 gei1 zoi6 tin1 hung1 soeng6 fei1 coeng4,fēi gēi joih tīn hūng seungh fēi chèungh,The airplane is flying in the sky,,Cantonese::CantoneseClass101
正在飛翔的飛機,正在飞翔的飞机,zing3 zoi6 fei1 coeng4 dik1 fei1 gei1,jing joih fēi chèungh dīk fēi gēi,flying airplane,,Cantonese::CantoneseClass101
萊特兄弟在一百年前駕駛首架飛機,莱特兄弟在一百年前驾驶首架飞机,loi4 dak6 hing1 dai6 zoi6 jat1 baak3 nin4 cin4 gaa3 sai2 sau2 gaa3 fei1 gei1,lòih dahk hīng daih joih yāt baak nình chình ga sái sáu ga fēi gēi,The Wright Brothers flew the first airplane over 100 years ago,,Cantonese::CantoneseClass101
不如,不如,bat1 jyu4,bāt yùh,how about,,Cantonese::CantoneseClass101
不如叫多籠點心吖,不如叫多笼点心吖,bat1 jyu4 giu3 do1 lung4 dim2 sam1 aa1,bāt yùh giu dō lùngh dím sām ā,How about we order another dim sum?,,Cantonese::CantoneseClass101
都得,都得,dou1 dak1,dōu dāk,They're both okay,,Cantonese::CantoneseClass101
點都得,点都得,dim2 dou1 dak1,dím dōu dāk,Any way works,,Cantonese::CantoneseClass101
下次,下次,haa6 ci3,hah chi,next time,,Cantonese::CantoneseClass101
下次再見,下次再见,haa6 ci3 zoi3 gin3,hah chi joi gin,See you next time,,Cantonese::CantoneseClass101
下次再傾,下次再倾,haa6 ci3 zoi3 king1,hah chi joi kīng,talk to you next time,,Cantonese::CantoneseClass101
啲小巴開得好快，好容易撞車,啲小巴开得好快，好容易撞车,"di1 siu2 baa1 hoi1 dak1 hou2 faai3, hou2 jung4 ji6 zong6 ce1","dī síu bā hōi dāk hóu faai, hóu yùhng yih johng chē","The minibus drivers drive really fast, which causes traffic accidents easily",,Cantonese::CantoneseClass101
驚,惊,ging1,gīng,to be scared of,,Cantonese::CantoneseClass101
我好驚老鼠,我好惊老鼠,ngo5 hou2 geng1 lou5 syu2,ngóh hóu gēng lóuh syú,I'm scared of mice,,Cantonese::CantoneseClass101
冇晒,冇晒,mou5 saai3,móuh saai,to run out of,,Cantonese::CantoneseClass101
佢冇晒面,佢冇晒面,keoi5 mou5 saai3 min2,kéuih móuh saai mín,He is so embarrassed,,Cantonese::CantoneseClass101
咩事,咩事,me1 si6,mē sih,what's up?,,Cantonese::CantoneseClass101
擔心,担心,daam1 sam1,dāam sām,to worry,,Cantonese::CantoneseClass101
媽媽好擔心你,妈妈好担心你,maa1 maa1 hou2 daam1 sam1 lei5,mā mā hóu dāam sām léih,Mom is so worried about you,,Cantonese::CantoneseClass101
唔使驚,唔使惊,m4 sai2 geng1,mh sái gēng,Don't worry,,Cantonese::CantoneseClass101
"我喺你身邊,唔使驚","我喺你身边,唔使惊","ngo5 hai2 lei5 san1 bin1, m4 sai2 geng1","ngóh hái léih sān bīn, m̀h sái gēng","Don't worry, I am by your side",,Cantonese::CantoneseClass101
錢,钱,cin4,chìhn,Money,,Cantonese::CantoneseClass101
嗰個幾錢,𠮶个几钱,go2 go3 gei2 cin2,gó go géi chín,How much is that?,,Cantonese::CantoneseClass101
錢是用作購買商品及服務的交易,钱是用作购买商品及服务的交易,cin2 si6 jung6 zok3 kau3 maai5 soeng1 ban2 kap6 fuk6 mou6 dik1 gaau1 jik6,chín sih yungh jok kau máaih sēung bán kahp fuhk mouh dīk gāau yihk,Money is used as payment for goods and services.,,Cantonese::CantoneseClass101
紙幣,纸币,zi2 bai6,jí baih,paper money,,Cantonese::CantoneseClass101
付錢購物,付钱购物,fu6 cin2 kau3 mat6,fuh chín kau maht,pay money for goods,,Cantonese::CantoneseClass101
男人正在付錢,男人正在付钱,naam4 jan2 zing3 zoi6 fu6 cin2,nàamh yán jing joih fuh chín,The man is paying money,,Cantonese::CantoneseClass101
美金鈔票,美金钞票,mei5 gam1 caau1 piu3,méih gām chāau piu,US paper money,,Cantonese::CantoneseClass101
花錢,花钱,faa1 cin2,fā chín,spend money,,Cantonese::CantoneseClass101
大把,大把,daai6 baa2,daaih bá,to have plenty (of),many,Cantonese::CantoneseClass101
慢慢嚟，我大把時間,慢慢嚟，我大把时间,"maan6 maan2 lai4, ngo5 daai6 baa2 si4 gaan3","maahn máan làih, ngóh daaih bá sìh gaan","Take it easy, I have plenty of time",,Cantonese::CantoneseClass101
唔使,唔使,m4 sai2,m̀h sái,no need to,don't have to,Cantonese::CantoneseClass101
失戀啫，唔使咁鬱結噃,失恋啫，唔使咁郁结噃,"sat1 lyun2 ze1, m4 sai2 gam2 wat1 git3 bo3","sāt lyún jē, m̀h sái gám wāt git bo",You don't need to be depressed just because you broke up with your girlfriend,,Cantonese::CantoneseClass101
唔使咁緊張,唔使咁紧张,m4 sai2 gam3 gan2 zoeng1,mh sái gam gán jēung,No need to be so anxious,,Cantonese::CantoneseClass101
弊,弊,bai6,baih,shoot!,,Cantonese::CantoneseClass101
弊啦,弊啦,bai6 laa1,baih lā,"Oh, shoot!",,Cantonese::CantoneseClass101
你幾時到,你几时到,nei5 gei2 si4 dou3,néih géi sìh dou,When will you arrive?,,Cantonese::CantoneseClass101
足球比賽幾時開始,足球比赛几时开始,zuk1 kau4 bei2 coi3 gei2 si4 hoi1 ci2,jūk kàuh béi choi géi sìh hōi chí,When does the football game start?,,Cantonese::CantoneseClass101
得閒,得闲,dak1 haan4,dāk hàahn,free/available,,Cantonese::CantoneseClass101
得閒去兜風,得闲去兜风,dak1 haan4 heoi3 dau1 fung1,dāk hàanh heui dāu fūng,"(When you/I) have time, go have a joyride",,Cantonese::CantoneseClass101
我得閒就去書店,我得闲就去书店,ngo5 dak1 haan4 zau6 heoi3 syu1 dim3,ngóh dāk hàanh jauh heui syū dim,I go to bookshops whenever I am free,,Cantonese::CantoneseClass101
...通常上晝都得閒。,...通常上昼都得闲。,. . . tung1 soeng4 soeng6 zau3 dou1 dak1 haan4 。,. . . tūng sèungh seungh jau dōu dāk hàanh,...is always free in the morning,,Cantonese::CantoneseClass101
下個,下个,haa6 go3,hah go,next (one),,Cantonese::CantoneseClass101
上個禮拜,上个礼拜,soeng6 go3 lai5 baai3,seungh go láih baai,Last week,,Cantonese::CantoneseClass101
禮拜,礼拜,lai5 baai3,láih baai,week,,Cantonese::CantoneseClass101
四個星期,四个星期,sei3 go3 sing1 kei4,sei go sīng kèih,"""Four weeks""",,Cantonese::CantoneseClass101
一個星期有七日,一个星期有七日,jat1 go3 sing1 kei4 jau5 cat1 jat6,yāt go sīng kèih yáuh chāt yaht,There are seven days in a week,,Cantonese::CantoneseClass101
一星期七日,一星期七日,jat1 sing1 kei4 cat1 jat6,yāt sīng kèih chāt yaht,seven days a week,,Cantonese::CantoneseClass101
禮拜六,礼拜六,lai5 baai3 luk6,láih baai luhk,Saturday,,Cantonese::CantoneseClass101
禮拜日,礼拜日,lai5 baai3 jat6,láih baai yaht,Sunday,,Cantonese::CantoneseClass101
下個禮拜日,下个礼拜日,haa6 go3 lai5 baai3 jat6,hah go láih baai yaht,Next Sunday,,Cantonese::CantoneseClass101
零,零,ling4,lìngh,zero,,Cantonese::CantoneseClass101
我最愛嘅電影角色係占士邦零零七!,我最爱嘅电影角色系占士邦零零七!,ngo5 zeoi3 oi3 ge3 din6 jing2 gok3 sik1 hai6 zim1 si6 bong1 ling4 ling4 cat1 !,ngóh jeui oi ge dinh yíng gok sīk haih jīm sih bōng lìngh lìngh chāt !,My favorite movie star is James Bond - 007 !,,Cantonese::CantoneseClass101
打,打,daa2,dá,to dial,to hit,Cantonese::CantoneseClass101
打俾我,打俾我,daa2 bei2 ngo5,dá béi ngóh,Call me,,Cantonese::CantoneseClass101
電話,电话,din6 waa2,dinh wá,cellphone,,Cantonese::CantoneseClass101
有冇我電話,有冇我电话,jau5 mou5 ngo5 din6 waa2,yáuh móuh ngóh dinh wá,Are there any phone calls for me,,Cantonese::CantoneseClass101
返工唔好傾電話,返工唔好倾电话,faan1 gung1 m4 hou2 king1 din6 waa2,fāan gūng mh hóu kīng dinh wá,Don't talk on the phone when you're at work,,Cantonese::CantoneseClass101
無線電話,无线电话,mou4 sin3 din6 waa2,mòuh sin dinh wá,cordless telephone,,Cantonese::CantoneseClass101
那人正在打電話。,那人正在打电话。,naa5 jan4 zing3 zoi6 daa2 din6 waa2 。,náh yành jing joih dá dinh wá,the person is making a telephone call,,Cantonese::CantoneseClass101
電話及傳真,电话及传真,din6 waa2 kap6 cyun4 zan1,dinh wá kahp chyùnh jān,telephone and fax,,Cantonese::CantoneseClass101
寬頻電話,宽频电话,fun1 pan4 din6 waa2,fūn pành dinh wá,Voice over Internet Protocal Telephone,,Cantonese::CantoneseClass101
手機,手机,sau2 gei1,sáu gēi,cell phone,,Cantonese::CantoneseClass101
我想買部新手機,我想买部新手机,ngo5 soeng2 maai5 bou6 san1 sau2 gei1,ngóh séung máaih bouh sān sáu gēi,I want to buy a new cell phone,,Cantonese::CantoneseClass101
號碼,号码,hou6 maa5,houh máh,number,,Cantonese::CantoneseClass101
你電話號碼幾多,你电话号码几多,nei5 din6 waa2 hou6 maa5 gei2 do1,néih dinh wá houh máh géi dō,What's your phone number?,,Cantonese::CantoneseClass101
可唔可以俾你個電話號碼我？,可唔可以俾你个电话号码我？,ho2 m4 ho2 ji5 bei2 nei5 go3 din6 waa2 hou6 maa5 ngo5 ？,hó mh hó yíh béi néih go dinh wá houh máh ngóh,Can you give me your phone number?,,Cantonese::CantoneseClass101
你屋企喺邊度,你屋企喺边度,nei5 uk1 kei2 hai2 bin1 dou6,néih wūk kéi hái bīn douh,Where's your house?,,Cantonese::CantoneseClass101
我返屋企喇,我返屋企喇,ngo5 faan2 uk1 kei2 laa3,ngóh fáan wūk kéi la,I'm going home,,Cantonese::CantoneseClass101
幾多,几多,gei2 do1,géi dō,how many,,Cantonese::CantoneseClass101
總共幾多人啊,总共几多人啊,zung2 gung6 gei2 do1 jan4 aa3,júng gungh géi dō yành a,How many people all together?,,Cantonese::CantoneseClass101
想,想,soeng2,séung,to want,,Cantonese::CantoneseClass101 Cantonese::Verbs
我想飲酒,我想饮酒,ngo5 soeng2 jam2 zau2,ngóh séung yám jáu,I want to drink alcohol,,Cantonese::CantoneseClass101
睇戲,睇戏,tai2 hei3,tái hei,to watch a movie,,Cantonese::CantoneseClass101
行街,行街,haang4 gaai1,hàangh gāai,to walk in the street,,Cantonese::CantoneseClass101
男人唔鍾意行街,男人唔钟意行街,naam4 jan2 m4 zung1 ji3 haang4 gaai1,nàamh yán mh jūng yi hàangh gāai,Men don't like shopping,,Cantonese::CantoneseClass101
食飯,吃饭,sik6 faan6,sihk faahn,To eat,,Cantonese::CantoneseClass101
今晚去餐廳食飯,今晚去餐厅食饭,gam1 maan5 heoi3 caan1 teng1 sik6 faan6,gām máanh heui chāan tēng sihk faanh,Tonight (I'll) eat at a restaurant,,Cantonese::CantoneseClass101
我同爺爺去飲茶,我同爷爷去饮茶,ngo5 tung4 je4 je4 heoi3 jam2 caa4,ngóh tùngh yèh yèh heui yám chàh,I have Cantonese brunch with my grandpa,,Cantonese::CantoneseClass101
飲嘢,饮嘢,jam2 je5,yám yéh,to have a drink,,Cantonese::CantoneseClass101
今晚去飲嘢啦,今晚去饮嘢啦,gam1 maan5 heoi3 jam2 je5 laa1,gām máanh heui yám yéh lā,Let's go drink tonight,,Cantonese::CantoneseClass101
買嘢,买嘢,maai5 je5,máaih yéh,to go shopping,,Cantonese::CantoneseClass101
女仔鍾意買嘢,女仔钟意买嘢,neoi5 zai2 zung1 ji3 maai5 je5,néuih jái jūng yi máaih yéh,Girls like shopping,,Cantonese::CantoneseClass101
兜風,兜风,dau1 fung1,dāu fūng,to have a joyride,,Cantonese::CantoneseClass101
趕時間,赶时间,gon2 si4 gaan3,gón sìh gaan,to be in a rush,,Cantonese::CantoneseClass101
唔好意思我趕時間,唔好意思我赶时间,m4 hou2 ji3 si1 ngo5 gon2 si4 gaan3,mh hóu yi sī ngóh gón sìh gaan,"Sorry, I'm in a rush",,Cantonese::CantoneseClass101
食餐飯,食餐饭,sik6 caan1 faan6,sihk chāan faanh,to have a meal,,Cantonese::CantoneseClass101
有冇時間食餐飯,有冇时间食餐饭,jau5 mou5 si4 gaan3 sik6 caan1 faan6,yáuh móuh sìh gaan sihk chāan faanh,Are you available to have a meal?,,Cantonese::CantoneseClass101
飲杯嘢,饮杯嘢,jam2 bui1 je5,yám būi yéh,to have a drink,,Cantonese::CantoneseClass101
飲杯嘢好貴,饮杯嘢好贵,jam2 bui1 je5 hou2 gwai3,yám būi yéh hóu gwai,So expensive for a drink!,,Cantonese::CantoneseClass101
睇部戲,睇部戏,tai2 bou6 hei3,tái bouh hei,to watch a movie,,Cantonese::CantoneseClass101
有時間一齊睇部戲,有时间一齐睇部戏,jau5 si4 gaan3 jat1 cai4 tai2 bou6 hei3,yáuh sìh gaan yāt chàih tái bouh hei,Have time to go to a movie together?,,Cantonese::CantoneseClass101
忙,忙,mong4,mòngh,busy,,Cantonese::CantoneseClass101 Cantonese::Lessons
忙咩啊,忙咩啊,mong4 me1 aa3,mòngh mē a,What are you busy with?,,Cantonese::CantoneseClass101
我工作好忙,我工作好忙,ngo5 gung1 zok3 hou2 mong4,ngóh gūng jok hóu mòngh,I have a busy job,,Cantonese::CantoneseClass101
我依家好忙,我依家好忙,ngo5 ji1 gaa1 hou2 mong4,ngóh yī gā hóu mòngh,I'm busy now!,,Cantonese::CantoneseClass101
有時間,有时间,jau5 si4 gaan3,yáuh sìh gaan,to have time,,Cantonese::BobaBreak Cantonese::CantoneseClass101
冇時間,冇时间,mou5 si4 gaan3,móuh sìh gaan,to not have time,,Cantonese::CantoneseClass101
飲水都冇時間,饮水都冇时间,jam2 seoi2 dou1 mou5 si4 gaan3,yám séui dōu móuh sìh gaan,I don't even have the time to drink water,,Cantonese::CantoneseClass101
呢度嘅咖啡好正,呢度嘅咖啡好正,ni1 dou6 ge3 gaa3 fe1 hou2 zing3,nī douh ge ga fē hóu jing,The coffee here is awesome,,Cantonese::CantoneseClass101
如果想瞓個好覺，夜晚就唔好飲咖啡喇,如果想瞓个好觉，夜晚就唔好饮咖啡喇,jyu4 gwo2 soeng2 fan3 go3 hou2 gok3 ， je6 maan5 zau6 m4 hou2 jam2 gaa3 fe1 laa3,yùh gwó séung fan go hóu gok yeh máanh jauh mh hóu yám ga fē la,"If you want to sleep well, do not drink coffee at night",,Cantonese::CantoneseClass101
我一起身就要飲咖啡,我一起身就要饮咖啡,ngo5 jat1 hei2 san1 zau6 jiu3 jam2 gaa3 fe1,ngóh yāt héi sān jauh yiu yám ga fē,I can't start the day without coffee,,Cantonese::CantoneseClass101
咖啡壺內裝滿咖啡,咖啡壶内装满咖啡,gaa3 fe1 wu4 noi6 zong1 mun5 gaa3 fe1,ga fē wùh noih jōng múnh ga fē,The coffee pot is full of coffee,,Cantonese::CantoneseClass101
一杯咖啡,一杯咖啡,jat1 bui1 gaa3 fe1,yāt būi ga fē,cup of coffee,,Cantonese::CantoneseClass101
我喜歡黑咖啡,我喜欢黑咖啡,ngo5 hei2 fun1 hak1 gaa3 fe1,ngóh héi fūn hāk ga fē,I like my coffee black,,Cantonese::CantoneseClass101
我每天早上由一杯咖啡開始,我每天早上由一杯咖啡开始,ngo5 mui5 tin1 zou2 soeng6 jau4 jat1 bui1 gaa3 fe1 hoi1 ci2,ngóh múih tīn jóu seungh yàuh yāt būi ga fē hōi chí,I start each day with a cup of coffee,,Cantonese::CantoneseClass101
男朋友,男朋友,naam4 pang4 jau5,nàamh pàngh yáuh,boyfriend,,Cantonese::CantoneseClass101
我男朋友係老師,我男朋友系老师,ngo5 naam4 pang4 jau5 hai6 lou5 si1,ngóh nàamh pàngh yáuh haih lóuh sī,My boyfriend is a teacher,,Cantonese::CantoneseClass101
你有冇男朋友呢,你有冇男朋友呢,nei5 jau5 mou5 naam4 pang4 jau5 ne1,néih yáuh móuh nàamh pàngh yáuh nē,Do you have a boyfriend,,Cantonese::CantoneseClass101
帥氣的男朋友,帅气的男朋友,seoi3 hei3 dik1 naam4 pang4 jau5,seui hei dīk nàamh pàngh yáuh,good looking boyfriend,,Cantonese::CantoneseClass101
女人正在跟她的男朋友擁抱,女人正在跟她的男朋友拥抱,neoi5 jan2 zing3 zoi6 gan1 taa1 dik1 naam4 pang4 jau5 jung2 pou5,néuih yán jing joih gān tā dīk nàamh pàngh yáuh yúng póuh,The woman is hugging her boyfriend,,Cantonese::CantoneseClass101
女朋友,女朋友,leoi5 pang4 jau5,léuih pàngh yáuh,girlfriend,,Cantonese::CantoneseClass101
呢個係我女朋友,呢个系我女朋友,ne1 go3 hai6 ngo5 neoi5 pang4 jau5,nē go haih ngóh néuih pàngh yáuh,This is my girlfriend,,Cantonese::CantoneseClass101
你有冇女朋友呢,你有冇女朋友呢,nei5 jau5 mou5 neoi5 pang4 jau5 ne1,néih yáuh móuh néuih pàngh yáuh nē,Do you have a girlfriend?,,Cantonese::CantoneseClass101
開心的女朋友,开心的女朋友,hoi1 sam1 dik1 neoi5 pang4 jau5,hōi sām dīk néuih pàngh yáuh,happy girlfriend,,Cantonese::CantoneseClass101
給你女朋友打個電話,给你女朋友打个电话,kap1 nei5 neoi5 pang4 jau5 daa2 go3 din6 waa2,kāp néih néuih pàngh yáuh dá go dinh wá,call your girlfriend,,Cantonese::CantoneseClass101
他的女朋友每十分鐘給他一個電話。,他的女朋友每十分钟给他一个电话。,taa1 dik1 neoi5 pang4 jau5 mui5 sap6 fan1 zung1 kap1 taa1 jat1 go3 din6 waa2 。,tā dīk néuih pàngh yáuh múih sahp fān jūng kāp tā yāt go dinh wá,His girlfriend calls him every ten minutes,,Cantonese::CantoneseClass101
前度女朋友,前度女朋友,cin4 dou6 neoi5 pang4 jau5,chìhn douh néuih pàhng yáuh,ex-girlfriend,,Cantonese::CantoneseClass101
我爸爸鍾意飲功夫茶,我爸爸钟意饮功夫茶,ngo5 baa4 baa1 zung1 ji3 jam2 gung1 fu1 caa4,ngóh bàh bā jūng yi yám gūng fū chàh,My father likes to drink Kung Fu tea,,Cantonese::CantoneseClass101
佢買俾我嘅茶有少少苦,佢买俾我嘅茶有少少苦,keoi5 maai5 bei2 ngo5 ge3 caa4 jau5 siu2 siu2 fu2,kéuih máaih béi ngóh ge chàh yáuh síu síu fú,The tea he bought me was a little bitter,,Cantonese::CantoneseClass101
咖啡定茶,咖啡定茶,gaa3 fe1 ding6 caa4,ga fē dingh chàh,Coffee or tea?,,Cantonese::CantoneseClass101
你想要一杯茶嗎,你想要一杯茶吗,nei5 soeng2 jiu3 jat1 bui1 caa4 maa5,néih séung yiu yāt būi chàh máh,Would you like a cup of tea?,,Cantonese::CantoneseClass101
喝茶,喝茶,hot3 caa4,hot chàh,drink tea,,Cantonese::CantoneseClass101
茶包,茶包,caa4 baau1,chàh bāau,tea bag,,Cantonese::CantoneseClass101
女人正在喝茶,女人正在喝茶,neoi5 jan2 zing3 zoi6 hot3 caa4,néuih yán jing joih hot chàh,the woman is drinking tea,,Cantonese::CantoneseClass101
紅酒,红酒,hung4 zau2,hùhng jáu,red wine,,Cantonese::CantoneseClass101
白酒,白酒,baak6 zau2,baahk jáu,white wine/Chinese liquor,,Cantonese::CantoneseClass101
我要嗰支白酒,我要𠮶支白酒,ngo5 jiu3 go2 zi1 baak6 zau2,ngóh yiu gó jī baahk jáu,I'd like that bottle of white wine,,Cantonese::CantoneseClass101
去,去,heoi3,heui,go,,Cantonese::CantoneseClass101 Cantonese::Verbs
你去唔去,你去唔去,nei5 heoi3 m4 heoi3,néih heui mh heui,Will you go?,,Cantonese::CantoneseClass101
賣,卖,maai6,maaih,to sell,,Cantonese::CantoneseClass101 Cantonese::Verbs
唔賣,唔卖,m4 maai6,mh maaih,I'm not selling it,,Cantonese::CantoneseClass101
賣嘢需要特別技巧,卖嘢需要特别技巧,maai6 je5 seoi1 jiu3 dak6 bit6 gei6 haau2,maaih yéh sēui yiu dahk biht geih háau,You need a special skill to sell something,,Cantonese::CantoneseClass101
太,太,taai3,taai,too,,Cantonese::CantoneseClass101
太好喇,太好喇,taai3 hou2 laa3,taai hóu la,That's great!,,Cantonese::CantoneseClass101
佢今個週末有太多功課,佢今个周末有太多功课,keoi5 gam1 go3 zau1 mut6 jau5 taai3 do1 gung1 fo3,kéuih gām go jāu muht yáuh taai dō gūng fo,He has too much homework for this weekend,,Cantonese::CantoneseClass101
買,买,maai5,máaih,to buy,,Cantonese Cantonese::CantoneseClass101 Cantonese::Verbs
我買,我买,ngo5 maai5,ngóh máaih,I'll buy it,,Cantonese::CantoneseClass101
佢想買部好快嘅車,佢想买部好快嘅车,keoi5 soeng2 maai5 bou6 hou2 faai3 ge3 ce1,kéuih séung máaih bouh hóu faai ge chē,He wants to buy a fast car,,Cantonese::CantoneseClass101
我肚餓嗰陣成日都會買好多餸,我肚饿𠮶阵成日都会买好多𩠌,ngo5 tou5 ngo6 go2 zan6 sing4 jat6 dou1 wui6 maai5 hou2 do1 sung3,ngóh tóuh ngoh gó janh sìngh yaht dōu wuih máaih hóu dō sung,I always buy too many groceries when I am hungry,,Cantonese::CantoneseClass101
你下次買多啲餸啦,你下次买多啲𩠌啦,nei5 haa6 ci3 maai5 do1 di1 sung3 laa1,néih hah chi máaih dō dī sung lā,Why don't you buy more groceries next time?,,Cantonese::CantoneseClass101
要買三個先有優惠,要买三个先有优惠,jiu3 maai5 saam1 go3 sin1 jau5 jau1 wai6,yiu máaih sāam go sīn yáuh yāu waih,You have to buy three if you want the discount,,Cantonese::CantoneseClass101
我想買架新車,我想买架新车,ngo5 soeng2 maai5 gaa3 san1 ce1,ngóh séung máaih ga sān chē,I want to buy a new car,,Cantonese::CantoneseClass101
佢會買一間喺河邊嘅屋,佢会买一间喺河边嘅屋,keoi5 wui6 maai5 jat1 haan4 hai2 ho4 bin1 ge3 uk1,kéuih wuih máaih yāt hàanh hái hòh bīn ge wūk,He will buy a house next to the river,,Cantonese::CantoneseClass101
嗰個幾錢,𠮶个几钱,go3 go3 gei2 cin2,go go géi chín,How much is that?,,Cantonese::CantoneseClass101
兩蚊一個,两蚊一个,loeng5 man1 jat1 go3,léungh mān yāt go,Two HKD each,,Cantonese::CantoneseClass101
講價,讲价,gong2 gaa3,góng ga,No bargaining,,Cantonese::CantoneseClass101
貴,贵,gwai3,gwai,expensive,,Cantonese::CantoneseClass101
咁貴,咁贵,gam3 gwai3,gam gwai,That expensive?,,Cantonese::CantoneseClass101
平,平,ping4,pìngh,cheap,,Cantonese::CantoneseClass101
平啲啦,平啲啦,ping4 di1 laa1,pìngh dī lā,please lower the price,,Cantonese::CantoneseClass101
而家,而家,ji4 gaa1,yìh gā,now,,Cantonese::Adverbs Cantonese::CantoneseClass101
我而家就要,我而家就要,ngo5 ji4 gaa1 zau6 jiu3,ngóh yìh gā jauh yiu,I want it now!,,Cantonese::CantoneseClass101
你而家喺邊,你而家喺边,nei5 ji4 gaa1 hai2 bin1,néih yìh gā hái bīn,Where are you now?,,Cantonese::CantoneseClass101
我哋而家要去醫院,我哋而家要去医院,ngo5 dei6 ji4 gaa1 jiu3 heoi3 ji1 jyun2,ngóh deih yìh gā yiu heui yī yún,We have to go to the hospital now!,,Cantonese::CantoneseClass101
幾點,几点,gei2 dim2,géi dím,what time,,Cantonese::CantoneseClass101
幾點呀？,几点呀？,gei2 dim2 aa4 ？,géi dím àh,What time is it?,,Cantonese::CantoneseClass101
幾點退房,几点退房,gei2 dim2 teoi3 fong2,géi dím teui fóng,What time do we check out?,,Cantonese::CantoneseClass101
半,半,bun3,bun,half,,Cantonese::CantoneseClass101 advanced numbers
十二點半,十二点半,sap6 ji6 dim2 bun3,sahp yih dím bun,12:30,,Cantonese::CantoneseClass101
夠鐘,够钟,gau3 zung1,gau jūng,it's time,,Cantonese::CantoneseClass101
夠鐘收工,够钟收工,gau3 zung1 sau1 gung1,gau jūng sāu gūng,Time to leave for work,,Cantonese::CantoneseClass101
收工,收工,sau1 gung1,sāu gūng,to get off work,,Cantonese::CantoneseClass101
開工,开工,hoi1 gung1,hōi gūng,to start work,,Cantonese::CantoneseClass101
夠鐘開工,够钟开工,gau3 zung1 hoi1 gung1,gau jūng hōi gūng,Time to start work,,Cantonese::CantoneseClass101
走,走,zau2,jáu,"to leave, to walk",,Cantonese::CantoneseClass101
一齊走啦,一齐走啦,jat1 cai4 zau2 laa1,yāt chàih jáu lā,Let's go together,,Cantonese::CantoneseClass101
十一點半左右你有可能見到佢,十一点半左右你有可能见到佢,sap6 jat1 dim2 bun3 zo2 jau6 nei5 jau5 ho2 nang4 gin3 dou2 keoi5,sahp yāt dím bun jó yauh néih yáuh hó nàngh gin dóu kéuih,You might catch her at about half past eleven,,Cantonese::CantoneseClass101
十一號,十一号,sap6 jat1 hou6,sahp yāt houh,number eleven,,Cantonese::CantoneseClass101
我十一歲,我十一岁,ngo5 sap6 jat1 seoi3,ngóh sahp yāt seui,I'm eleven years old,,Cantonese::CantoneseClass101
十一枝蠟燭,十一枝蜡烛,sap6 jat1 zi1 laap6 zuk1,sahp yāt jī laahp jūk,eleven candles,,Cantonese::CantoneseClass101
十二除六得二,十二除六得二,sap6 ji6 ceoi4 luk6 dak1 ji6,sahp yih chèuih luhk dāk yih,Six goes into twelve twice,,Cantonese::CantoneseClass101
十二號,十二号,sap6 ji6 hou6,sahp yih houh,number twelve,,Cantonese::CantoneseClass101
十二時正,十二时正,sap6 ji6 si4 zing3,sahp yih sìh jing,twelve o'clock,,Cantonese::CantoneseClass101
一年有十二個月,一年有十二个月,jat1 nin4 jau5 sap6 ji6 go3 jyut6,yāt nình yáuh sahp yih go yuht,There are twelve months in a year,,Cantonese::CantoneseClass101
咗,咗,zo2,jó,already (action completed),,Cantonese Cantonese::CantoneseClass101
去咗邊度,去咗边度,heoi3 zo2 bin1 dou6,heui jó bīn douh,Where did (you) go?,,Cantonese::CantoneseClass101
去咗邊度,去咗边度,heoi3 zo2 bin1 dou6,heui jó bīn douh,where did you go?,,Cantonese::CantoneseClass101
你聽晚去邊度,你听晚去边度,nei5 ting1 maan5 heoi3 bin1 dou6,néih tīng máanh heui bīn douh,Where are you going tomorrow night?,,Cantonese::CantoneseClass101
嗰度,嗰度,go2 dou6,gó douh,There,,Cantonese::Adverbs Cantonese::CantoneseClass101 Cantonese::Pronouns
嗰度好靚,𠮶度好靓,go2 dou6 hou2 leng3,gó douh hóu leng,It's beautiful over there,,Cantonese::CantoneseClass101
幾耐,几耐,gei2 noi6,géi noih,how long,,Cantonese::CantoneseClass101 Cantonese::Lessons
幾耐到,几耐到,gei2 noi6 dou3,géi noih dou,how long (does it take) to get there?,,Cantonese::CantoneseClass101
鐘頭,钟头,zung1 tau4,jūng tàuh,hour,,Cantonese::CantoneseClass101
兩個鐘頭,两个钟头,loeng5 go3 zung1 tau4,léungh go jūng tàuh,two hours,,Cantonese::CantoneseClass101
講,讲,gong2,góng,to speak,,Cantonese::CantoneseClass101
你識唔識講廣東話,你识唔识讲广东话,nei5 sik1 m4 sik1 gong2 gwong2 dung1 waa2,néih sīk mh sīk góng gwóng dūng wá,Do you speak Cantonese?,,Cantonese::CantoneseClass101
英文,英文,jing1 man4,yīng mành,English,,Cantonese::CantoneseClass101
你識唔識英文,你识唔识英文,nei5 sik1 m4 sik1 jing1 man4,néih sīk mh sīk yīng mành,Do you speak English?,,Cantonese::CantoneseClass101
我好鍾意我嘅英文先生,我好钟意我嘅英文先生,ngo5 hou2 zung1 ji3 ngo5 ge3 jing1 man4 sin1 saang1,ngóh hóu jūng yi ngóh ge yīng mành sīn sāang,I like my English teacher,,Cantonese::CantoneseClass101
我聽日要考英文試,我听日要考英文试,ngo5 ting1 jat6 jiu3 haau2 jing1 man4 si3,ngóh tīng yaht yiu háau yīng mành si,I have an English exam tomorrow,,Cantonese::CantoneseClass101
由英文翻譯至日文,由英文翻译至日文,jau4 jing1 man4 faan1 jik6 zi3 jat6 man2,yàuh yīng mành fāan yihk ji yaht mán,translate from English to Japanese,,Cantonese::CantoneseClass101
我要英文字幕,我要英文字幕,ngo5 jiu3 jing1 man4 zi6 mok6,ngóh yiu yīng mành jih mohk,I need English subtitles,,Cantonese::CantoneseClass101
溫書,温书,wan1 syu1,wān syū,to study,,Cantonese::CantoneseClass101
我溫緊書,我温紧书,ngo5 wan1 gan2 syu1,ngóh wān gán syū,I'm studying,,Cantonese::CantoneseClass101
我一向都好勤力溫書,我一向都好勤力温书,ngo5 jat1 hoeng3 dou1 hou2 kan4 lik6 wan1 syu1,ngóh yāt heung dōu hóu kành lihk wān syū,I always study hard at school,,Cantonese::CantoneseClass101
聽日就考試，所以我今晚要溫書,听日就考试，所以我今晚要温书,ting1 jat6 zau6 haau2 si5 ， so2 ji5 ngo5 gam1 maan5 jiu3 wan1 syu1,tīng yaht jauh háau síh só yíh ngóh gām máanh yiu wān syū,"The exam is tomorrow, so I have to study tonight",,Cantonese::CantoneseClass101
緊,紧,gan2,gán,(doing) -ing,,Cantonese Cantonese::CantoneseClass101
係咩,系咩,hai6 me1,haih mē,really,,Cantonese::CantoneseClass101
係咩?,系咩?,hai6 me1 ?,haih mē ?,really?,,Cantonese::CantoneseClass101
國語,国语,gwok3 jyu5,gwok yúh,Mandarin,,Cantonese::CantoneseClass101
我識講國語,我识讲国语,ngo5 sik1 gong2 gwok3 jyu5,ngóh sīk góng gwok yúh,I can speak Mandarin,,Cantonese::CantoneseClass101
我唔識講國語,我唔识讲国语,ngo5 m4 sik1 gong2 gwok3 jyu5,ngóh mh sīk góng gwok yúh,I don't speak Mandarin,,Cantonese::CantoneseClass101
傾,倾,king1,kīng,to talk,,Cantonese::CantoneseClass101
下次再傾,下次再倾,haa6 ci3 zoi3 king1,hah chi joi kīng,Talk to you next time!,,Cantonese::CantoneseClass101
你仲未同我哋傾關於今日開會嘅嘢,你仲未同我哋倾关于今日开会嘅嘢,nei5 zung6 mei6 tung4 ngo5 dei6 king1 gwaan1 jyu1 gam1 jat6 hoi1 wui2 ge3 je5,néih jungh meih tùngh ngóh deih kīng gwāan yū gām yaht hōi wúi ge yéh,You haven't talked about today's meeting yet,,Cantonese::CantoneseClass101
佢哋可以傾成日都唔悶,佢哋可以倾成日都唔闷,keoi5 dei6 ho2 ji5 king1 sing4 jat6 dou1 m4 mun6,kéuih deih hó yíh kīng sìngh yaht dōu mh munh,They could talk for hours and never get bored,,Cantonese::CantoneseClass101
佢有緊急事要同佢傾,佢有紧急事要同佢倾,keoi5 jau5 gan2 gap1 si6 jiu3 tung4 keoi5 king1,kéuih yáuh gán gāp sih yiu tùngh kéuih kīng,She needed to talk to him urgently,,Cantonese::CantoneseClass101
聽唔明,听唔明,ting3 m4 ming4,ting mh mìngh,to not understand,,Cantonese::CantoneseClass101
我聽唔明,我听唔明,ngo5 ting3 m4 ming4,ngóh ting mh mìngh,I don't understand,,Cantonese::CantoneseClass101
咁,咁,gam3,gam,so/such,,Cantonese::CantoneseClass101
快,快,faai3,faai,fast,,Cantonese::CantoneseClass101
講快啲,讲快啲,gong2 faai3 di1,góng faai dī,Speak faster,,Cantonese::CantoneseClass101
勤力,勤力,kan4 lik6,kành lihk,diligent,,Cantonese::CantoneseClass101
勤力啲,勤力啲,kan4 lik6 di1,kành lihk dī,(Work) harder!,,Cantonese::CantoneseClass101
爸爸,爸爸,baa4 baa1,bàh bā,father,,Cantonese::CantoneseClass101 Cantonese::Family
你爸爸幾歲,你爸爸几岁,nei5 baa4 baa1 gei2 seoi3,néih bàh bā géi seui,How old is your father?,,Cantonese::CantoneseClass101
我爸爸係工程師,我爸爸系工程师,ngo5 baa4 baa1 hai6 gung1 cing4 si1,ngóh bàh bā haih gūng chìngh sī,My father is an engineer,,Cantonese::CantoneseClass101
爸爸帶我去睇足球比賽,爸爸带我去睇足球比赛,baa4 baa1 daai3 ngo5 heoi3 tai2 zuk1 kau4 bei2 coi3,bàh bā daai ngóh heui tái jūk kàuh béi choi,Father takes me to watch a soccer game,,Cantonese::CantoneseClass101
馬利奧嘅爸爸係邊個？,马利奥嘅爸爸系边个？,maa5 lei6 ou3 ge3 baa4 baa1 hai6 bin1 go3 ？,máh leih ou ge bàh bā haih bīn go,Who is Mario's father?,,Cantonese::CantoneseClass101
似,似,ci5,chíh,to look like,,Cantonese::CantoneseClass101
你好似我一個朋友,你好似我一个朋友,nei5 hou2 ci5 ngo5 jat1 go3 pang4 jau5,néih hóu chíh ngóh yāt go pàngh yáuh,You look like a friend of mine,,Cantonese::CantoneseClass101
你係邊個,你系边个,nei5 hai6 bin1 go3,néih haih bīn go,Who are you?,,Cantonese::CantoneseClass101
我唔理係邊個打嚟，你唔可以用呢度個電話,我唔理系边个打嚟，你唔可以用呢度个电话,ngo5 m4 lei5 hai6 bin1 go3 daa2 lai4 ， nei5 m4 ho2 ji5 jung6 ne1 dou6 go3 din6 waa2,ngóh mh léih haih bīn go dá làih néih mh hó yíh yungh nē douh go dinh wá,"I don't care who you are calling, you cannot use the phone here",,Cantonese::CantoneseClass101
瞓覺,瞓觉,fan3 gaau3,fan gaau,sleep,,Cantonese::BobaBreak Cantonese::Verbs
起身,起身,hei2 san1,héi sān,get up,,Cantonese::Lessons Cantonese::LingQ Cantonese::Verbs
洗澡,洗澡,sai2 cau3,sái chau,to bathe,,Cantonese::Verbs
放,放,fong3,fong,to put,,Cantonese::Verbs
嚟,嚟,lai4,làih,to come,,Cantonese::Verbs
覺得,觉得,gok3 dak1,gok dāk,to feel,,Cantonese::Verbs
畫畫,画画,waat6 waa2,waaht wá,to draw,,Cantonese::Verbs
到,到,dou3,dou,to arrive,,Cantonese::Verbs
返屋企,返屋企,faan1 uk1 kei2,fāan wūk kéi,to return,,Cantonese::Verbs
想要,想要,soeng2 jiu3,séung yiu,to want,,Cantonese::Verbs
解釋,解释,gaai2 sik1,gáai sīk,To explain,,Cantonese::Verbs
教,教,gaau3,gaau,To teach,,Cantonese::Verbs
俾,俾,bei2,béi,give/for,,Cantonese::Verbs
郁,郁,juk1,yūk,to move,,Cantonese::Verbs
收,收,sau1,sāu,to receive,,Cantonese::Verbs
行,行,haan4,hàanh,to walk,,Cantonese::Verbs
跑,跑,paau2,páau,to run,,Cantonese::Verbs
明,明,ming4,mìhng,to understand,,Cantonese::Verbs
介紹,介绍,gaai3 siu6,gaai siuh,to introduce,,Cantonese::Verbs
諗,谂,sam2,lám,think,,Cantonese Cantonese::Verbs
用,用,jung6,yungh,to use,,Cantonese::Verbs
講,讲,gong2,góng,to talk,,Cantonese::Verbs
離開,离开,lei4 hoi1,lèih hōi,to leave,,Cantonese::Verbs
等,等,dang2,dáng,wait,,Cantonese::Verbs
打,打,daa2,dá,to call,,Cantonese::Verbs
寫,写,se2,sé,write,,Cantonese::Verbs
搵,揾,wan2,wán,find/look for,,Cantonese::Verbs
坐,坐,co5,chóh,to sit,,Cantonese::Verbs
應該,应该,jing1 goi1,yīng gōi,should,,Cantonese::Verbs
杏,杏,hang6,hangh,apricot,,Food
牛油果,牛油果,ngau4 jau4 gwo2,ngàuh yàuh gwó,avacado,,1。Leech Food
香蕉,香蕉,hoeng1 ziu1,hēung jīu,banana,,Food
藍莓,蓝莓,laam4 mui2,làamh múi,blueberry,,Food
車厘子,车厘子,ce1 lei4 zi2,chē lèih jí,cherry,,Food
紅莓,红莓,hung4 mui2,hùngh múi,cranberry,,Food
粟米,粟米,suk1 mai5,sūk máih,corn,,Food
火龍果,火龙果,fo2 lung4 gwo2,fó lùngh gwó,dragon fruit,,Food
無花果,无花果,mou4 faa1 gwo2,mòuh fā gwó,fig,,Food
提子,提子,tai4 zi2,tàih jí,grape,,1。Leech Food
西柚,西柚,sai1 jau2*4,sāi yàuh,grapefruit,,Food
青蘋果,青苹果,cing1 ping4 gwo2,chīng pìngh gwó,green apple,,Food
奇異果,奇异果,kei4 ji6 gwo2,kèih yih gwó,kiwi,,Food
檸檬,柠檬,ning4 mung1,nìngh mūng,lemon,,Food
蜜瓜,蜜瓜,mat6 gwaa1,maht gwā,melon,,Food
橙,橙,caang2,cháang,orange,,Food
桃,桃,tou4*2,tòuh,peach,,Food
菠蘿,菠萝,bo1 lo4,bō lòh,pineapple,,Food
碌柚,碌柚,luk1 jau2,lūk yáu,pomelo,,Food
布冧,布冧,bou3 lam1,bou lām,plum,,Food
梅乾,梅干,mui4 gon1,muìh gōn,prune,,Food
士多啤梨,士多啤梨,si6 do1 be1 lei2,sih dō bē léi,strawberry,,Food
番茄,番茄,faan1 ke2,fāan ké,tomato,,Food
好吃,好吃,hou2 hek3,hóu hek,delicious,,Food
新鮮水果,新鲜水果,san1 sin1 seoi2 gwo2,sān sīn séui gwó,fresh fruit,,Food
生果鋪,生果铺,saang1 gwo2 pou1,sāang gwó pōu,fruit shop,,Food
多汁,多汁,do1 zap1,dō jāp,juicy,,Food
蘋果,苹果,ping4 gwo2,pìngh gwó,apple,,Food
龍眼,龙眼,lung4 ngaan5,lùngh ngáanh,Longan,,Food
芒果,芒果,mong1 gwo2,mōng gwó,mango,,Food
梨,梨,lei4*2,lèih*2,pear,,Food
蛇皮果,蛇皮果,se4 pei4 gwo2,sèh pèih gwó,salak / snake fruit,,Food
山竹果,山竹果,saan1 zuk1 gwo2,sāan jūk gwó,mangosteen,,Food
紅毛丹,红毛丹,hung4 mou4 daan1,hùngh mòuh dāan,rambutan,,Food
大樹菠蘿,大树菠萝,daai6 syu6 bo1 lo4,daaih syuh bō lòh,jackfruit,,Food
蓮霧,莲雾,lin4 mou6,lình mouh,wax apple,,Food
西瓜,西瓜,sai1 gwaa1,sāi gwā,watermelon,,Food
今日我去左買咖啡,今日我去左买咖啡,gam1 jat6 ngo5 heoi3 zo2 maai5 gaa3 fe1,gām yaht ngóh heui jó máaih ga fē,"Today, I went to buy coffee.",,
彈吉他,弹吉他,taan6 gat1 taa1,taanh gāt tā,to play the guitar,,
琴日我彈吉他,琴日我弹吉他,kam4 jat6 ngo5 daan6 gat1 taa1,kàmh yaht ngóh daanh gāt tā,"Yesterday, I played the guitar",,
聽日我想彈吉他,听日我想弹吉他,ting1 jat6 ngo5 soeng2 taan4 gat1 taa1,tīng yaht ngóh séung tàanh gāt tā,"Tomorrow, I want to play the guitar",,
我想聽日彈吉他,我想听日弹吉他,ngo5 soeng2 ting3 jat6 daan6 gat1 taa1,ngóh seúng ting yaht daahn gāt tā,I want to play guitar tomorrow.,,
我想去中國過春節,我想去中国过春节,ngo5 soeng2 heoi3 zung1 gwok3 gwo3 ceon1 zit3,ngóh seúng heui jūng gwok gwo cheūn jit,I want to go to China for Chinese New Year,,
我想去偉成屋企過春節,我想去伟成屋企过春节,ngo5 soeng2 heoi3 wai5 sing4 nguk1 kei5 gwo3 ceon1 zit3,ngóh séung heui wáih sìngh ngūk kéih gwo chēun jit,I want to go to Wei Chen’s house for the Spring Festival,,
同埋佢地一起食饭,同埋佢地一起食饭,tung4 maai4 keoi5 dei6 jat1 hei2 sik6 饭,tùngh màaih kéuih deih yāt héi sihk 饭,and eat with them,,
同埋佢地一齊食飯,同埋佢地一齐食饭,tung4 maai4 keoi5 dei6 jat1 cai4 sik6 faan6,tùngh màaih kéuih deih yāt chàih sihk faanh,and eat with them,,
我鍾意日本既富士山,我钟意日本既富士山,ngo5 zung1 ji3 jat6 bun2 gei3 fu3 si6 saan1,ngóh jūng yi yaht bún gei fu sih sāan,I like mount fuji in japan,,
無,无,mou4,mòuh,to not have,,
长城,长城,长 sing4,长 sìngh,Great Wall,,
北京烤鸭,北京烤鸭,bak1 ging1 haau1 鸭,bāk gīng hāau 鸭,Roast Peking Duck,,
我唔識講普通話,我唔识讲普通话,ngo5 m4 sik1 gong2 pou2 tung1 waa2,ngóh mh sīk góng póu tūng wá,I don’t speak Mandarin,,
硬币,硬币,ngaang6 币,ngaangh 币,Coins,,
苹果,苹果,ping4 gwo2,pìngh gwó,Apple,,
香蕉,香蕉,hoeng1 ziu1,hēung jīu,Banana,,
下次见,下次见,haa6 ci3 见,hah chi 见,See you next time,,
開始喇,开始喇,hoi1 ci1 laa3,hōi chī la,Let's start,,
跟住,跟住,gan1 zyu6,gān jyuh,then / next / the coming,,
睇唔睇到,睇唔睇到,tai2 m4 tai2 dou2,tái mh tái dóu,Can you see it?,,
英國,英国,jing1 gwok3,yīng gwok,The UK,,
美國,美国,mei5 gwok3,méih gwok,the US,,
加拿大,加拿大,gaa1 naa4 daai6,gā nàh daaih,Canada,,
澳洲,澳洲,ou3 zau1,ou jāu,Australia,,
唔喺度,唔喺度,m4 hai2 dou6,mh hái douh,It's not on here (on the list),,
普通話,普通话,pou2 tung1 waa2,póu tūng wá,Mandarin,,
法文,法文,faat3 man2,faat mán,French,,
日文,日文,jat6 man2,yaht mán,Japanese,,
哈哈哈,哈哈哈,haa1 haa1 haa1,hā hā hā,"""Hahaha"" as in laughter in text",,Cantonese::Lessons
毕业,毕业,bat1 jip6,bāt yihp,to graduate (uni),,Cantonese::Lessons Cantonese::Verbs
两,两,leung5,léungh,two (when using the number in amounts),,Cantonese::Lessons
二,二,ji6,yih,two (when referring to a number),,Cantonese::Lessons
超市,超市,ciu1 si5,chīu síh,Supermarket,,1。Leech Cantonese::Lessons
肚饿,肚饿,tou5 ngo6,tóuh ngoh,hungry,,Cantonese::Lessons
餓,饿,ngo6,ngoh,Hungry,,Cantonese::Lessons
老師,老师,lou5 si1,lóuh sī,Teacher,,Cantonese::Lessons
袋,袋,doi2,dói,bag,,Cantonese::Lessons
我喺屋企,我喺屋企,ngo5 hai2 uk1 kei2,ngóh hái wūk kéi,I'm at home,,Cantonese::Lessons
个 / 個,个 / 个,go3 / go3,go / go,"counting word for people, occupaton, things, most common counting word",,Cantonese::Lessons
只,只,zek3,jek,"counting word for animals, body parts, fruits",,Cantonese::Lessons
貓,猫,maau1,māau,cat,,Cantonese::Lessons
狗,狗,gau2,gáu,dog,,Cantonese::Animals Cantonese::Chinese-Zodiac Cantonese::Lessons
手,sau2,手,手,Hand,,Cantonese::BodyParts Cantonese::Lessons
脚,脚,guek3,guek,foot,,Cantonese::Lessons
耳仔,耳仔,ji5 zai2,yíh jái,ear,,Cantonese::Lessons
眼,ngaan5,眼,眼,Eye,,Cantonese::Lessons
西瓜,西瓜,sai1 gwa1,sāi gwā,watermelon,,Cantonese::Lessons Food
平果,平果,ping4 gwo2,pìngh gwó,apple,,Cantonese::Lessons Food
張,张,zoeng1,jēung,"counting word for flat objects such as paper, photographs, tables, furniture",,Cantonese::Lessons
兩張相,两张相,leung5 zeung1 seung2,léungh jēung séung,two photographs,,Cantonese::Lessons
一張紙,一张纸,jat1 zeung1 zi2,yāt jēung jí,One piece of paper,,Cantonese::Lessons
臺,台,toi4,tòih,table,,Cantonese::Lessons
凳,凳,dang3,dang,chair,,Cantonese::Lessons
床,床,cong4,chòngh,bed,,Cantonese::Lessons
梳發,梳发,so1 fa2,sō fá,Sofa,,Cantonese::Lessons
晚上好,晚上好,maan5 seung6 hou2,máanh seungh hóu,Good evening,,Cantonese::Lessons
新澤西,新泽西,san1 zaak6 sai1,sān jaahk sāi,New Jersey,,Cantonese::Lessons
上個星期,上个星期,seung6 go3 sing1 kei4,sēung go sīng kèih,last week,,Cantonese::Lessons
下個星期,下个星期,ha6 go3 sing1 kei4,hah go sīng kèih,next week,,Cantonese::Lessons
又,又,jau6,yauh,again,,Cantonese::Lessons
弹,弹,taan4,tàanh,to play (a musical instrument),,Cantonese::Lessons
出年,出年,ceot1 nin4,chēut nình,next year,,Cantonese::Lessons
早餐,早餐,zou2 caan1,jóu chāan,breakfast,,Cantonese::Lessons Cantonese::LingQ
午餐,午餐,ng5 caan1,ngh chāan,lunch,,Cantonese::Lessons
晚餐,晚餐,maan5 caan1,máanh chāan,dinner,,Cantonese::Dining Cantonese::Lessons
食早餐,食早餐,sik6 zou2 caan1,sihk jóu chāan,to eat breakfast,,Cantonese::Lessons
食午餐,食午餐,sik6 ng5 caan1,sihk ńgh chāan,to eat lunch,,Cantonese::Lessons
食晚餐,食晚餐,sik6 maan5 caan1,sihk máahn chāan,to eat dinner,,Cantonese::Lessons
琴日,琴日,kam4 jat6,kàhm yaht,Yesterday,,Cantonese::Date&Time Cantonese::Lessons
聽日,听日,ting1 jat6,tīng yaht,Tomorrow,,Cantonese::Adverbs Cantonese::Date&Time Cantonese::Lessons
前日,前日,cin4 jat6,chình yaht,the day before yesterday,,Cantonese::Date&Time Cantonese::Lessons
後日,后日,hau6 jat6,hauh yaht,the day after tomorrow,,Cantonese::Date&Time Cantonese::Lessons
春天,春天,ceon1 tin1,chēun tīn,Spring,,Cantonese::Lessons
夏天,夏天,ha6 tin1,hah tīn,Summer,,Cantonese::Lessons
秋天,秋天,cau1 tin1,chāu tīn,Autumn,,Cantonese::Lessons
冬天,冬天,dung1 tin1,dūng tīn,Winter,,Cantonese::Lessons
嚟,嚟,lei4,lèih,to come,,Cantonese Cantonese::Verbs
嚟咗,嚟咗,lei4 zo2,lèih jó,came,,Cantonese
買咗,买咗,maai5-zo2,máaih-jó,bought,,Cantonese
飲咗,饮咗,jam2-zo2,yám-jó,drank,,Cantonese
唔記得,唔记得,m4 gei3 dak1,mh gei dāk,forgot,,Cantonese
唔記得咗,唔记得咗,m4-gei3-dak1 zo2,m̀h-gei-dāk jó,forgot,,Cantonese
[sound:hypertts-ac1d5c52fa09ae3841700cd754bdf2d0d2a9f1d35eca8ab63cf0b54a.mp3],[sound:hypertts-ac1d5c52fa09ae3841700cd754bdf2d0d2a9f1d35eca8ab63cf0b54a.mp3],heoi3,heui,to go,,Cantonese
去咗,去咗,heoi3-zo2,heui-jó,went,,Cantonese
我今日買咗朱古力,我今日买咗朱古力,ngo5 gam1-jat6 maai5-zo2 zyu1-gu1-lik1,ngóh gām-yaht máaih-jó jyū-gū-līk,I bought chocolate today,,Cantonese
我今朝飲咗咖啡,我今朝饮咗咖啡,ngo5 gam1-ziu1 jam2-zo2 gaa3-fe1,ngóh gām-jīu yám-jó ga-fē,I drank coffee this morning,,Cantonese
我唔記得咗,我唔记得咗,ngo5 m4 gei3-dak1-zo2,ngóh m̀h gei-dāk-jó,I forgot,I can't remember,Cantonese
佢啱啱去咗洗手間,佢啱啱去咗洗手间,keoi5 ngaam1-ngaam1 heoi3-zo2 sai2-sau2-gaan1,kéuih ngāam-ngāam heui-jó sái-sáu-gāan,He/she just went to the bathroom,,Cantonese
嚟緊,嚟紧,lei4-gan2,lèih-gán,coming,,Cantonese
聽,听,teng1,tēng,to listen,,Cantonese Cantonese::Verbs
聽緊,听紧,teng1-gan2,tēng-gán,listening,,Cantonese
做緊,做紧,zou6-gan2,jouh-gán,doing,,Cantonese
問緊,问紧,man6-gan2,mahn-gán,asking,,Cantonese
學緊,学紧,hok6-gan2,hohk-gán,learning,,Cantonese
我聽緊飲樂,我听紧饮乐,ngo5 teng1-gan2 jam1-ngok6,ngóh tēng-gán yām-ngohk,I am listening to music,,Cantonese
我細妹做緊功課,我细妹做紧功课,ngo5 sai3-mui2 zou6-gan2 gung1-fo3,ngóh sai-múi jouh-gán gūng-fo,My younger sister is doing homework,,Cantonese
佢問緊老師,佢问紧老师,keoi5 man6-gan2 lou5-si1,kéuih mahn-gán lóuh-sī,He/she is asking the teacher,,Cantonese
會,会,wui5,wúih,will (... + verb= future tense),,Cantonese
會嚟,会嚟,wui5-lei4,wúih-lèih,will come,,Cantonese
會睇,会睇,wui5-tai2,wúih-tái,will watch,,Cantonese
會幫,会帮,wui5 bong1,wúih bōng,will help,,Cantonese
會諗,会谂,wui5-nam2,wúih-nám,will think,,Cantonese
整,整,zing2,jíng,to make,,Cantonese Cantonese::Verbs
會整,会整,wui5-zing2,wúih-jíng,will think,,Cantonese
我聽日會睇書,我听日会睇书,ngo5 ting1-jat6 wui5 tai2-syu1,ngóh tīng-yaht wúih tái-syū,I will read books tomorrow,,Cantonese
"唔使擔心, 我會幫你","唔使担心, 我会帮你","m4-sai2 daam1-sam1, ngo5 wui5 bong1 nei5","m̀h-sái dāam-sām, ngóh wúih bōng néih","Don't worry, I will help you",,Cantonese
我會諗一諗,我会谂一谂,ngo5 wui5 nam2-jat1-nam2,ngóh wúih nám-yāt-nám,I will think about it a little bit,,Cantonese
我會整生日蛋糕,我会整生日蛋糕,ngo5 wui5 zing2 saang1-jat6 daan6-gou1,ngóh wúih jíng sāang-yaht daahn-gōu,I will make a birthday cake,,Cantonese
心,sam1,心,心,Heart,,Cantonese
個度嘅點心好好味,个度嘅点心好好味,go2-dou6-ge3 dim2-sam1 hou2 hou2-mei6,gó-douh-ge dím-sām hóu hóu-meih,The dim sum there was very delicious,,Cantonese
我鍾意食蝦餃同燒賣,我钟意食虾饺同烧卖,ngo5 zung1-ji3 sik6 haa1-gaau2 tung4 siu1-maai2,ngóh jūng-yi sihk hā-gáau tùhng sīu-máai,I like to eat shrimp dumplings and shiu-mai,,Cantonese
"然後, 我哋去咗伯母屋企","然后, 我哋去咗伯母屋企","jin4-hau6, ngo5-dei6 heoi3-zo2 baak3-mou5 uk1-kei2","yìhn hauh, ngóh deih heui jó baak móuh ūk kéi","Then, we went to auntie's house",,Cantonese
6點我去咗買凍咖啡,6点我去咗买冻咖啡,luk6-dim2 ngo5 heoi3-zo2 maai5 dung3 gaa3-fe1,luhk-dím ngóh heui-jó máaih dung ga-fē,I went to buy an iced coffee at 6 o'clock,,Cantonese
"七點我哋煮飯, 有炸豆腐同炒雞肉","七点我哋煮饭, 有炸豆腐同炒鸡肉","cat1-dim2 ngo5-dei6 zyu2-faan6, jau5 zaa3 dau6-fu6 tung4 caau2 gai1-juk6","chāt-dím ngóh-deih jyú-faahn, yáuh ja dauh-fuh tùhng cháau gāi-yuhk",At 7 o'clock we cooked,there was (deep) fried tofu and (stirred) fried chicken,Cantonese
"最後, 伯母邀請我今個月16號去食飯. 16號係佢嘅生日.","最后, 伯母邀请我今个月16号去食饭. 16号系佢嘅生日.","zeoi3 hau6 , baak3 mou5 jiu1 cing2 ngo5 gam1 go3 jyut6 1 6 hou6 heoi3 sik6 faan6 . 1 6 hou6 hai6 keoi5 ge3 saang1 jat6 .","jeui hauh , baak móuh yīu chíng ngóh gām go yuht 1 6 houh heui sihk faahn . 1 6 houh haih kéuih ge sāang yaht .","Finally, auntie invited me to have dinner with her the 16th of this month. It will be her birthday.",,Cantonese
我覺得我嘅廣東話唔錯,我觉得我嘅广东话唔错,ngo5 gok3-dak1 ngo5-ge3 gwong2-dung1-waa2 m4-co3,ngóh gok-dāk ngóh-ge gwóng-dūng-wá m̀h-cho,I think my Cantonese is not bad,,Cantonese
點樣,点样,dim2 joeng2,dím yéung,How,,Cantonese Cantonese::Lessons Cantonese::Pronouns
新年快樂!,新年快乐!,san1 nin4 faai3 lok6,sān nình faai lohk,Happy New Year!,,Cantonese::Lessons
每日,每日,mui5 jat6,múih yaht,everyday,,Cantonese::LingQ
先,先,sin1,sīn,early,prior; former; in advance,Cantonese::LingQ
朝早,朝早,ziu1 zou2,jīu jóu,morning,,Cantonese::Date&Time Cantonese::Lessons Cantonese::LingQ
開始,开始,hoi1 ci2,hōi chí,to begin,,Cantonese::LingQ Cantonese::Verbs
嘢,嘢,je5,yéh,things,,Cantonese::LingQ
一間,一间,jat1 gaan3,yāt gaan,"classifier for shops, offices, buildings",,Cantonese::LingQ
廚師,厨师,cyu4 si1,chyùh sī,chef,,Cantonese::Dining Cantonese::LingQ
為,为,wai6,waih,for,,Cantonese::LingQ
嘅,嘅,ge3,ge,possessive,'s,Cantonese::LingQ
顧客,顾客,gu3 haak3,gu haak,client,customer,Cantonese::LingQ
啲,啲,di1,dī,some,a little,Cantonese::LingQ
國家,国家,gwok3 gaa1,gwok gā,Country,,Cantonese::LingQ
好多,好多,hou3 do1,hou dō,many,,Cantonese::LingQ
來自,来自,loi4 zi6,lòih jih,to come from (a place),From: (in email header),Cantonese::LingQ
講,讲,gong2,góng,"to tell, speak, explain",,Cantonese::LingQ
語言,语言,jyu5 jin4,yúh yìhn,Language,,Cantonese::LingQ
可以,可以,ho2 ji5,hó yíh,to be able to,can,Cantonese::LingQ
遇到,遇到,jyu6 dou3,yuh dou,"to meet, run into, come across",,Cantonese::LingQ
覺得,觉得,gok3 dak1,gok dāk,to think,to feel,Cantonese::LingQ
開心,开心,hoi1 sam1,hōi sām,Happy,,Cantonese::LingQ
醒,醒,sing2,síng,to wake up,,Cantonese::LingQ
呀,呀,aa1,ā,interrogative word,softens question or acts as 'ahh',Cantonese::LingQ
咪,咪,mai1,māi,used as substitute for 唔,must not; not; should not; might as well,Cantonese::LingQ
時候,时候,si4 hau6,sìh hauh,"time, period, when",,Cantonese::LingQ
落雪,落雪,lok6-syut3,lohk syut,to snow,,Cantonese::BobaBreak
剷雪,铲雪,caan2-syut3,cháan-syut,to shovel the snow,,Cantonese::BobaBreak
麻煩,麻烦,maa4-faan4,màh-fàahn,trouble,troublesome,1。Leech Cantonese::BobaBreak
門口,门口,mun4-hau2,mùhn-háu,doorway,,Cantonese::BobaBreak
跌親,跌亲,dit3-can1,dit chān,to fall,,Cantonese::BobaBreak
一般嚟講,一般嚟讲,jat1-bun1-lei4-gong2,yāt-būn-lèih-góng,generally speaking,,Cantonese::BobaBreak
成日,成日,seng4-jat6,sèhng-yaht,always,,Cantonese::BobaBreak
颱風,台风,toi4-fung1,tòih fūng,typhoon,,Cantonese::BobaBreak
打颱風,打台风,daa2 toi4-fung1,dá tòih-fūng,to have a typhoon,,Cantonese::BobaBreak
夏天,夏天,haa6-tin1,hah-tīn,summer,,Cantonese::BobaBreak
冬天,冬天,dung1-tin1,dūng-tīn,winter,,Cantonese::BobaBreak
天氣,天气,tin1 hei3,tīn hei,Weather,,Cantonese::BobaBreak
暖,暖,nyun5,nyúnh,warm,,Cantonese::BobaBreak
暖氣,暖气,nyun5-hei3,nyúhn-hei,heater,,Cantonese::BobaBreak
南方,南方,naam4-fong1,nàahm-fōng,southern,,Cantonese::BobaBreak
北方,北方,bak1-fong1,bāk-fōng,northern,,Cantonese::BobaBreak
梗係,梗系,gang2-hai6,gáng-haih,must,,Cantonese::BobaBreak
原來係噉,原来系噉,jyun4-loi4 hai6 gam2,yùhn-lòih haih gám,that's why,,Cantonese::BobaBreak
烏龍茶,乌龙茶,wu1 lung4 caa4,wū lùngh chàh,oolong tea,,Cantonese::Drinks Food
薰衣草茶,薰衣草茶,fan1 ji1 cou2 caa4,fān yī chóu chàh,lavender tea,,Cantonese::Drinks Food
甘菊茶,甘菊茶,gam1 guk1 caa4,gām gūk chàh,chamomile tea,,Cantonese::Drinks Food
雞蛋,鸡蛋,gai1 daan2,gāi dáan,chicken egg,,Cantonese::Lessons
沙律,沙律,sa1 leut2,sā léut,Salad,,Cantonese::Lessons
今日係星期幾,今日系星期几,gam1 jat6 hai6 sing1 kei4 gei2,gām yaht haih sīng kèih géi,What day is it today？,,Cantonese::Lessons
世上無難事，只怕有心人。,世上无难事，只怕有心人。,sai3 soeng6 mou4 naan4 si6 ， zi2 paa3 jau5 sam1 jan4 。,sai seungh mòuh nàanh sih jí pa yáuh sām yành,Nothing in the world is too difficult for one who sets his mind to it.,,Cantonese::Phrase
放,放,fong3,fong,to put,to place,
放喺,放喺,fong3 hai2,fong hái,to place at + location,,
前面,前面,cin4-min6,chìhn mihn,ahead,,
後面,后面,hau6-min6,hauh-mihn,back,,
上面,上面,soeng6-min6,seuhng-mihn,top,,
下面,下面,haa6-min6,hah-mihn,bottom,,
左邊,左边,zo2 bin6,jó binh,left side,,
右邊,右边,jau6 bin6,yauh binh,right side,,
行李,行李,hang4 lei5,hàhng léih,Luggage,,
可以,可以,ho2-ji5,hó-yíh,can (can I...?),,
我喺後面。,我喺后面。,ngo5 hai2 hau6-min6,ngóh hái hauh-mihn,I am in the back,,Cantonese::Phrase
我喺你後面。,我喺你后面。,ngo5 hai2 lei5 hau6-min6,ngóh hái léih hauh-mihn,I am behind you,,Cantonese::Phrase
你可以放喺呢度。,你可以放喺呢度。,lei5 ho2-ji5 fong3 hai2 li1-dou6,léih hó-yíh fong hái lī-douh,You can put (it) here.,,Cantonese::Phrase
你嘅行李可以放喺呢度。,你嘅行李可以放喺呢度。,lei5 ge3 hang4-lei5 ho2-ji5 fong3 hai2 li1-dou6,léih ge hàhng-léih hó-yíh fong hái lī-douh,Your luggage can be placed here,,Cantonese::Phrase
你嘅行李可以放喺上面。,你嘅行李可以放喺上面。,lei5 ge3 hang4-lei5 ho2-ji5 fong3 hai2 soeng6-min6,léih ge hàhng-léih hó-yíh fong hái seuhng-mihn,Your luggage can be placed on the top,,Cantonese::Phrase
你好先生，你嘅行李可以放喺上面。,你好先生，你嘅行李可以放喺上面。,"lei5-hou2 sin1-saang1, lei5-ge3 hang4-lei5 ho2-ji5 fong3 hai2 soeng6-min6.","léih-hóu sīn-sāang, léih-ge hàhng-léih hó-yíh fong hái seuhng-mihn.","Hi sir, you can place your luggage on the top.",,Cantonese::Phrase
青瓜,青瓜,ceng1 gwa1,chēng gwā,Cucumber,,Food
南瓜,南瓜,naam4 gwa1,nàamh gwā,Pumpkin,,Food
薯仔,薯仔,syu4 zai2,syùh jái,Potato,,Food
蘑菇,蘑菇,mo4 gu1,mòh gū,Mushroom,,Food
生菜,生菜,saang1 coi3,sāang choi,Lettuce,,Food
彩椒,彩椒,coi2 ziu1,chói jīu,bell pepper / colored pepper,,Food
青口,青口,ceng1 hau2,chēng háu,Mussel,,Food
生蚝,生蚝,saang1 hou4,sāang hòuh,Oyster,,Food
魷魚,鱿鱼,jau4 ju2,yàuh yú,squid,,Food
蟹,蟹,haai5,háaih,crab,,Food
龍蝦,龙虾,lung4 ha1,lùngh hā,Lobster,,Food
海鮮,海鲜,hoi2 sin1,hói sīn,Seafood,,Food
小龍蝦,小龙虾,siu2 lung4 ha1,síu lùngh hā,crayfish,,Food
豬肉,猪肉,zyu1 juk6,jyū yuhk,Pork,,Food
羊肉,羊肉,jeung4 juk6,yèungh yuhk,lamb / mutton,,Food
魚肉,鱼肉,jyu4 juk6,yùh yuhk,fish meat,,Cantonese::Lessons Food
烤鴨,烤鸭,haau1 ngaap3,hāau ngaap,roast duck,,Food
今日係星期一二零二四年一月二十九號,今日系星期一二零二四年一月二十九号,gam1 jat6 hai6 sing1 kei4 jat1 ji6 ling4 ji6 sei3 nin4 jat1 jyut6 ji6 sap6 gau2 hou4,gām yaht haih sīng kèih yāt yih lìngh yih sei nình yāt yuht yih sahp gáu hòuh,"Today is Monday, January 29th, 2024",,
我可唔可以放喺呢度？,我可唔可以放喺呢度？,ngo5 ho2-m4-ho2-ji5 fong3 hai2 li1-dou6?,ngóh hó-m̀h-hó-yíh fong hái lī-douh?,Can I place it here?,,
可唔可以...?,可唔可以...?,ho2 m4 ho2 ji5,hó m̀h hó yíh,Can I...?,,
港幣,港币,gong2-bai6,góng-baih,Hong Kong dollar,,
美金,美金,mei5-gam1,méih-gām,US dollar,,
唱,唱,coeng3,cheung,to exchange currencies,to sing,
1蚊,1蚊,jat1 man1,yāt mān,one dollar,,
3蚊,3蚊,saam1 man1,sāam mān,three dollars,,
7蚊,7蚊,cat1 man1,chāt mān,seven dollars,,
毫,毫,hou4,hòuh,ten cents,,
1毫,1毫,jat1 hou4,yāt hòuh,$0.10 ,,
4毫,4毫,sei3 hou4,sei hòuh,$0.40 ,,
8毫,8毫,baat3 hou4,baat hòuh,$0.80 ,,
$3.33 ,$3.33 ,saam1 man1 saam1 hou4 saam1,sāam mān sāam hòuh sāam,$3.33 ,,
$7.84 ,$7.84 ,cat1 man1 baat3 hou4 sei3,chāt mān baat hòuh sei,$7.84 ,,
呢度可唔可以唱港幣？,呢度可唔可以唱港币？,li1-dou6 ho2-m4-ho2-ji5 coeng3 gong2-bai6,lī-douh hó-m̀h-hó-yíh cheung góng-baih,Can I exchange (currency) for HK dollars here?,,
我想唱港幣,我想唱港币,ngo5 soeng2 coeng3 gong2-bai6,ngóh séung cheung góng-baih,I want to exchange (currency) for HK dollars.,,
我想用美金唱港幣,我想用美金唱港币,ngo5 soeng2 jung6 mei5-gam1 coeng3 gong2-bai6,ngóh séung yuhng méih-gām cheung góng-baih,I want to use US dollars to exchange for HK dollars,,
今日1蚊美金兌到7蚊8毫2港紙。,今日1蚊美金兑到7蚊8毫2港纸。,gam1 jat6 1 man1 mei5 gam1 deoi3 dou3 7 man1 8 hou4 2 gong2 zi2,gām yaht 1 mān méih gām deui dou 7 mān 8 hòuh 2 góng jí,Today $1 USD can be exchanged for $7.82 HKD.,,
呢個幾錢？,呢个几钱？,li1-go3 gei2-cin2?,lī-go géi-chín?,How much is this?,,
呢個$15.70。,呢个$15.70。,li1-go3 sap6-ng5 man1 cat1 hou4,lī-go sahp-ńgh mān chāt hòuh,This is $15.70,,
1個仙,1个仙,jat1-go3 sin1,yāt-go sīn,$0.01 ,,
3個仙,3个仙,saam1-go3 sin1,sāam-go sīn,$0.03 ,,
5個仙,5个仙,ng5-go3 sin1,ńgh-go sīn,$0.05 ,,
八達通 (卡),八达通 (卡),baat3-daat6-tung1 (kaa1),baat-daaht-tūng (kā),the Octopus (card),,
機場快線,机场快线,gei1-ceong4 faai3-sin3,gēi-chèohng faai-sin,Airline express,,
站,站,zaam6,jaamh,stop,station,
下個站,下个站,haa6-go3 zaam6,hah-go jaahm,next stop,,
地址,地址,dei6-zi2,deih-jí,address,,
我可唔可以用八達通卡呀？,我可唔可以用八达通卡呀？,ngo5 ho2-m4-ho2-ji5 jung6 baat3-daat6-tung1 kaa1 aa3?,ngóh hó-m̀h-hó-yíh yuhng baat-daaht-tūng kā a?,Can I use the Octopus card?,,
邊度可以搭機場快線呀？,边度可以搭机场快线呀？,bin1-dou6 ho2-ji5 daap3 gei1-coeng4 faai3-sin3 aa3?,bīn douh hó yíh daap gēi cheùhng faai sin a?,Where can I take the airline express?,,
邊度可以搭機場快線嘅巴士呀？,边度可以搭机场快线嘅巴士呀？,bin1-dou6 ho2-ji5 daap3 gei1-coeng4 faai3-sin3 ge3 baa1-si2 aa3?,bīn-douh hó-yíh daap gēi-chèuhng faai-sin ge bā-sí a?,Where can I take the airline express bus?,,
呢部巴士去邊度呀？,呢部巴士去边度呀？,li1-bou6 baa1-si2 heoi3 bin1-dou6 aa3?,lī-bouh bā-sí heui bīn-douh a?,Where does this bus go?,,
下個站係咩呀？,下个站系咩呀？,haa6-go3 zaam6 hai6 me1 aa3?,hah-go jaahm haih mē a?,What is the next stop?,,
呢部車去唔去左敦呀？,呢部车去唔去左敦呀？,li1-bou6 ce1 heoi3-m4-heoi3 zo2-deon1 aa3?,lī-bouh chē heui-m̀h-heui jó-dēun a?,Does this bus/train go to Jordan?,,
唔好意思，你知唔知呢部車下個站係咩呀？,唔好意思，你知唔知呢部车下个站系咩呀？,"m4-hou2-ji3-si1, lei5 zi1-m4-zi1 li1-bou6 ce1 haa6-go3 zaam6 hai6 me1 aa3?","m̀h-hóu-yi-sī, léih jī-m̀h-jī lī-bouh chē hah-go jaahm haih mē a?","Excuse me, do you know what is the next stop on this bus/train?",,
呢個係我嘅地址。,呢个系我嘅地址。,li1-go3 hai6 ngo5 ge3 dei6-zi2,lī-go haih ngóh ge deih-jí,This is my address,,
你知唔知行李可以放邊度呀,你知唔知行李可以放边度呀,lei5 zi1-m4-zi1 hang4-lei5 ho2-ji5 fong3 hai2 bin1-dou6 aa3,léih jī-m̀h-jī hàhng-léih hó-yíh fong hái bīn-douh a,Do you know where the luggage can be placed,,
上面,上面,soeng6-min6,seuhng-mihn,On top,,
你好先生， 你嘅行李可以放喺上面。,你好先生， 你嘅行李可以放喺上面。,"lei5-hou2 sin1-saang1, lei5 ge3 hang4-lei5 ho2-ji2 fong3 hai2 soeng6-min6","léih-hóu sīn-sāang, léih ge hàhng-léih hó-yí fong hái seuhng-mihn","Hi sir, you can put your luggage on top",,
唔使客氣,唔使客气,m4-sai2 haak3-hei3,m̀h-sái haak-hei,You're welcome,,
我哋要買八達通卡。,我哋要买八达通卡。,ngo5-dei6 jiu3 maai5 baat3-daat6-tung1 kaa1,ngóh-deih yiu máaih baat-daaht-tūng kā,We have to buy an Octopus card,,
點解呀？,点解呀？,dim2-gaai2 aa3,dím-gáai a,Why?,,
腳,脚,goek3,geuk,Foot,,Cantonese::Lessons
耳仔,耳仔,yi5 zai2,yíh jái,ear,,Cantonese::Lessons
你有冇...?,你有冇...?,nei5 yau5 mou5,néih yáuh móuh,Do you have...?,,Cantonese::Lessons
我唔食,我唔食,ngo5 m4 sik6,ngóh mh sihk,I don't eat,,Cantonese::Lessons
我冇食,我冇食,ngo5 mou5 sik6,ngóh móuh sihk,I did not eat,,Cantonese::Lessons
乜嘢,乜嘢,mat1 ye5,māt yéh,what?,,Cantonese::Lessons
一本書,一本书,yat1 bun2 syu1,yāt bún syū,one book,,Cantonese::Lessons
隻,只,zek3,jek,Measure word: An item that is part of a pair or a group,"also used for animals e.g. a glove, a shoe, an eye, a watch",Cantonese::Lessons
手指,手指,sau2 zi2,sáu jí,fingers,,Cantonese::Lessons
腳趾,脚趾,geuk3 zi2,geuk jí,toes,,Cantonese::Lessons
條,条,tiu4,tìuh,measure word for fish,,Cantonese::Lessons
樽,樽,zeun1,jēun,bottle,,Cantonese::Lessons
盒,盒,hap6,hahp,box / carton,,Cantonese::Lessons
一大杯啤酒,一大杯啤酒,yat1 dai6 bui1 be1 zau2,yāt daih būi bē jáu,one large beer,,Cantonese::Lessons
張,张,zeung1,jēung,"counting word for flat objects such as paper, photographs, tables",,Cantonese::Lessons
一張紙,一张纸,yat1 zeung1 zi2,yāt jēung jí,one piece of paper,,Cantonese::Lessons
台,台,toi2,tói,table,,Cantonese::Lessons
床,床,chong4,chhòngh,bed,,Cantonese::Lessons
梳化,梳化,so1 fa2,sō fá,sofa,,Cantonese::Lessons
呢啲,呢啲,nei1 di1 / ni1 di1,nēi dī / nī dī,these,,Cantonese::Lessons
果,果,go2,gó,that,,Cantonese::Lessons
嗰啲,𠮶啲,go2 di1,gó dī,those,,Cantonese::Lessons Cantonese::Pronouns
呢個平果,呢个平果,ni1 go3 ping4 gwo2,nī go pìngh gwó,this apple,,Cantonese::Lessons
呢啲平果,呢啲平果,ni1 di1 ping4 gwo2,nī dī pìngh gwó,these apples,,Cantonese::Lessons
嗰個人,𠮶个人,go2 go3 yan4,gó go yành,that person,,Cantonese::Lessons
嗰啲人,𠮶啲人,go2 di1 yan4,gó dī yành,those people,,Cantonese::Lessons
呢排,呢排,ni1 paai2*4,nī páai*4,"lately, recently",,Cantonese::Lessons
其他,其他,kei4 ta1,kèih tā,others,,Cantonese::Lessons
城市,城市,sing4 si5,sìhng síh,City,,Cantonese::Lessons
好飲,好饮,hou2 jam2,hóu yám,delicious (drink),,Cantonese::Lessons
長,长,ceung4,cheùhng,long,,Cantonese::Lessons
筆,笔,bat1,bāt,pen,,Cantonese::Lessons
頭髮,头发,tau4 faat3,tàuh faat,hair,,Cantonese::Lessons
繩,绳,sing2*4,síng*4,string,,Cantonese::Lessons
踩單車,踩单车,caai2 daan1 ce1,cháai dāan chē,to ride a bicycle,,Cantonese::Lessons
樹林,树林,syu6 lam4,syuh làmh,"the woods, small forest",,Cantonese::Lessons
森林,森林,sam1 lam4,sām làmh,large forest,,Cantonese::Lessons
訓覺,训觉,fan3 gaau3,fan gaau,to sleep,,Cantonese::Lessons
上晝,上昼,seung6 zau3,seungh jau,morning (3am-11am),,Cantonese::Lessons
下晝,下昼,haa6 zau3,hah jau,afternoon (1pm-6pm),,Cantonese::Lessons
夜晚,夜晚,je6 maan5,yeh máanh,night,,Cantonese::Lessons
凌晨,凌晨,ling4 san4,lìngh sành,early morning,,Cantonese::Lessons
周末,周末,zau1 mut6,jāu muht,weekend,,Cantonese::Lessons
呢排,呢排,ni1 paai2,nī páai,recently / lately,,Cantonese::Lessons
得閑,得闲,dak1 haan4,dāk hàanh,to be free / available,,Cantonese::Lessons
唔得閑,唔得闲,m4 daak1 haan4,mh dāak hàanh,to not be free / not have time / not available,,Cantonese::Lessons
香蕉,香蕉,heung1 ziu1,hēung jīu,banana,,Cantonese::Lessons
豬肉,猪肉,zyu1 yuk6,jyū yuhk,pork,,Cantonese::Lessons
羊肉,羊肉,yeung4 yuk6,yèungh yuhk,lamb meat,,Cantonese::Lessons
番工,番工,faan1 gung1,fāan gūng,to go to work (office),,Cantonese::Lessons
放工,放工,fong3 gung1,fong gūng,leave work,,Cantonese::Lessons
返學,返学,faan1 hok6,fāan hohk,go to school,,Cantonese::Lessons
放學,放学,fong3 hok6,fong hohk,leave school,,Cantonese::Lessons
上課,上课,soeng5 fo3,séungh fo,attend class,,Cantonese::Lessons
落課,落课,lok6 fo3,lohk fo,finish class,,Cantonese::Lessons
加班,加班,ga1 baan1,gā bāan,to work overtime,,Cantonese::Lessons
因為,因为,yan1 wai6,yān waih,because,,Cantonese::Lessons
賺更多錢,赚更多钱,zaan6 gang3 do1 cin2*4,jaahn gang dō chín*4,to make more money,,Cantonese::Lessons
好多,好多,hou2 do1,hóu dō,many,,Cantonese::Lessons
做嘢,做嘢,zou6 ye5,jouh yéh,work (home / office),,Cantonese::Lessons
彈結他,弹结他,taan4 git1 ta1,tàanh gīt tā,to play guitar,,Cantonese::Lessons
睇電視,睇电视,tai2 din6 si6,tái dinh sih,to watch tv,,Cantonese::Lessons
睇 YouTube,睇 YouTube,tai2 Youtube,tái Youtube,to watch youtube,,Cantonese::Lessons
煮飯,煮饭,zyu2 faan6,jyú faanh,to cook (rice or any meal),,Cantonese::Lessons
煮整,煮整,zyu2 zing2,jyú jíng,to cook sth.,,Cantonese::Lessons
咖哩,咖哩,ga3 lei1,ga lēi,curry,,Cantonese::Lessons
扁豆,扁豆,bin2 dau6,bín dauh,Hyacinth bean,,Cantonese::Lessons
薯仔,薯仔,syu4 zai2,syùh jái,potato,,Cantonese::Lessons leech
青瓜,青瓜,ceng1 gwa1,chēng gwā,cucumber,,Cantonese::Lessons
南瓜,南瓜,naam4 gwa1,nàamh gwā,pumpkin,,Cantonese::Lessons
生菜,生菜,saang1 choi3,sāang chhoi,lettuce,,Cantonese::Lessons
蘑菇,蘑菇,mo4 gu1,mòh gū,mushroom,,Cantonese::Lessons
彩椒,彩椒,choi2 ziu1,chhói jīu,bell pepper,,Cantonese::Lessons
番茄,番茄,faan1 kei2,fāan kéi,tomato,,Cantonese::Lessons
紅色,红色,hung4 sik1,hùngh sīk,red,,Cantonese::Lessons
粉色,粉色,fan2 sik1,fán sīk,pink,,Cantonese::Lessons
灰色,灰色,fui1 sik1,fūi sīk,grey,,Cantonese::Lessons
棕色,棕色,zung1 sik1,jūng sīk,brown,,Cantonese::Lessons
橙色,橙色,chaang2 sik1,chháang sīk,orange,,Cantonese::Lessons
深,深,sam1,sām,dark (add before color),,Cantonese::Lessons
淺,浅,cin2,chín,light (add before color),,Cantonese::Lessons
揸車,揸车,zaa1 che1,jā chhē,to drive,,Cantonese::Lessons
開車,开车,hoi1 ce1,hōi chē,to start / drive a car,,Cantonese::Lessons
蔥油餅,葱油饼,chung1 yau4 beng2,chūng yàuh/yáu béng,Scallion Pancakes or Green Onion Pie,,Cantonese::Lessons
我冇....過....,我冇....过....,ngo5 mou5 + verb + gwo3 + sth,ngóh móuh + verb + gwo + sth,I have never .... before,,Cantonese::Lessons
買樓,买楼,maai5 lau2,máaih láu,buy property,,Cantonese::Lessons
介乎法國與旺角的詩意,介乎法国与旺角的诗意,gaai3 fu4 faat3 gwok3 jyu5 wong6 gok3 dik1 si1 ji3,gaai fùh faat gwok yúh wongh gok dīk sī yi,poetics – something between montparnasse and mongkok,,
失業抗爭歌,失业抗争歌,sat1 jip6 kong3 zang1 go1,sāt yihp kong jāng gō,Anthem of the Unemployment Resistance,,
今日我七點半起左新,今日我七点半起左新,gam1 jat6 ngo5 cat1 dim2 bun3 hei2 zo2 san1,gām yaht ngóh chāt dím bun héi jó sān,Today I woke up at 7:30am.,,Cantonese::Lessons
今日我冇食早餐,今日我冇食早餐,gam1 jat6 ngo5 mou5 sik6 zou2 caan1,gām yaht ngóh móuh sihk jóu chāan,Today I did not eat breakfast,,Cantonese::Lessons
今朝我飲咗綠茶,今朝我饮咗绿茶,gam1 ziu1 ngo5 jam2 zo2 luk6 caa4,gām jīu ngóh yám jó luhk chàh,This morning I drank green tea.,,Cantonese::Lessons
今朝我學左德文,今朝我学左德文,gam1 ciu4 ngo5 hok6 zo2 dak1 man4,gām chìuh ngóh hohk jó dāk mành,This morning I studied German.,,Cantonese::Lessons
今朝我上咗一堂德文課。,今朝我上咗一堂德文课。,gam1 ciu4 ngo5 soeng5 zo2 jat1 tong4 dak1 man4 fo3,gām chìuh ngóh séungh jó yāt tòngh dāk mành fo,This morning I had a German lesson.,,Cantonese::Lessons
我嘅德文已經幾好啦,我嘅德文已经几好啦,ngo5 ge3 dak1 man4 ji5 ging1 gei2 hou2 laa1,ngóh ge dāk mành yíh gīng géi hóu lā,My German is already pretty good.,,Cantonese::Lessons
今日我午餐食左拉麵,今日我午餐食左拉面,gam1 jat6 ngo5 ng5 caan1 sik6 zo2 laai1 min6,gām yaht ngóh ngh chāan sihk jó lāai minh,Today I ate ramen for lunch.,,Cantonese::Lessons
我開車去波士頓同朋友買個平啲嘅背囊,我开车去波士顿同朋友买个平啲嘅背囊,ngo5 hoi1 ce1 heoi3 bo1 si6 deon6 tung4 pang4 jau5 maai5 go3 ping4 di1 ge3 bui3 nong4,ngóh hōi chē heui bō sih deunh tùngh pàngh yáuh máaih go pìngh dī ge bui nòngh,I drove to Boston to buy a backpack from a friend for cheap.,,Cantonese::Lessons
今日晏晝我學左廣東話,今日晏昼我学左广东话,gam1 jat6 aan3 zau3 ngo5 hok6 zo2 gwong2 dung1 waa6,gām yaht aan jau ngóh hohk jó gwóng dūng wah,This afternoon I studied Cantonese,,Cantonese::Lessons
晚餐我食左牛肉同抱子甘藍,晚餐我食左牛肉同抱子甘蓝,maan5 caan1 ngo5 sik6 zo2 ngau4 juk6 tung4 pou5 zi2 gam1 laam4,máanh chāan ngóh sihk jó ngàuh yuhk tùngh póuh jí gām làamh,I ate beef and brussel sprouts for dinner,,Cantonese::Lessons
琴日我八點半起咗身,琴日我八点半起咗身,kam4 jat6 ngo5 baat3 dim2 bun3 hei2 zo2 san1,kàmh yaht ngóh baat dím bun héi jó sān,Yesterday I woke up at 8:30am.,,Cantonese::Lessons
琴日我食咗早餐飲咗咖啡同埋喺咖啡店學咗廣東話,琴日我食咗早餐饮咗咖啡同埋喺咖啡店学咗广东话,kam4 jat6 ngo5 sik6 zo2 zou2 caan1 jam2 zo2 gaa1 fe1 tung4 mai4 hai2 gaa1 fe1 dim3 hok6 zo2 gwong2 dung1 waa6,kàmh yaht ngóh sihk jó jóu chāan yám jó gā fē tùngh màih hái gā fē dim hohk jó gwóng dūng wah,"Yesterday I ate breakfast, drank coffee, and studied Cantonese at the cafe.",,Cantonese::Lessons
之後我同朋友食咗午餐,之后我同朋友食咗午餐,zi1 hau6 ngo5 tung4 pang4 jau5 sik6 zo2 ng5 caan1,jī hauh ngóh tùngh pàngh yáuh sihk jó ngh chāan,Then I had lunch with a friend.,,Cantonese::Lessons
聽日我會六點起身,听日我会六点起身,ting3 jat6 ngo5 wui2 luk6 dim2 hei2 san1,ting yaht ngóh wúi luhk dím héi sān,Tomorrow I will wake up at 6am.,,Cantonese::Lessons
喺七月十四號我會同我個教授同佢屋企人喺波士頓食點心,喺七月十四号我会同我个教授同佢屋企人喺波士顿食点心,hai2 cat1 jyut6 sap6 sei4 hou6 ngo5 wui2 tung4 ngo5 go3 gaau3 sau6 tung4 keoi5 nguk1 kei5 jan4 hai2 bo1 si6 deon6 sik6 dim2 sam1 。,hái chāt yuht sahp sèih houh ngóh wúi tùngh ngóh go gaau sauh tùngh kéuih ngūk kéih yành hái bō sih deunh sihk dím sām,On July 14th I will eat DimSum with my professor and his family in Boston.,,Cantonese::Lessons
聽日上昼十一點半食晏,听日上昼十一点半食晏,ting3 jat6 soeng6 zau3 sap6 jat1 dim2 bun3 sik6 ngaan3,ting yaht seungh jau sahp yāt dím bun sihk ngaan,I will eat lunch at 11:30am tomorrow.,,Cantonese::Lessons
你得閑嘅時候鍾意做乜嘢嘅愛好,你得闲嘅时候钟意做乜嘢嘅爱好,nei5 dak1 haan4 ge3 si4 hau6 zung1 yi3 zou6 mat1 ye5 ge3 oi3 hou3,néih dāk hàahn ge sìh hauh jūng yi jouh māt yéh ge oi hóu,What hobbies do you enjoy in your free time (literal:You free when like to do what hobbies?),,Cantonese Cantonese::Lessons
你得閒嘅時候鍾意做乜嘢嘅愛好,你得闲嘅时候钟意做乜嘢嘅爱好,nei5 dak1 haan4 ge3 si4 hau6 zung1 yi3 zou6 mat1 ye5 ge3 oi3 hou3?,néih dāk hàahn ge sìh hauh jūng yi jouh māt yéh ge oi hou?,"When you are free, what hobbies do you like to do?",,Cantonese::Lessons
"我得閒嘅時候, 鍾意同朋友玩同埋睇紀錄片","我得闲嘅时候, 钟意同朋友玩同埋睇纪录片","ngo5 dak1 haan4 ge3 si4 hau6, zung1 ji3 tung4 pang4 yau5 waan2 tung4 maai4 tai2 gei2 luk6 pin3*2","ngóh dāk hàahn ge sìh hauh, jūng yi tùhng pàhng yáuh wáan tùhng màaih tái géi luhk pin*2","When I am free, I like to hang out with friends and watch documentaries.",,Cantonese::Lessons
"我得閒嘅時候, 鍾意休息同埋飲茶","我得闲嘅时候, 钟意休息同埋饮茶","ngo5 dak1 haan4 ge3 si4 hau6 , zung1 ji3 jau1 sik1 tung4 maai4 jam2 caa4","ngóh dāk hàahn ge sìh hauh, jūng yi yāu sīk tùhng màaih yám chàh","When I am free, I like to rest and drink tea.",,Cantonese::Lessons
"我得閒嘅时候, 锺意踩單車同埋彈結他","我得闲嘅时候, 锺意踩单车同埋弹结他","ngo5 dak1 haan4 ge3 时 hau6 , zung1 ji3 caai2 daan1 ce1 tung4 maai4 taan4 git3 taa1","ngóh dāk hàanh ge 时 hauh , jūng yi cháai dāan chē tùngh màaih tàanh git tā","When I am free, I like to ride my bike and play guitar",,Cantonese::Lessons
你對你嘅愛好有興趣幾耐啦？,你对你嘅爱好有兴趣几耐啦？,nei5 deoi3 nei5 ge3 oi3 hou2 jau5 hing1 ceoi3 gei2 noi6 laa1?,néih deui néih ge ngoi hóu yáuh hing cheui géi noih lā ?,How long have you been interested in your hobby?,,Cantonese Cantonese::Lessons
我對人類學有興趣六年,我对人類學有兴趣六年,ngo5 deoi3 jan4 leoi6 hok6 yau5 hing3 ceoi3 luk6 nin4,ngóh deui yành leuih hohk yáuh hing cheui luhk nình,I have been interested in Anthropology for six years.,,Cantonese::Lessons
我對踩單車同埋行山有興趣多年,我对踩单车同埋行山有兴趣多年,ngo5 deoi3 caai2 daan1 ce1 tung4 maai4 haang4 saan1 yau5 hing3 ceoi3 do1 nin4,ngóh deui cháai dāan chē tùhng màaih hàahng sāan yáuh hing cheui dō nìhn,I have been interested in bike riding and hiking for many years.,,Cantonese::Lessons
我對花園有興趣二十一年,我对花园有兴趣二十一年,ngo5 deoi3 fat1 yun2 yau5 hing3 ceoi3 ji6 sap6 jat1 nin4,ngóh deui fā yún yáuh hing cheui yih sahp yāt nìhn,I’ve been interested in gardening for 21 years.,,Cantonese::Lessons
我對義工有興趣兩年,我对义工有兴趣两年,ngo5 deoi3 ji6 gung1 yau5 hing3 ceoi3 loeng5 nin4,ngóh deui yih gūng yaúh hing cheui leúhng nìhn,I have been interested in volunteer work for two years.,,Cantonese::Lessons
係我嘅兴趣之一,系我嘅兴趣之一,hai6 ngo5 ge3 兴 ceoi3 zi1 jat1,haih ngóh ge 兴 cheui jī yāt,....is one of my interests,,Cantonese::Lessons
佛教係我嘅興趣之一,佛教系我嘅兴趣之一,fat6 gaau3 hai6 ngo5 ge3 hing3 ceoi3 zi1 yat1,faht gaau haih ngóh ge hing cheui jī yāt,Buddhism is one of my interests,,Cantonese Cantonese::Lessons
人類學係我嘅興趣之一,人类学系我嘅兴趣之一,jan4 leoi6 hok6 hai6 ngo5 ge3 hing3 ceoi3 zi1 yat1,yàhn leuih hohk haih ngóh ge hing cheui jī yāt,Anthropology is one of my interests,,Cantonese Cantonese::Lessons
詩歌係我嘅興趣之一,诗歌系我嘅兴趣之一,si1 go1 hai6 ngo5 ge3 hing3 ceoi3 zi1 yat1,sī gō haih ngóh ge hing cheui jī yāt,Poetry is one of my interests,,Cantonese::Lessons
你中唔中意你嘅城市啊？點解？,你中唔中意你嘅城市啊？点解？,nei5 zung1 m4 zung1 ji3 nei5 ge3 sing4 si5 aa1 ？dim2 gaai2 ？,néih jūng m̀h jūng yi néih ge sìhng síh ā？dím gáai？,Do you like your city? Why?,,Cantonese::Lessons
我鍾意我嘅城市，因爲呢度好方便。,我钟意我嘅城市，因为呢度好方便。,"ngo5 zung1 ji3 ngo5 ge3 sing4 si5, jan1 wai6 ni1 dou6 hou2 fong1 bin6.","ngóh jūng yi ngóh ge sìhng síh, yān waih nī douh hóu fōng bihn",I like my city because it's very convenient here.,,Cantonese::Lessons
我鍾意呢度，因爲呢度啲人好好。,我钟意呢度，因为呢度啲人好好。,"ngo5 zung1 ji3 ni1 dou6, jan1 wai6 ni1 dou6 di1 jan4 hou2 hou2",ngóh jūng yi nī douh]，yān waih nī douh dī yàhn hóu hóu,I like it here because the people are nice.,,Cantonese::Lessons
因爲,因为,jan1 wai6,yān waih,Because,,Cantonese::Lessons
所以,所以,so2 ji5,só yíh,therefore,,Cantonese::Adverbs Cantonese::Lessons
我好鍾意讀書,我好钟意读书,ngo5 hou2 zung1 yi3 duk6 syu1.,ngóh hóu jūng yi duhk syū,"I really enjoy
reading",,Cantonese::Lessons
得閒嘅時候，我會聽音樂放鬆嚇,得闲嘅时候，我会听音乐放松吓,dak1 haan4 ge3 si4 hau6 ，ngo5 wui2 ting3 jam1 lok6 fong3 sung1 haak3,dāk hàahn ge sìh hauh，ngóh wúi tīng yām ngohk fong sūng haak,"In my free time, I
listen to music to relax",,Cantonese::Lessons
你鍾意睇咩類型嘅電影？,你钟意睇咩类型嘅电影？,nei5 zung1 ji3 tai2 me1 leoi6 ying4 ge3 din6 ying2 ？,néih jūng yi tái mē leuih yìhng ge dihn yíng？,"What type of movies
do you like to watch?",,Cantonese::Lessons
畫畫系我嘅興趣之一,画画系我嘅兴趣之一,waa2 waa2 hai6 ngo5 ge3 hing1 ceoi3 zi1 jat1,waahk wá haih ngóh ge hing cheui jī yāt,Drawing is one of my interests,,Cantonese::Lessons
我鍾意寫小說,我钟意写小说,ngo5 zung1 ji3 se2 siu2 syut3,ngóh jūng yi sé síu syut,I enjoy writing novels,,Cantonese::Lessons
我鍾意四圍去旅行,我钟意四围去旅行,ngo5 zung1 yi3 sei3 wai4 heoi3 leoi5 hang4,ngóh jūng yi sei wàih heui léuih hàhng,"I love traveling
around",,Cantonese::Lessons
做運動對身體好有益,做运动对身体好有益,zou6 wan6 dung6 deoi3 san1 tai2 hou2 jau5 jik1,jouh wahn duhng deui sān tái hóu yáuh yīk,"Doing sports is very
beneficial for the body",,Cantonese::Lessons
我鍾意煮新嘅菜式,我钟意煮新嘅菜式,ngo5 zung1 yi3 zyu2 san1 ge3 coi3 sik1,ngóh jūng yi jyú sān ge choi sīk,"I enjoy cooking new
dishes",,Cantonese::Lessons
"我得閒嘅時候, 鍾意睇書同埋聽音樂","我得闲嘅时候, 钟意睇书同埋听音乐","ngo5 dak1 haan4 ge3 si4 hau6 , zung1 ji3 tai2 syu1 tung4 maai4 ting3 jam1 lok6","ngóh dāk hàahn ge sìh hauh, jūng yi tái syū tùhng màaih tīng yām ngohk","when I’m free , I enjoy reading and listening to music",,Cantonese::Lessons
得閒嘅時候,得闲嘅时候,dak1 haan4 ge3 si4 hau6,dāk hàah ge sìh hauh,In one's free time,,Cantonese::Lessons
你對你嘅愛好有興趣幾耐啦 ?,你对你嘅爱好有兴趣几耐啦,nei5 deoi3 nei5 ge3 ngoi3 hou2 jau5 hing1 ceoi3 gei2 noi6 laa1 ?,néih deui néih ge oi hóu yáuh hing cheui géi noih lā ?,How long have you been interested in your hobbies?,,Cantonese::Lessons
對,对,deoi3,deui,about / regarding,,Cantonese::Lessons
興趣,兴趣,hing3 ceoi3,hing cheui,interest,,Cantonese::Lessons
我對畫畫有興趣五年,我对画画有兴趣五年,ngo5 deoi3 waa2 waa2 jau5 hing1 ceoi3 ng5 nin4,ngóh deui waahk wá yáuh hing cheui ńgh nìhn,I've been interested in drawing for five years,,Cantonese::Lessons
感興趣,感兴趣,gam2 hing3 ceoi3,gám hing cheui,Interested,,Cantonese::Lessons
我對音樂感興趣,我对音乐感兴趣,ngo5 deoi3 jam1 lok6 gam2 hing1 ceoi3,ngóh deui yām ngohk gám hing cheui,I am very interested in music,,Cantonese::Lessons
我從細個開始就喜歡音樂,我从细个开始就喜欢音乐,ngo5 cung4 sai3 go3 hoi1 ci2 zau6 hei2 fun1 jam1 lok6,ngóh chùhng sai go hōi chí jauh héi fūn yām ngohk,"I since young start to
like music",,Cantonese::Lessons
你鍾意室內定係戶外嘅活動,你锺意室内定系户外嘅活动,nei5 zung1 ji3 sat1 noi6 ding6 hai6 wu6 ngoi6 ge3 wut6 dung6,néih jūng yi sāt noih dihng haih wuh ngoih ge wuht duhng,Do you prefer indoor or outdoor hobbies?,,Cantonese::Lessons
我鍾意戶外嘅活動，例如行山同跑步,我钟意户外嘅活动，例如行山同跑步,ngo5 zung1 ji3 wu6 ngoi6 ge3 wut6 dung6 ，lai6 jyu4 hang4 saan1 tung4 paau2 bou6,"ngóh jūng yi wuh ngoih ge wuht duhng, laih yùh hàahng sāan tùhng páau bouh","I prefer outdoor activities, like hiking
and running",,Cantonese::Lessons
比如,比如,bei2 yu4,béi yùh,for example,,Cantonese::Lessons
未來有乜嘢新嘅愛好你想試嚇 ?,未来有乜嘢新嘅爱好你想试吓 ?,mei6 loi4 jau5 mat1 je5 san1 ge3 ngoi3 hou2 nei5 soeng2 si3 haak3 ?,meih lòih yáuh māt yéh sān ge oi hóu néih séung si haak ?,"Are there any new hobbies you would like to try in the
future (literal: future have what new hobbies you want to try) ?",,Cantonese::Lessons
踢波,踢波,tek3 bo1,tek bō,to play soccer,,Cantonese::Lessons
潛水,潜水,cim4 seoi2,chìhm séui,Diving,,Cantonese::Lessons
數學,数学,sou3 hok6,sou hohk,Math,,Cantonese::Lessons
我想試嚇學打網球,我想试吓学打网球,ngo5 soeng2 si3 haa5 hok6 daa2 mong5 kau4,ngóh séung si haak hohk dá móhng kàuh,I want to try learning tennis,,Cantonese::Lessons
有冇啲以前鍾意嘅愛好而家唔再鍾意 ?,有冇啲以前钟意嘅爱好而家唔再钟意,yau5 mou5 di1 yi5 cin4 zung1 yi3 ge3 oi3 hou3 yi4 gaa1 m4 zoi3 zung1 yi3 ?,yáuh móuh dī yíh chìhn jūng yi ge oi hóu yìh gā m̀h joi jūng yi ?,Are there any hobbies you used to enjoy but don't anymore? (literal: have not have some before like hobbies now not anymore like?),,Cantonese::Lessons
早唞,早唞,zou2 tau2,jóu táu,Goodnight,,Cantonese::Phrase
你叫咩名,你叫咩名,nei5 giu3 me1 meng2?,néih giu mē méng?,What is your name? (casual),,Cantonese::Phrase
點稱呼？,点称呼？,dim2 cing1 fu1?,dím chīng fū?,What is your name? (formal),,Cantonese::Phrase
好耐冇見,好耐冇见,hou2 noi6 mou5 gin3,hóu noih móuh gin,Long time no see,,Cantonese::Phrase
喂！好耐冇見。得閒飲茶。,喂！好耐冇见。得闲饮茶。,wai! hou2 noi6 mou5 gin3. dak1 haan4 jam2 caa4.,wai! hóu noih móuh gin. dāk hàahn yám chàh.,"Hey, long time no see. Let's get together and have a drink.",,Cantonese::Phrase
你最近點呀？,你最近点呀？,nei5 zeoi3 gan6 dim2 aa3,néih jeui gahn dím a,How have you been lately?,,Cantonese::Phrase
好耐冇見。你最近點呀？,好耐冇见。你最近点呀？,hou2 noi6 mou5 gin3. nei5 zeoi3 gan6 dim2 aa3?,hóu noih móuh gin. néih jeui gahn dím a?,"Hey, long time no see. How have you been lately?",,Cantonese::Phrase
唔該坐低,唔该坐低,m4 goi1 co5 dai1,m̀h gōi chóh dāi,Please sit down,,Cantonese::Phrase
唔該，我想問路。,唔该，我想问路。,"m4 goi1, ngo5 soeng2 man6 lou6","m̀h gōi, ngóh seúng mahn louh",Excuse me. I want to ask for directions.,,Cantonese::Phrase
唔好意思,唔好意思,m4 hou2 ji3 si1,m̀h hóu yi sī,I am sorry (for causing trouble),,Cantonese::Phrase
而家幾點？,而家几点？,ji4 gaa1 gei2 dim2?,yìh gā géi dím?,What time is it?,,Cantonese::Phrase
...喺邊呀？,...喺边呀？,...hai2 bin1 aa3?,...hái bīn a?,Where is the (location)?,,Cantonese::Phrase
洗手間喺邊呀？,洗手间喺边呀？,sai2 sau2 gaan1 hai2 bin1 aa3?,sái sáu gāan hái bīn a?,Where is the bathroom?,,Cantonese::Phrase
即係點呀？,即系点呀？,zik1 hai6 dim2 aa3,jīk haih dím a,What do you mean?,,Cantonese::Phrase
幾多錢呀？,几多钱呀？,gei2 do1 cin2 aa3?,géi dō chín a,How much is it?,,Cantonese::Phrase
幾錢呀？,几钱呀？,gei2 cin2 aa3?,géi chín a,How much is it?,,Cantonese::Phrase
埋單，唔該。,埋单，唔该。,"maai4 daan1, m4 goi1","màaih dāan, m̀h gōi","Check, please.",,Cantonese::Phrase
鼠,鼠,syu2,syú,rat,,Cantonese::Animals Cantonese::Chinese-Zodiac
牛,牛,ngau4,ngàuh,the Ox,,Cantonese::Animals Cantonese::Chinese-Zodiac
虎,虎,fu2,fú,Tiger,,Cantonese::Animals Cantonese::Chinese-Zodiac
兔,兔,tou3,tou,rabbit,,Cantonese::Animals Cantonese::Chinese-Zodiac
龍,龙,lung4,lùhng,dragon,,Cantonese::Animals Cantonese::Chinese-Zodiac
馬,马,maa5,máh,horse,,Cantonese::Animals Cantonese::Chinese-Zodiac
羊,羊,joeng4,yeùhng,goat,,Cantonese::Animals Cantonese::Chinese-Zodiac
猴,猴,hau4,hàuh,monkey,,Cantonese::Animals Cantonese::Chinese-Zodiac
雞,鸡,gai1,gāi,chicken / rooster,,Cantonese::Animals Cantonese::Chinese-Zodiac
豬,猪,zyu1,jyū,the pig,,Cantonese::Animals Cantonese::Chinese-Zodiac
我喺香港,我喺香港,ngo5 hai2 hoeng1 gong2,ngóh hái heūng góng,I'm in Hong Kong,,Cantonese::Verbs
我唔係女人,我唔系女人,ngo5 m4 hai6 neoi5 jan4,ngóh m̀h haih néuih yàhn,I am not a woman,,Cantonese::Verbs
我有一隻貓,我有一只猫,ngo5 jau5 jat1 zek3 maau1,ngóh yáuh yāt jek māau,I have one cat,,Cantonese::Verbs
我冇錢,我冇钱,ngo5 mou5 cin2,ngóh móuh chín,I don't have money,,Cantonese::Verbs
我去夏威夷,我去夏威夷,ngo5 heoi3 haa6-wai1-ji4,ngóh heoi hah-wāi-yìh,I (will) go to Hawaii,,Cantonese::Verbs
你嚟啦,你嚟啦,nei5 lei4 laa1,néih lèih lā,(You) come over here,,Cantonese::Verbs
可以,可以,ho2 ji3,hó yi,to be able to / can / may,,Cantonese::Verbs
我可以彈琴,我可以弹琴,ngo5 ho2 ji3 taan4 kam4,ngóh hó yi tàahn kàhm,I can play piano,,Cantonese::Verbs
要,要,jiu3,yiu,want,need,Cantonese::Verbs
我要食飯,我要食饭,ngo5 jiu3 sik6 faan6,ngóh yiu sihk faahn,I need to eat (rice/food),,Cantonese::Verbs
我 要食嘢,我 要食嘢,ngo5 jiu3 sik6 ye5,ngóh yiu sihk yéh,I need to eat something,,Cantonese::Verbs
想,想,soeng2,seúng,want to,would like to,Cantonese::Verbs
我想飲咖啡,我想饮咖啡,ngo5 soeng2 jam2 gaa3 fe1,ngóh seúng yám ga fē,I want to drink coffee,,Cantonese::Verbs
我整鞋,我整鞋,ngo5 zing2 haai4,ngóh jíng hàaih,I make shoes,,Cantonese::Verbs
做功課,做功课,zou6 gung1 fo3,jouh gūng fo,to do homework,,Cantonese::Verbs
我食包,我食包,ngo5 sik6 baau1,ngóh sihk bāau,I eat a bun / bread,,Cantonese::Verbs
我飲水,我饮水,ngo5 jam2 seoi2,ngóh yám séui,I drink water,,Cantonese::Verbs
我鍾意你呀,我钟意你呀,ngo5 zung1 ji3 nei5 aa3,ngóh jūng yi néih a,I like you,,Cantonese::Verbs
我學廣東話,我学广东话,ngo5 hok6 gwong2 dung1 waa2,ngóh hohk gwóng dūng wá,I learn Cantonese,,Cantonese::Verbs
我問問題,我问问题,ngo5 man6 man6 tai4,ngóh mahn mahn tàih,I ask a question,,Cantonese::Verbs
講,讲,gong2,góng,to say,speak,Cantonese::Verbs
我講廣東話,我讲广东话,ngo5 gong2 gwong2 dung1 waa2,ngóh góng gwóng dūng wá,I speak Cantonese,,Cantonese::Verbs
我聽音樂,我听音乐,ngo5 teng1 jam1 ngok6,ngóh tēng yām ngohk,I listen to the music,,Cantonese::Verbs
我諗我遲到,我谂我迟到,ngo5 lam2 ngo5 ci4 dou3,ngóh lám ngóh chìh dou,I think I'm late,,Cantonese::Verbs
知道,知道,zi1 dou3,jī dou,to know,,Cantonese::Verbs
我知道你呃我,我知道你呃我,ngo5 zi1 dou3 nei5 ngak1 ngo5,ngóh jī dou néih ngāk ngóh,I know you lied to me,,Cantonese::Verbs
我識廣東話,我识广东话,ngo5 sik1 gwong2 dung1 waa6,ngóh sīk gwóng dūng wah,I know Cantonese,,Cantonese::Verbs
一件衫,一件衫,jat1 gin6 saam1,yāt gihn sāam,one shirt,,Cantonese::BobaBreak
啱,啱,ngaam1,ngāam,1. correct 2. suitable 3. happen to,,Cantonese::BobaBreak
服裝,服装,fuk6 zong1,fuhk jōng,clothing,,Cantonese::BobaBreak
服裝店,服装店,fuk6 zong1 dim3,fuhk jōng dim,boutique,,Cantonese::BobaBreak
特價,特价,dak6 gaa3,dahk ga,on sale,,Cantonese::BobaBreak
打折,打折,daa2 zit3,dá jit,discount,,Cantonese::BobaBreak
大道,大道,daai6 dou6,daaih douh,avenue,,Cantonese::BobaBreak
附近,附近,fu6 gan6,fuh gahn,nearby,in the vicinity,Cantonese::BobaBreak
原價,原价,jyun4 gaa3,yùhn ga,original price,,Cantonese::BobaBreak
抵,抵,dai2,dái,affordable,good deal,Cantonese::BobaBreak
有時,有时,jau5 si4,jáu sìh,sometimes,,Cantonese::Adverbs Cantonese::BobaBreak
出街,出街,ceot1 gaai1,cheūt gāai,to go out,,Cantonese::BobaBreak
叉電,叉电,caa1 din6,chā dihn,to recharge,,Cantonese::BobaBreak
等於,等于,dang2 jyu1,dáng yū,equal to,,Cantonese::BobaBreak
力,力,lik6,lihk,strength,energy,Cantonese::BobaBreak
聽落,听落,teng1 lok6,tēng lohk,sounds like,,Cantonese::BobaBreak
辛苦,辛苦,san1 fu2,sān fú,laborious,,Cantonese::BobaBreak
鬱,郁,juk1,yūk,to move,,Cantonese::BobaBreak
茶水間,茶水间,caa4 seoi2 gaan1,chàh séui gāan,to have time,,Cantonese::BobaBreak
珍珠奶茶,珍珠奶茶,zan1 zyu1 naai5 caa4,jān jyū náaih chàh,Bubble tea,,Cantonese::BobaBreak
一定,一定,jat1 ding6,yāt dihng,must,,Cantonese::BobaBreak
喝膠樽裝飲品,喝胶樽装饮品,hot3 gaau1 zeon1 zon1 jam2 ban2,hot gāau jēun jōn yám bán,to drink from a plastic bottle,,Food
淡水,淡水,taam5 seoi2,táahm séui,fresh water,,Food
華盛頓特區,华盛顿特区,waa4 sing6 deon6 dak6 keoi1,wàh sihng deuhn dahk kēui,Washington DC,,Cantonese::Cities Cantonese::Lessons
紐約,纽约,nau2 yoek3,náu yoek,New York,,Cantonese::Cities Cantonese::Lessons
波士頓,波士顿,bo1 si6 deon6,bō sih deuhn,Boston,,Cantonese::Cities Cantonese::Lessons
洛杉磯,洛杉矶,lok6 caam3 gei1,lohk chaam gēi,Los Angeles,,Cantonese::Cities Cantonese::Lessons
溫哥華,温哥华,wan1 go1 waa4,wān gō wàh,Vancouver,,Cantonese::Cities Cantonese::Lessons
三藩市,三藩市,saam1 faan4 si5,sāam fàahn síh,San Francisco,,Cantonese::Cities Cantonese::Lessons
多倫多,多伦多,do1 leon4 do1,dō leùhn dō,Toronto,,Cantonese::Cities Cantonese::Lessons
紀念碑,纪念碑,gei2 nim6 bei1,géi nihm bēi,monument,,Cantonese::Lessons
前日早餐我食咗多士配牛油同藍莓果醬。,前日早餐我食咗多士配牛油同蓝莓果酱。,cin4 jat6 zou2 caan1 ngo5 sik6 zo2 do1 si2 pui3 ngau4 jau4 tung4 laam4 mui2 gwo2 zoeng3。,chình yaht jóu chāan ngóh sihk jó dō sí pui ngàuh yàuh tùngh làamh múi gwó jeung,Two days ago for breakfast I had toast with butter and blueberry jam.,,Cantonese::Lessons Cantonese::Phrase
午 安,午 安,ng5 on1,ńgh ōn,Good afternoon,,Cantonese::Lessons Cantonese::Phrase
我 好 好,我 好 好,ngo5 hou2 hou2,ngóh hóu hóu,How are you?,,Cantonese::Lessons Cantonese::Phrase
遲啲見,迟啲见,ci4 di1 gin3,chìh di gīn,See you later!,,Cantonese::Lessons Cantonese::Phrase
祝 你 好 運！,祝 你 好 运！,zuk1 nei5 hou2 wan6 ！,jūk néih hóu wahn,Good luck!,,Cantonese::Lessons Cantonese::Phrase
歡 迎 光 臨 我 哋 餐 廳,欢 迎 光 临 我 哋 餐 厅,fun1 ying4 gwong1 lam4 ngo5 dei6 chaan1 teng1,fūn yìhng gwōng làhm ngóh deih chhāan tēng,Welcome to our restaurant,,Cantonese::Lessons Cantonese::Phrase
請 先 坐 低,请 先 坐 低,ching2 sin1 cho5 dai1,chhíng sīn chhóh dāi,Please have a seat,,Cantonese::Lessons Cantonese::Phrase
請 坐 喺 呢 度,请 坐 喺 呢 度,ching2 cho5 hai2 ni1 dou6。,chhíng chhóh hái nī douh。,Please sit here,,Cantonese::Lessons Cantonese::Phrase
請 入 嚟,请 入 嚟,ceng2 jap6 lai4,chéng yahp làih,Please come in,,Cantonese::Lessons Cantonese::Phrase
唔 該 ，我 可 唔 可 以 要 個 英 文 餐 牌？,唔 该 ，我 可 唔 可 以 要 个 英 文 餐 牌？,m4 goi1， ngo5 ho2 m4 ho2 yi5 yiu3 go3 ying1 man4 chaan1 paai2？,m̀h gōi， ngóh hó m̀h hó yíh yiu go yīng màhn chhāan páai？,"Can I have a menu in English, please?",,Cantonese::Lessons Cantonese::Phrase
當 然 可 以 ，呢 度,当 然 可 以 ，呢 度,"dong1 yin4 ho2 yi5, ni1 hou6","dōng yìhn hó yíh, nī houh","Sure, here it is",,Cantonese::Lessons Cantonese::Phrase
當 然 可 以,当 然 可 以,dong1 yin4 ho2 yi5,dōng yìhn hó yíh,Sure,,Cantonese::Lessons Cantonese::Phrase
好 ，請 等 等,好 ，请 等 等,hou2， ching2 dang2 dang2,hóu， chhíng dáng dáng,"Sure, please wait a moment",,Cantonese::Lessons Cantonese::Phrase
請 問 要 啲 咩,请 问 要 啲 咩,cing2 man6 yiu3 di1 me1,chíng mahn yiu dī mē,What would you like to order?,,Cantonese::Lessons Cantonese::Phrase
我 仲 未 知,我 仲 未 知,ngo5 zung6 mei6 zi1,ngóh juhng meih jī,I don't know yet,,Cantonese::Lessons Cantonese::Phrase
我 推 介 番 茄 湯,我 推 介 番 茄 汤,ngo5 teoi1 gaai3 faan1 ke2 tong1,ngóh tēui gaai fāan ké tōng,I recommend the tomato soup,,Cantonese::Lessons Cantonese::Phrase
你 想 飲 咩,你 想 饮 咩,nei5 seung2 yam2 me1？,néih seúng yám mē？,What would you like to drink,,Cantonese::Lessons Cantonese::Phrase
你 飲 唔 飲 酒？,你 饮 唔 饮 酒？,nei5 yam2 m4 yam2 jau2？,néih yám m̀h yám yáu？,Do you drink alcohol?,,Cantonese::Lessons Cantonese::Phrase
你 想 唔 想 要 啲 水,你 想 唔 想 要 啲 水,nei5 seung2 m4 seung2 yiu5 di1 seui2？,néih seúng m̀h seúng yiúh,Would you like some water?,,Cantonese::Lessons Cantonese::Phrase
我 想 要 一 杯 綠 茶,我 想 要 一 杯 绿 茶,ngo5 seung2 yiu3 yat1 bui1 luk6 cha4,ngóh séung yiu yāt būi luhk chhàh,I would like to drink a cup of green tea,,Cantonese::Lessons Cantonese::Phrase
熱 定 凍,热 定 冻,yit6 ding6 dung3,yiht dihng dung,hot or cold?,,Cantonese::Lessons Cantonese::Phrase
熱 嘅 綠 茶 ，唔 該,热 嘅 绿 茶 ，唔 该,"jit6 ge3 luk6 ca4, m4 goi1","yiht ge luhk chàh, m̀h gōi","Hot green tea, please.",,Cantonese::Lessons Cantonese::Phrase
你 想 唔 想 要 甜 品,你 想 唔 想 要 甜 品,nei5 seung2 m4 seung2 yiu3 tim4 ban2,néih seúng m̀h seúng yiu tìhm bán,Would you like dessert?,,Cantonese::Lessons Cantonese::Phrase
今 日 係 星 期 幾,今 日 系 星 期 几,gam1 yat6 hai6 sing1 kei4 gei2,gām yaht haih sīng kèih géi,What day is it today?,,Cantonese::Lessons Cantonese::Phrase
今日星期日,今日星期日,gam1 yat6 sing1 kei4 yat6,gām yaht sīng kèih yaht,Today is Sunday,,Cantonese::Lessons Cantonese::Phrase
你 今 日 下 晝 有 咩 做,你 今 日 下 昼 有 咩 做,nei5 gam1 jat6 ha6 zau3 jau5 me1 zou6,néih gām yaht hah jau yáuh mē jouh,What did you do this afternoon?,,Cantonese::Lessons Cantonese::Phrase
我 打 籃 球,我 打 篮 球,ngo5 da2 laam4 kau4,ngóh dá làahm kàuh,I play basketball,,Cantonese::Lessons Cantonese::Phrase
我 去 郵 局 寄 明 信 片,我 去 邮 局 寄 明 信 片,ngo5 heui3 yau4 guk2 gei3 ming4 seun3 pin2,ngóh heui yàuh gúk gei mìhng seun pín,I go to the post office to send postcards,,Cantonese::Lessons Cantonese::Phrase
我 去 咖 啡 店 買 咖 啡,我 去 咖 啡 店 买 咖 啡,ngo5 heoi3 gaa3 fe1 dim3 maai5 gaa3 fe1,góh heui ga fē dim máaih ga fē,I buy a cup of coffee at the coffee shop,,Cantonese::Lessons Cantonese::Phrase
我 去 學 校,我 去 学 校,ngo5 heui3 hok6 haau6,ngóh heui hohk haauh,I go to school,,Cantonese::Lessons Cantonese::Phrase
你通常星期日有咩做？,你通常星期日有咩做？,nei5 tung1 seung4 sing1 kei4 yat6 yau5 me1 zou6？,néih tūng seùhng sīng kèih yaht yáuh mē jouh？,What do you usually do on Sunday?,,Cantonese::Lessons Cantonese::Phrase
我 學 法 文,我 学 法 文,ngo5 hok6 faat3 man2,ngóh hohk faat mán,I learn French,,Cantonese::Lessons Cantonese::Phrase
星 期 日 我 通 常 去 學 中 文,星 期 日 我 通 常 去 学 中 文,sing1 kei4 yat6 ngo5 tung1 seung4 heui3 zung1 man2,sīng kèih yaht ngóh tūng seùhng heui jūng mán,"On Sunday, I usually learn Chinese",,Cantonese::Lessons Cantonese::Phrase
星期五我通常都去咖啡店,星期五我通常都去咖啡店,sing1 kei4 ng5，ngo5 tung1 soeng4 dou1 heoi3 gaa3 fe1 dim3,sīng kèih ńgh ngóh tūng sèuhng dōu heui ga fē dim,"On Fridays, I usually go to the coffee shop",,Cantonese::Lessons Cantonese::Phrase
星期四下晝我通常同朋友約會,星期四下昼我通常同朋友约会,sing1 kei4 sei3 haa6 zau3 ngo5 tung1 soeng4 tung4 pang4 jau5 joek3 wui2,sīng kèih sei hah jau ngóh tūng sèuhng tùhng pàhng yáuh yeuk wuih,"On Thursday afternoons, I usually hang out with my friends",,Cantonese::Lessons Cantonese::Phrase
我會去博物館,我会去博物馆,ngo5 wui2 heoi3 bok3 mat6 gun2,ngóh wúih heui bok maht gún,I will go to the museum,,Cantonese::Lessons Cantonese::Phrase
我 會 留 喺 屋 企,我 会 留 喺 屋 企,ngo5 wui6 lau4 hai2 uk1 kei2,ngóh wúih làuh hái ūk kéih,I will stay at home,,Cantonese::Lessons Cantonese::Phrase
我會去藥房買維他命畀我爸爸,我会去药房买维他命畀我爸爸,ngo5 wui2 heoi3 joek6 fong4 maai5 wai4 taa1 ming6 bei2 ngo5 baa1 baa1,ngóh wúih heui yeuhk fòhng máaih wàih tā mihng béi ngóh bàh bā,I will buy vitamins at the pharmacy for my father,,Cantonese::Lessons Cantonese::Phrase
我 會 請 你 食 晚 餐,我 会 请 你 食 晚 餐,ngo5 wui2 cing2 nei5 sik6 maan5 caan1,ngóh wúi chéng néih sihk máahn chāan,I will take you out for dinner,,Cantonese::Lessons Cantonese::Phrase
你會做咩,你会做咩,nei5 wui2 zou6 me1,néih wúi jouh mē,What will you do?,,Cantonese::Lessons Cantonese::Phrase
可能嘅話我會返屋企,可能嘅话我会返屋企,ho2 nang4 ge3 waa6 ngo5 wui5 faan1 uk1 kei5,hó nàhng ge wah ngóh wúih fāan ūk kéi,"If possible, I will go home",,Cantonese::Lessons Cantonese::Phrase
而家幾點,而家几点,yi4 ga1 gei2 dim2,yìh gā géi dím,What time is it now?,,Cantonese::Lessons Cantonese::Phrase
朝早九點九,朝早九点九,ziu1 zou2 gau2 dim2 gau2,zīu zóu gáu dím gáu,It is 9:45am,,Cantonese::Lessons Cantonese::Phrase
而家朝早七點,而家朝早七点,yi4 ga1 ziu1 zou2 cat1 dim2,yìh gā zīu zóu chāt dím,It is 7am,,Cantonese::Lessons Cantonese::Phrase
而家係夜晚七點,而家系夜晚七点,yi4 gaa1 hai6 ye6 maan5 cat1 dim2,yìh gā haih yeh máahn cāt dím,Right now it is 7pm,,Cantonese::Lessons Cantonese::Phrase
而家係下晝四點二十二分,而家系下昼四点二十二分,ji4 gaa1 hai6 haa6 zau3 sei3 dim2 ji6 sap6 ji6 dim2,yìh gā haih hah jau sei dím yih sahp yih fān,Right now it is 4:22pm,,Cantonese::Lessons Cantonese::Phrase
而家係朝早七點三十七分,而家系朝早七点三十七分,ji4 gaa1 hai6 ziu1 zou2 cat1 dim2 saam1 sap6 cat1 fan1,yìh gā haih jīu jóu chāt dím sāam sahp chāt fān,Now it is 7:37am,,Cantonese::Lessons Cantonese::Phrase
而家係凌晨十二點零二分,而家系凌晨十二点零二分,yi4 gaa1 hai6 ling4 san4 sap6 yi6 dim2 ling4 yi6 fan1,yìh gā haih lìhng sàhn sahp yih dím lìhng yih fān,It is now 12:02am,,Cantonese::Lessons Cantonese::Phrase
鳳爪,凤爪,fung6 zaau2,fuhng záau,Chicken Feet,,Food
蝦餃,虾饺,haa1 gaau2,hā gáau,shrimp dumplings,,Food
甜酸排骨,甜酸排骨,tim4 syun1 paai4 gwat1,tìhm syūn pàaih gwāt,Sweet and Sour Pork Spare Ribs,,Food
腸粉,肠粉,coeng4 fan2,chèuhng fán,rice noodle roll,cheung fun,Food
叉燒包,叉烧包,caa1 siu1 baau1,chā sīu bāau,BBQ pork bun (dim sum),,Food
介,介,gaai3,gāai,to introduce,,
乎,乎,fu4,fùh,in,,
介乎,介乎,gaai3 fu4,gāai fùh,to lie in-between,,
法,法,faat3,fāat,"French, France",,
法國,法国,faat3 gwok3,fāat gwōk,France,,
與,与,yu5,yúh,to participate in,,
旺,旺,wong6,wohng,popular and busy,,
角,角,gok3,gōk,Role,,
旺角,旺角,wong6 gok3,wohng gōk,Mong Kok (area in Hong Kong),,
的,的,dik1,dik,of,,
詩,诗,si3,sī,poetic,,
意,意,ji3,jī,idea,,
詩意,诗意,si3 ji3,sī jī,poetry,,
介乎法國與旺角的詩意,介乎法国与旺角的诗意,gaai3 fu4 faat3 gwok3 jyu5 wong6 gok3 dik1 si1 ji3,gaai fùh faat gwok yúh wohng gok dīk sī yi,Something Between Montparnasse and Mongkok,,
再,再,zoi3,zoi,again,,Cantonese::Adverbs
約,约,yoek3,yoek,to weigh in a balance or on a scale,,
多,多,do1,dō,many,,
畀,畀,bei2,bei,allow,,
畀我再約多你一次,畀我再约多你一次,bei2 ngo5 zoi3 yoek3 do1 nei5 jat1 ci3,béi ngóh joi yoek dō néih yāt chi,Let me make one more date with you,,
次,次,ci3,chi,next in sequence,,
這,这,ze2,jé,this,,
件,件,gin6,gihn,mail,,
事,事,si6,sih,issue,,
回,回,wui4,wuìh,to curve,,Cantonese::Verbs
到,到,dou3,dou,to reach,,
公,公,gung1,gūng,grandfather (mothers father),,
司,司,si1,sī,to take charge of,,
不,不,bat1,bāt,(negative prefix),,
會,会,wui2,wuí,seminar,,
知,知,zi1,zī,yes,,
交換,交换,gaau1 wun6,gaaū wuhn,to exchange,,
換,换,wun6,wuhn,to exchange,,Cantonese::Verbs
交,交,gaau1,gaaū,to exchange,,
禮物,礼物,lai5 mat6,láih maht,Gift,,
心意,心意,sam1 yi3,sām yi,regard,,
放進去,放进去,fong3 zeon3 heoi3,fong jeun heui,put it in,,
放,放,fong3,fong,to zoom,,
進,进,zeon3,jeon,to get in / into,,
雪,雪,syut3,syut,Snow,,
櫃,柜,gwai6,gwaih,(noun) (of cargo),,
雪櫃,雪柜,syut3 gwai6,syut gwaih,refrigerator,,
用,用,yung6,yuhng,to use,,
黃色,黄色,wong4 sik1,wòhng sīk,yellow (color),,
膠袋,胶袋,gaau1 doi2,gaau doí,(noun) a plastic bag,,
包起,包起,baau1 hei2,baaū heí,accept total responsibility,,
不會,不会,bat1 wui5,bāt wuíh,improbable,,
有人,有人,yau5 yan4,yaúh yàhn,someone,,
懷疑,怀疑,waai4 yi4,wàaih yìh,to doubt,,
歌詞,歌词,go1 ci4,gō chìh,song lyrics,,
副歌,副歌,fu3 go1,fu gō,chorus,,
其實,其实,kei4 sat6,kèih saht,Actually,,Cantonese::Adverbs
不願,不愿,bat1 yun6,bāt yuhn,unwilling,,
公司,公司,gung1 si1,gūng sī,shops,,
全都,全都,cyun4 dou1,chyùhn dōu,all,,
因,因,yan1,yān,cause,,
為,为,wai6,waih,as (verb),,
全,全,cyun4,chyùhn,all,,
太,太,taai3,taai,(adjective) (of generations) Great-grand,,
鍾,钟,zung1,jūng,handleless cup,,
主,主,zyu2,zyú,owner,,
歌,歌,go1,gō,(verb) praise,,
主歌二,主歌二,zyu2 go1 yi6,zyú gō yih,main song two,,
頭先,头先,tau4 sin1,tàuh sīn,before,,
開會,开会,hoi1 wui2,hōi wúi,to have a meeting,,
耐,耐,noi6,noih,long (duration),,
情人節,情人节,cing4 yan4 zit3,chìngh yành jit,Valentine's Day,,
客,客,haak3,haak,customer,,
悶,闷,mun6,munh,boring,,
備課,备课,bei6 fo3,beih fo,to make lesson plans,,
每個,每个,mui5 go3,múih go,every,,
唔一定,唔一定,m4 yat1 ding6,mh yāt dingh,not necessarily,,
最少,最少,zeoi3 siu2,jeui síu,at least,,
後,后,hau6,hauh,after,,
我哋開會咩都講,我哋开会咩都讲,ngo5-dei6 hoi1-wui2 me1 dou1 gong2,ngóh-deih hōi-wúi mē dōu góng,We talk about everything in our meetings (without any exceptions).,,
公司嘅人都病咗,公司嘅人都病咗,gung1-si1 ge3 jan4 dou1 beng6 zo2,gūng-sī ge yàhn dōu behng jó,Everyone in the company is sick (without any exceptions).,,
個個都買，你唔買,个个都买，你唔买,"go3-go3 dou1 maai5, nei5 m4 maai5","go-go dōu máaih, néih m̀h máaih","Everyone is buying (it), and you aren’t buying?",,
你幾點嚟我屋企？,你几点嚟我屋企？,nei5 gei2 dim2 lei4 ngo5 uk1-kei2?,néih géi dím lèih ngóh ūk-kéi?,What time are you coming to my house?,,
唔一定。我唔知幾點收工,唔一定。我唔知几点收工,m4 jat1-ding6. ngo5 m4 zi1 gei2 dim2 sau1-gung1,m̀h yāt-dihng. ngóh m̀h jī géi dím sāu-gūng,It depends. I don’t know what time I will finish work.,,
笑唔一定代表開心，喊唔一定代表傷心,笑唔一定代表开心，喊唔一定代表伤心,"siu3 m4 jat1-ding6 doi6-biu2 hoi1-sam1, haam3 m4 jat1-ding6 doi6-biu2 soeng1-sam1","siu m̀h yāt-dihng doih-bíu hōi-sām, haam m̀h yāt-dihng doih-bíu sēung-sām",Smiling doesn’t always mean happy; crying doesn’t always mean sad.,,
佢唔一定要幫你。,佢唔一定要帮你。,keoi5 m4 jat1-ding6 jiu3 bong1 nei5,kéuih m̀h yāt-dihng yiu bōng néih,He doesn't always have to help you,,
落雪,落雪,lok6 syut3,lohk syut,to snow,,
剷雪,铲雪,caan2 syut3,cháan syut,to shovel the snow,,
麻煩,麻烦,maa4 faan4,màh fàanh,trouble,,
門口,门口,mun4 hau2,mùnh háu,doorway,,
跌親,跌亲,dit3 can1,dit chān,to fall,,
一般嚟講,一般嚟讲,jat1-bun1 lei4 gong2,yāt-būn lèih góng,generally speaking,,
成日,成日,sing4 jat6,sìngh yaht,always,,
春天,春天,ceon1-tin1,chēun-tīn,spring (season),,
夏天,夏天,haa6 tin1,hah tīn,summer,,
暖氣,暖气,nyun5 hei3,nyúnh hei,heater,,
南方,南方,naam4 fong1,nàamh fōng,southern,,
北方,北方,bak1 fong1,bāk fōng,northern,,
香港有冇落雪㗎,香港有冇落雪㗎,hoeng1 gong2 jau5 mou5 lok6 syut3 gaa3,hēung góng yáuh móuh lohk syut ga,Does it snow in Hong Kong?,,
你有冇細佬呀,你有冇细佬呀,nei5 jau5-mou5 sai3 lou2 aa3,néih yáuh-móuh sai lóu a,Do you have a younger brother?,,
你有冇買呀,你有冇买呀,nei5 jau5 mou5 maai5 aa3,néih yáuh móuh máaih a,Did you buy it?,,
你鐘意香港定係紐約嘅天氣多啲呀?,你钟意香港定系纽约嘅天气多啲呀?,nei5 zung1-ji3 hoeng1-gong2 ding6-hai6 nau2-joek3 ge3 tin1-hei3 do1-di1 aa3?,néih jūng-yi hēung-góng dihng-haih náu-yeuk ge tīn-hei dō-dī a?,Do you like the weather of Hong Kong or of New York better?,,
佢想飲咖啡定係奶茶呀?,佢想饮咖啡定系奶茶呀?,keoi5 soeng2 jam2 gaa3 fe1 ding6-hai6 naai5 caa4 aa3？,kéuih séung yám ga fē dihng-haih náaih chàh a？,Does he want coffee or milk tea?,,
一件衫,一件衫,jat1-gin6 saam1,yāt-gihn sāam,one shirt,,
韓國,韩国,hon4-gwok3,hòhn-gwok,Korea,,
服裝,服装,fuk6-zong1,fuhk-jōng,clothing,,
服裝店,服装店,fuk6-zong1 dim3,fuhk-jōng dim,boutique,,
特價,特价,dak6-gaa3,dahk-ga,on sale,,
打折,打折,daa2-zit3,dá-jit,discount,,
原價,原价,jyun4-gaa3,yùhn-ga,original price,,
有時間,有时间,yau2 si4-gaan3,yáu sìh-gaan,to have time,,
係唔係新衫呀？,系唔系新衫呀？,hai6-m4-hai6 san1 saam1 aa3？,haih-m̀h-haih sān sāam a？,Is this a new shirt?,,
係唔係呢度呀？,系唔系呢度呀？,hai6 m4 hai6 ne1 dou6 aa1 ？,haih mh haih nē douh ā,Is it here?,,
呢件衫好啱你,呢件衫好啱你,ni1-gin6 saam1 hou2 ngaam1 nei5,nī-gihn sāam hóu ngāam néih,This shirt suits you well,,
呢個字唔啱,呢个字唔啱,ni1-go3 zi6 m4 ngaam1,nī-go jih m̀h ngāam,This character is not correct,,
係你唔啱,系你唔啱,hai6 nei5 m4 ngaam1,haih néih mh ngāam,It's you who is wrong,,
九折,九折,gau2 zit3,gáu jit,10% off (price 90% of original),,
七折,七折,cat1 zit3,chāt jit,30% off (70% of original price),,
8.5折,8.5折,baat3-dim2-ng5 zit3,baat-dím-ńgh jit,15% off (85% of original price),,
出街,出街,cheot1-gaai1,chhēot-gāai,to go out,,
緊要,紧要,yan2-yiu3,yán-yiu,important,,
叉電,叉电,chaa1-din6,chhāa-dihn,to recharge (a battery),,
等於,等于,dang2-jyu1,dáng-yū,equal to,,
力,力,lik6,lihk,strength,,
辛苦,辛苦,san1-fu2,sān-fú,laborious,,
郁,郁,yuk1,yūk,to move,,
一定,一定,yat1-ding6,yāt-dihng,surely,,
珍珠奶茶,珍珠奶茶,zan1-zyu1 naai5-caa4,jān-jyū náaih-chàh,bubble tea,,
休息嘅時間過得太快喇,休息嘅时间过得太快喇,jau1-sik1 ge3 si4-gaan3 gwo3 dak1 taai3 faai3 laa3,yāu-sīk ge sìh-gaan gwo dāk taai faai la,Off days went by too quickly,,
你做得好好,你做得好好,nei5 zou6 dak1 hou2 hou2,néih jouh dāk hóu hóu,You did it very well,,
叉完電禮拜一先有力返工,叉完电礼拜一先有力返工,caa1 jyun4 din6 lai5-baai3-jat1 sin1 jau5 lik6 faan1-gung1,chā yùhn dihn láih-baai-yāt sīn yáuh lihk fāan-gūng,I have to recuperate first on the weekend so that I have energy to go to work on Monday,,
我做完功課喇,我做完功课喇,ngo5 zou6 jyun4 gung1-fo3 laa3,ngóh jouh yùhn gūng-fo la,I finished doing my homework,,
一陣,一阵,yat1-zan6,yāt-jahn,later,,
生蠔,生蚝,saang1-hou4,sāang-hòuh,oyster,,
新鮮,新鲜,san1-sin1,sān-sīn,fresh,,
幾點,几点,gei2-dim2,géi-dím,what time,,
排隊,排队,paai4-deoi2,pàaih-déui,to wait in line,,
聽講,听讲,teng1-gong2,tēng-góng,to hear about,,
先,先,sin1,sīn,first,,
可以,可以,ho2-ji5,hó-yíh,can,,
直接,直接,zik6-zip3,jihk-jip,direct,,
不如你去排隊先啦？,不如你去排队先啦？,bat1-jyu4 nei5 heoi3 paai4-deoi2 sin1 laa1?,bāt-yùh néih heui pàaih-déui sīn lā?,Why don't you go and wait in line first,,
我想去用廁所先,我想去用厕所先,ngo5 soeng2 heoi3 jung6 ci3-so2 sin1,ngóh séung heui yuhng chi-só sīn,I want to go use the toilet first,,
啲生蠔幾錢呀？,啲生蚝几钱呀？,di1 saang1-hou4 gei2-cin2 aa3,dī sāang-hòuh géi-chín a,How much are the oysters?,,
而家啲小朋友好幸福,而家啲小朋友好幸福,ji4-gaa1 di1 siu2-pang4-jau5 hou2 hang6-fuk1,yìh-gā dī síu-pàhng-yáuh hóu hahng-fūk,The children nowadays are very fortunate,,
帶,带,daai3,daai,to bring,,
銀包,银包,ngan4-baau1,ngàhn-bāau,wallet,,
現金,现金,jin6 gam1,yihn gām,Cash,,
信用,信用,seon3-jung6,seun-yuhng,credit,,
信用卡,信用卡,seon3-jung6 kaat1,seun-yuhng kāat,credit card,,
噉,噉,gam2,gám,well then/so,,
嘢飲,嘢饮,je5 jam2,yéh yám,drinks,,
攞,攞,lo2,ló,to take,,
攞錢,攞钱,lo2 cin2,ló chín,to withdraw money,,
身份,身份,san1-fan2,sān-fán,identity,,
身份證,身份证,san1-fan2 zing3,sān-fán jing,ID card,,
點算,点算,dim2-syun3,dím-syun,what to do,,
方便,方便,fong1-bin6,fōng-bihn,convenient,,
你要買10蚊 先可以用信用卡,你要买10蚊 先可以用信用卡,nei5 jiu3 maai5 sap6 man1 sin1 ho2-ji5 jung6 seon3-jung6 kaat1,néih yiu máaih sahp mān sīn hó-yíh yuhng seun-yuhng kāat,You have to make $10 of purchase in order to use the credit card.,,
你要做運動先會健康,你要做运动先会健康,nei5 jiu3 zou6 wan6-dung6 sin1 wui5 gin6-hong1,néih yiu jouh wahn-duhng sīn wúih gihn-hōng,You have to exercise to be healthy,,
有啲,有啲,jau5 di1,yáuh dī,have a bit/some,,
寵物,宠物,cung2-mat6,chúng-maht,pet,,
種,种,zung2,júng,kind,,
老實,老实,lou5-sat6,lóuh-saht,honest,,
細個,细个,sai3-go3,sai-go,young,,
養,养,joeng5,yéungh,to raise,,
烏龜,乌龟,wu1-gwai1,wū-gwāi,turtle,,
檐蛇,檐蛇,jim4-se2,yìhm-sé,lizard,,
如果,如果,jyu4-gwo2,yùh-gwó,if,,
照顧,照顾,ziu3-gu3,jiu-gu,to take care,,
朝九晚五,朝九晚五,ziu1 gau2 maan5 ng5,jīu gáu máanh ngh,nine to five,,
負責,负责,fu6-zaak3,fuh-jaak,to be responsible for,,
玩,玩,waan2,wáan,play,,Cantonese::Verbs
計劃,计划,gai3 waak6,gai waahk,plan,,Cantonese::Verbs
完美,完美,jyun4-mei5,yùhn-méih,perfect,,
你真係又後生又叻,你真系又后生又叻,nei5 zan1-hai6 jau6 hau6-saang1 jau5 lek1,néih jān-haih yauh hauh-sāang yáuh lēk,You are so young and smart,,
我公司又細福利又少,我公司又细福利又少,ngo5 gung1-si1 jau6 sai3 fuk1-lei6 jau6 siu2,ngóh gūng-sī yauh sai fūk-leih yauh síu,My company is small and has very little health benefits,,
我咩都鍾意食,我咩都钟意食,ngo5 me1 dou1 zung1-ji3 sik6,ngóh mē dōu jūng-yi sihk,I like to eat everything,,
我咩狗都鍾意,我咩狗都钟意,ngo5 me1 gau2 dou1 zung1-ji3,ngóh mē gáu dōu jūng-yi,I like all kinds of dogs,,
咦,咦,ji2,yí,oh,,
百日宴,百日宴,baak3 jat6 jin3,baak yaht yin,One hundredth day celebration,,
慶祝,庆祝,hing3-zuk1,hing-jūk,to celebrate,,
滿月酒,满月酒,mun5-jyut6 zau2,múhn-yuht jáu,one-month old celebration,,
出世,出世,ceot1-sai3,chēut-sai,to be born,,
傳統,传统,cyun4 tung2,chyùhn túng,Tradition,,
酒樓,酒楼,zau2-lau4,jáu-làuh,traditional Chinese restaurants,,
請,请,ceng2,chéng,to invite,,
或者,或者,waak6-ze2,waahk-jé,or (in a statement),,
其他,其他,kei4-taa1,kèih-tā,other,,
地方,地方,dei6 fong1,deih fōng,place,,
開party,开party,hoi1 party,hōi party,to host a party,,
畀,畀,bei2,béi,to give,,Cantonese::Verbs
實用,实用,sat6-jung6,saht-yuhng,practical,,
一對,一对,deoi3,deui,one pair of,,
你幫下佢啦！,你帮下佢啦！,nei5 bong1 haa5 keoi5 laa1!,néih bōng háh kéuih lā!,Please help him!,,
我冇咁叻,我冇咁叻,ngo5 mou5 gam3 lek1,ngóh móuh gam lēk,I am not that smart / capable,,
傳統嘅父母會去酒樓慶祝，冇咁傳統嘅父母會喺屋企開 party。,传统嘅父母会去酒楼庆祝，冇咁传统嘅父母会喺屋企开 party。,"cyun4-tung2 ge3 fu6-mou5 wui5 heoi3 zau2-lau4 hing3-zuk1, mou5 gam3 cyun4-tung2 ge3 fu6-mou5 wui5 hai2 uk1-kei2 hoi1 party.","chyùhn-túng ge fuh-móuh wúih heui jáu-làuh hing-jūk, móuh gam chyùhn-túng ge fuh-móuh wúih hái ūk-kéi hōi party.","Traditional parents would go to traditional Chinese restaurants to celebrate, parents who aren’t that traditional would host a party at home.",,
你要帶咩禮物畀bb呀？,你要带咩礼物畀bb呀？,nei5 jiu3 daai3 me1 lai5-mat6 bei2 bi4-bi1 aa3?,néih yiu daai mē láih-maht béi bìh-bī a?,What kind of gifts do you have to give to the baby?,,
我畀咗 passport 佢,我畀咗 passport 佢,ngo5 bei2 zo2 passport keoi5.,ngóh béi jó passport kéuih.,I gave him my passport.,,
我學咗廣東話一年。,我学咗广东话一年。,ngo5 hok6 zo2 gwong2 dung1 waa2 jat1 nin4.,ngóh hohk jó gwóng dūng wá yāt nìhn.,I've been learning Cantonese for a year,,
你好，好開心識到你。,你好，好开心识到你。,"nei5 hou2, hou2 hoi1 sam1 sik1 dou2 nei5","néih hóu, hóu hōi sām sīk dóu néih","Hello, it's nice to meet you",,
我二十七歲。,我二十七岁。,ngo5 ji6 sap6 cat1 seoi3,ngóh yih sahp chāt seui,I am 27 years old,,
我係教師,我系教师,ngo5 hai6 gaau3 si1,ngóh haih gaau sī,I'm a teacher,,
我其中一個嗜好係睇書。,我其中一个嗜好系睇书。,ngo5 kei4 zung1 jat1 go3 si3 hou3 hai6 tai2 syu1.,ngóh kèih jūng yāt go si hou haih tái syū.,One of my hobbies is reading,,
我鍾意聽音樂。,我钟意听音乐。,ngo5 zung1 ji3 teng1 jam1 ngok6,ngóh jūng yi tēng yām ngohk,I enjoy listening to music,,
星期一，星期二，星期三，星期四及星期五都是閒日。,星期一，星期二，星期三，星期四及星期五都是闲日。,"sing1 kei4 jat1, sing1 kei4 ji6, sing1 kei4 saam1, sing1 kei4 sei3 kap6 sing1 kei4 ng5 dou1 si6 haan4 jat6.","sīng kèih yāt, sīng kèih yih, sīng kèih sāam, sīng kèih sei kahp sīng kèih ńgh dōu sih hàahn yaht.","Monday, Tuesday, Wednesday, Thursday and Friday are weekdays.",,
星期六晚,星期六晚,sing1 kei4 luk6 maan5,sīng kèih luhk máanh,Saturday night,,
今日係星期日。,今日系星期日。,gam1 jat6 hai6 sing1 kei4 jat6,gām yaht haih sīng kèih yaht,Today is Sunday,,
一個星期有七日。,一个星期有七日。,jat1 go3 sing1 kei4 jau5 cat1 jat6,yāt go sīng kèih yáuh chāt yaht,There are seven days in a week,,
尋日,寻日,cam4 jat6,chàmh yaht,yesterday,,Cantonese::Date&Time
你好嗎？,你好吗？,nei5 hou2 maa5 ？,néih hóu máh,How are you?,,
唔好意思,唔好意思,m4 hou2 ji3 si1,mh hóu yi sī,Excuse me,,
我鍾意,我钟意,ngo5 zung1 ji3,ngóh jūng yi,I like it,,
我唔鍾意,我唔钟意,ngo5 m4 zung1 ji3,ngóh mh jūng yi,I don't like it,,
真係 ?,真系 ?,zan1 hai6,jān haih,Really?,,
正！,正！,zeng3,jeng,Awesome!,,
我刷牙,我刷牙,ngo5 caat3 ngaa4,ngóh chaat ngàh,I brush my teeth,,
我鎖門,我锁门,ngo5 so2 mun4,ngóh só mùnh,I lock the door,,
我返工,我返工,ngo5 faan1 gung1,ngóh fāan gūng,I go to work,,
我聽智能手機裡面嘅音樂,我听智能手机里面嘅音乐,ngo5 teng1 zi3 nang4 sau2 gei1 leoi5 min6 ge3 jam1 ngok6,ngóh tēng ji nàngh sáu gēi léuih minh ge yām ngohk,I listen to music on my smartphone,,
我開電腦,我开电脑,ngo5 hoi1 din6 nou5,ngóh hōi dinh nóuh,I turn on my computer,,
我檢查電子郵件,我检查电子邮件,ngo5 gim2 caa4 din6 zi2 jau4 gin2,ngóh gím chàh dinh jí yàuh gín,I check my e-mail,,
我洗衫,我洗衫,ngo5 sai2 saam1,ngóh sái sāam,I do the laundry,,
我煮午餐,我煮午餐,ngo5 zyu2 ng5 caan1,ngóh jyú ngh chāan,I make lunch,,
我買餸,我买𩠌,ngo5 maai5 sung3,ngóh máaih sung,I buy groceries,,
我開會,我开会,ngo5 hoi1 wui5,ngóh hōi wúih,I attend a meeting,,
我接個電話,我接个电话,ngo5 zip3 go3 din6 waa2,ngóh jip go dinh wá,I receive a phone call,,
我睇套新戲,我睇套新戏,ngo5 tai2 tou3 san1 hei3,ngóh tái tou sān hei,I watch a new movie,,
我沖個熱水涼,我冲个热水凉,ngo5 cung1 go3 jit6 seoi2 loeng4,ngóh chūng go yiht séui lèungh,I take a hot bath,,
我幫手機叉電,我帮手机叉电,ngo5 bong1 sau2 gei1 caa1 din6,ngóh bōng sáu gēi chā dinh,I charge the battery on my phone,,
我諗聽日做咩,我谂听日做咩,ngo5 lam2 ting1 jat6 zou6 me1,ngóh lám tīng yaht jouh mē,I plan for tomorrow,,
我凌晨左右瞓覺,我凌晨左右瞓觉,ngo5 ling4 san4 zo2 jau2 fan3 gaau3,ngóh lìngh sành jó yáu fan gaau,I go to sleep around midnight,,
我朝早七點起身,我朝早七点起身,ngo5 ziu1 zou2 cat1 dim2 hei2 san1,ngóh jīu jóu chāt dím héi sān,I wake up at 7am,,
我熄鬧鐘,我熄闹钟,ngo5 sik1 naau6 zung1,ngóh sīk naauh jūng,I turn off my alarm,,
我落床,我落床,ngo5 lok6 cong4,ngóh lohk chòngh,I get out of bed,,
我食早餐,我食早餐,ngo5 sik6 zou2 caan1,ngóh sihk jóu chāan,I eat breakfast,,
出,出,ceot1,chēut,to release,,
粵語,粤语,jyut6-jyu5,yuht-yúh,Cantonese (language),,
中英文,中英文,zung1-jing1-man2,jūng-yīng-mán,Chinese and English (langauge),,
韓文,韩文,hon4-man2,hòhn-mán,Korean (language),,
最新,最新,zeoi3 san1,jeui sān,newest,,
廣告,广告,gwong2-gou3,gwóng-gou,advertisement,,
一樣,一样,jat1 joeng6,yāt yeungh,the same,,
會員,会员,wui2-jyun4,wúi-yùhn,member,,
冇所謂,冇所谓,mou5 so2 wai6,móuh só waih,doesn't matter,I don't care; whatever,
下載,下载,haa6-zoi3,hah-joi,download,,
一家人,一家人,jat1 gaa1 jan4,yāt gā yành,family,,
快樂的家庭,快乐的家庭,faai3 lok6 dik1 gaa1 ting4,faai lohk dīk gā tìngh,happy family,,
家庭照,家庭照,gaa1 ting4 ziu3,gā tìngh jiu,family picture,,
這家庭正在為照片微笑,这家庭正在为照片微笑,ze2 gaa1 ting4 zing3 zoi6 wai6 ziu3 pin2 mei4 siu3,jé gā tìngh jing joih waih jiu pín mèih siu,The family is smiling for the picture,,
媽媽,妈妈,maa4 maa1,màh mā,mother,,Cantonese::Family
母女,母女,mou5 neoi2,móuh néui,mother and daughter,,
老婆,老婆,lou5 po4,lóuh pòh,wife,,Cantonese::Family
我老婆鍾意鬱金香,我老婆钟意郁金香,ngo5 lou5 po4 zung1 ji3 wat1 gam1 hoeng1,ngóh lóuh pòh jūng yi wāt gām hēung,My wife likes tulips,,
我老婆煮餸好叻,我老婆煮𩠌好叻,ngo5 lou5 po4 zyu2 sung3 hou2 lek1,ngóh lóuh pòh jyú sung hóu lēk,My wife cooks very well,,
老公,老公,lou5 gung1,lóuh gūng,husband,,Cantonese::Family
我老公係醫生,我老公系医生,ngo5 lou5 gung1 hai2 ji1 sang1,ngóh lóuh gūng hái yī sāng,My husband is a doctor,,
家長,家长,gaa1 zoeng2,gā jéung,parent,,
細路,细路,sai3 lou6,sai louh,child,,Cantonese::Family
仔,仔,zai2,jái,son,,Cantonese::Family
姐妹,姐妹,ze2 mui6,jé muih,Sisters,,Cantonese::Family
姐姐正抱著妹妹,姐姐正抱著妹妹,ze4 ze1 zing3 pou5 zyu3 mui6 mui6,jèh jē jing póuh jyu muih muih,The older sister is holding her younger sister,,
兄妹,兄妹,hing6 mui2,hingh múi,older brother and younger sister,,Cantonese::Family
哥哥正抱著妹妹,哥哥正抱著妹妹,go4 go1 zing3 pou5 zoek3 mui4 mui2,gòh gō jing póuh jeuk mùih múi,The older brother is holding his younger sister,,
她是我姐姐，她是個律師,她是我姐姐，她是个律师,"taa1 si6 ngo5 ze4 ze1, taa1 si6 go3 leot6 si1","tā sih ngóh jèh jē, tā sih go leuht sī","She is my older sister, and she is a lawyer",,
哥哥,哥哥,go4 go1,gòh gō,brother,,
妹妹,妹妹,mui4 mui2,mùih múi,younger sister,,
我妹妹去咗英國留學,我妹妹去咗英国留学,ngo5 mui6 mui2 heoi3 zo2 jing1 gwok3 lau4 hok6,ngóh muih múi heui jó yīng gwok làuh hohk,My younger sister went to England to study abroad,,
細佬,细佬,sai3 lou2,sai lóu,younger brother,,
太嫲,太嫲,taai3 maa4,taai màh,great-grandmother,,
太公,太公,taai3 gung1,taai gūng,great-grandfather,,
嫲嫲,嫲嫲,maa4 maa4,màh màh,Grandmother,,
爺爺,爷爷,je4 je4,yèh yeh,Grandfather,,
孫,孙,syun1,syūn,grandchild,,Cantonese::Family
孫女,孙女,syun1 neoi5,syūn néuih,granddaughter,,
細孫女,细孙女,sai3 syun1 neoi5,sai syūn néuih,little granddaughter,,
孫仔,孙仔,syun1 zai2,syūn jái,grandson,,
我孫仔,我孙仔,ngo5 syun1 zai2,ngóh syūn jái,my grandson,,
我個孫仔係我個仔個仔,我个孙仔系我个仔个仔,ngo5 go3 syun1 zai2 hai6 ngo5 go3 zai2 go3 zai2,ngóh go syūn jái haih ngóh go jái go jái,My grandson is my son's son,,
姨媽,姨妈,ji4 maa1,yìh mā,aunt,,
叔叔,叔叔,suk1 suk1,sūk sūk,uncle,,Cantonese::Family
侄女,侄女,zat6 neoi5,jaht néuih,niece,,
點解呢度咁凍？,点解呢度咁冻？,dim2-gaai2 ni1-dou6 gam3 dung3?,dím-gáai nī-douh gam dung?,Why is it so cold here?,,
有好多嘢飲呀,有好多嘢饮呀,jau5 hou2 do1 je5 jam2 aa3,yáuh hóu dō yéh yám a,There are so many drinks.,,
噉你要咩呀？,噉你要咩呀？,gam2 nei5 jiu3 me1 aa3?,gám néih yiu mē a?,So what would you like?,,
睇落,睇落,tai2 lok6,tái lohk,looks like,,
呢排,呢排,nei1/ni1-paai4,nēi/nī-pàaih,lately,,
開OT,开OT,hoi1 OT,hōi OT,to work overtime,,
慘,惨,caam2,cháam,poor,,
壓力,压力,aat3 lik6,aat lihk,Pressure,,
壓力大,压力大,aat3-lik6 daai6,aat-lihk daaih,stressful,,
真係,真系,zan1 hai6,jān haih,indeed,,
減壓,减压,gaam2 aat3,gáam aat,Stress relief,,
瑜伽,瑜伽,jyu4 gaa1,yùh gā,Yoga,,
以前,以前,ji5-cin4,yíh-chìhn,in the past,,
健身室,健身室,gin6 san1 sat1,gihn sān sāt,Gym,,
堂,堂,tong4,tòngh,any specific class,,
…前,…前,cin4,chình,before...,,
…後,…后,hau6,hauh,after...,,
大概,大概,daai6-koi3,daaih-koi,approximately,,
仲,仲,zung6,jungh,also,,
免費,免费,min5-fai3,míhn-fai,free (of charge),,
地點,地点,dei6-dim2,deih-dím,place,,
食落,食落,sik6 lok6,sihk lohk,it tastes...,,
睇落,睇落,tai2 lok6,tái lohk,it looks...,,
听落,听落,teng3 lok6,teng lohk,it sounds...,,
你睇落好攰呀,你睇落好攰呀,nei5 tai2 lok6 hou2 gui6 aa3,néih tái lohk hóu guih a,You seem so tired,,
呢個名聽落好熟悉,呢个名听落好熟悉,ni1-go3 meng2 teng1 lok6 hou2 suk6-sik1,nī-go méng tēng lohk hóu suhk-sīk,This name sounds very familiar.,,
我唔開OT嗰陣去做瑜伽,我唔开OT𠮶阵去做瑜伽,ngo5 m4 hoi1 OT go2-zan6 heoi3 zou6 jyu4-gaa1,ngóh m̀h hōi OT gó-jahn heui jouh yùh-gā,"When I don’t work overtime, I go do yoga",,
佢開心嗰陣好勤力。,佢开心𠮶阵好勤力。,keoi5 hoi1-sam1 go2-zan6 hou2 kan4-lik6,kéuih hōi-sām gó-jahn hóu kàhn-lihk,"When he is happy, he is very diligent.",,
之前,之前,zi1-cin4,jī-chìhn,before,,
夠,够,gau3,gau,enough,,Cantonese::Adverbs
走,走,zau2,jáu,to leave,,Cantonese::Verbs
部門,部门,bou6-mun4,bouh-mùhn,department,,
總共,总共,zung2-gung6,júng-guhng,total,,
唔超過,唔超过,m4-ciu1-gwo3,m̀h-chīu-gwo,no more than,,
兼職,兼职,gim1-zik1,gīm-jīk,part-time (work),,
差唔多,差唔多,caa1-m4-do1,chā-m̀h-dō,almost,,
全職,全职,cyun4-zik1,chyùhn-jīk,full-time job,,
實習生,实习生,sat6-zaap6 sang1,saht-jaahp sāng,intern (student),,
不過,不过,bat1-gwo3,bāt-gwo,only,,
暑假,暑假,syu2-gaa3,syú-ga,summer vacation,,
大學,大学,daai6-hok6,daaih-hohk,college,,
表妹,表妹,biu2-mui2,bíu-múi,cousin (younger female),,
申請,申请,san1-cing2,sān-chíng,to apply for (sth),,
你點知㗎？,你点知㗎？,nei5 dim2 zi1 gaa3?,néih dím jī ga?,How did you know that?,,
我老師講畀我知㗎,我老师讲畀我知㗎,ngo5 lou5-si1 gong2 bei2 ngo5 zi1 gaa3,ngóh lóuh-sī góng béi ngóh jī ga,My teacher told me that,,
唔好講畀我老婆知我食菸呀,唔好讲畀我老婆知我食烟呀,m4-hou2 gong2 bei2 ngo5 lou5-po4 zi1 ngo5 sik6-jin1 aa3,m̀h-hóu góng béi ngóh lóuh-pòh jī ngóh sihk-yīn a,Don’t tell my wife that I smoke,,
我公司請咗兩個新同事,我公司请咗两个新同事,ngo5 gung1-si1 ceng2 zo2 loeng5-go3 san1 tung4-si6,ngóh gūng-sī chéng jó léuhng-go sān tùhng-sih,My company hired two new colleagues,,
請問呢間公司喺邊度呀？,请问呢间公司喺边度呀？,cing2-man6 ni1-gaan1 gung1-si1 hai2 bin1-dou6 aa3?,chíng-mahn nī-gāan gūng-sī hái bīn-douh a?,Where is this company please?,,
長,长,coeng4,chèungh,long,,
假期,假期,gaa3 kei4,ga kèih,holidays,,
諗住,谂住,nam2-zyu6,nám-jyuh,to plan,,
旅遊,旅游,leoi5 jau4,léuih yàuh,travel,,
旅行,旅行,leoi5 hang4,léuih hàhng,trip/travel,,
暫時,暂时,zaam6-si4,jaahm-sìh,temporary,,
定係,定系,ding6-hai6,dihng-haih,or (used in a question),,
準備,准备,zeon2-bei6,jéun-beih,to prepare,,
一個鐘,一个钟,jat1-go3 zung1,yāt-go jūng,one hour,,
一次,一次,jat1-ci3,yāt-chi,one time,,
窮,穷,kung4,kùngh,poor,,
飛,飞,fei1,fēi,ticket,,
訂,订,deng6,dengh,to book,,
之後,之后,zi1-hau6,jī-hauh,after,,
注意,注意,zyu3-ji3,jyu-yi,to be mindful of,,
特別,特别,dak6-bit6,dahk-biht,particular,,
法文,法文,faat3-man2,faat-mán,French (language),,
靚啲,靓啲,leng3 di1,leng dī,prettier,,
平啲,平D,peng4 di1,pèhng dī,Cheaper,,
貴啲,贵啲,gwai3 di1,gwai dī,more expensive,,
同朋友去旅遊，住Airbnb會平啲,同朋友去旅游，住Airbnb会平啲,"tung4 pang4-jau5 heoi3 leoi5 jau4, zyu6 Airbnb wui5 peng4 di1","tùhng pàhng-yáuh heui léuih yàuh, jyuh Airbnb wúih pèhng dī",Staying at Airbnb is cheaper when traveling with friends,,
你講，邊個靚啲？,你讲，边个靓啲？,"nei5 gong2, bin1-go3 leng3 di1?","néih góng, bīn-go leng dī?","You tell me, who is prettier",,
你諗住去幾日呀？,你谂住去几日呀？,nei5 nam2-zyu6 heoi3 gei2 jat6 aa3?,néih nám-jyuh heui géi yaht a?,How many days are you planning to go there for?,,
呢度去深圳要幾個鐘？,呢度去深圳要几个钟？,ni1-dou6 heoi3 sam1-zan3 jiu3 gei2-go3 zung1?,nī-douh heui sām-jan yiu géi-go jūng?,How many hours does it take to go from here to Shenzhen?,,
電腦,电脑,din6-nou5,dihn-nóuh,computer,,
需要,需要,seoi1-jiu3,sēui-yiu,(to) need,,
蘋果,苹果,ping4-gwo2,pìhng-gwó,Apple,IOS,
牌子,牌子,paai4-zi2,pàaih-jí,brand,,
最新嘅,最新嘅,zeoi3 san1 ge3,jeui sān ge,the newest,,
舊年,旧年,gau6-nin2,gauh-nín,last year,,
黑色星期五,黑色星期五,hak1-sik1 sing1-kei40 ng5,hāk-sīk sīng-kèih0 ńgh,Black Friday,,
店,店,dim3,dim,store,,
送貨,送货,sung3 fo3,sung fo,to deliver goods,,
情况,情况,cing4-fong3,chìhng-fong,situation,,
睇情況,睇情况,tai2 cing4-fong3,tái chìhng-fong,depends on the situation,,
使,使,sai2,sái,to need to,,
郵費,邮费,yau4 fai3,yàuh fai,shipping fee,,
執笠,执笠,zap1-lap1,jāp-lāp,to close down a business,,
儘量,尽量,zeon6-loeng6,jeuhn-leuhng,to the best of one's ability,,
我用開蘋果電腦。,我用开苹果电脑。,ngo5 jung6 hoi1 ping4-gwo2 din6-nou5,ngóh yuhng hōi pìhng-gwó dihn-nóuh,I usually use Apple Computers,,
我老婆飲開呢隻咖啡,我老婆饮开呢只咖啡,ngo5 lou5-po4 jam2 hoi1 ni1-zek3 gaa3-fe1,ngóh lóuh-pòh yám hōi nī-jek ga-fē,My wife usually drinks this coffee.,,
如果有時間，我會去鋪頭買。,如果有时间，我会去铺头买。,"jyu4-gwo2 jau5 si4-gaan3, ngo5 wui5 heoi3 pou3-tau2 maai5","yùh-gwó yáuh sìh-gaan, ngóh wúih heui pou-táu máaih","If I have time, I would go to the store to buy it.",,
如果你有時間嘅話，就去睇下佢。,如果你有时间嘅话，就去睇下佢。,"jyu4-gwo2 nei5 jau5 si4-gaan3 ge3 waa2, zau6 heoi3 tai2 haa5 keoi5","yùh-gwó néih yáuh sìh-gaan ge wá, jauh heui tái háh kéuih","If you have time, then go pay him a visit.",,
下城,下城,haa6 sing4,hah sìngh,downtown,,
麻煩,麻烦,maa4-faan4,màh-fàahn,troublesome,,
收工,收工,sau1-gung1,sāu-gūng,to get off from work,,
餸,𩠌,sung3,sung,dish,,
好在,好在,hou2-zoi6,hóu-joih,luckily,,
訂位,订位,deng6-wai2,dehng-wái,to make a reservation,,
提醒,提醒,tai4-seng2,tàih-séng,to remind,,
網上,网上,mong5-soeng6,móhng-seuhng,online,,
打電話,打电话,daa2 din6 waa2,dá dinh wá,make a phone call,,
保險,保险,bou2 him2,bóu hím,insurance,,
肯定,肯定,hang2 ding6,háng dihng,Definitely,,
食得開心啲!,食得开心啲!,sik6 dak1 hoi1-sam1 di1,sihk dāk hōi-sām dī,Enjoy your meal!,,
ABC餐廳嘅嘢好味啲。,ABC餐厅嘅嘢好味啲。,ABC caan1-teng1 ge3 je5 hou2-mei6 di1,ABC chāan-tēng ge yéh hóu-meih dī,The food in ABC restaurant is more delicious,,
ABC餐廳嘅嘢好味過EFG 餐廳。,ABC餐厅嘅嘢好味过EFG 餐厅。,ABC caan1-teng1 ge3 je5 hou2-mei6 gwo3 EFG caan1-teng1,ABC chāan-tēng ge yéh hóu-meih gwo EFG chāan-tēng,The food in ABC restaurant is more delicious than that of EFG restaurant,,
我沖咗涼喇。,我冲咗凉喇。,ngo5 cung1 zo2 loeng4 laa3,ngóh chūng jó lèungh la,I took a shower (already),,
我打咗電話畀佢。,我打咗电话畀佢。,ngo5 daa2 zo2 din6-waa2 bei2 keoi5,ngóh dá jó dihn-wá béi kéuih,I gave him a phone call,,
租屋,租屋,zou1 uk1,jōu ūk,rent a place,,
搬屋,搬屋,bun1 uk1,būn wūk,to move,,
租約,租约,zou1-joek3,jōu-yeuk,lease,,
到期,到期,dou3-kei4,dou-kèih,expire,,
續約,续约,zuk6-joek3,juhk-yeuk,to renew a contract,,
繼續,继续,gai3-zuk6,gai-juhk,to continue,,
一個半,一个半,jat1-go3-bun3,yāt-go-bun,one and a half,,
鐘,钟,zung1,jūng,hour,,
皇后區,皇后区,wong4-hau6 keoi1,wòhng-hauh kēui,Queens (NYC),,
法拉盛,法拉盛,faat3-laai1-sing6,faat-lāai-sihng,Flushing (Queens),,
租金,租金,zou1-gam1,jōu-gām,rent (amount),,
…左右,…左右,zo2-jau2,jó-yáu,around...,,
自己,自己,zi6 gei2,jih géi,oneself,,
得,得,dak1,dāk,okay/alright,,Cantonese::Adverbs
廳,厅,teng1,tēng,living room,,
留意,留意,lau4-ji3,làuh-yi,to pay attention,,
你唔可以續約咩？,你唔可以续约咩？,nei5 m4 ho2-ji5 zuk6 joek3 me1?,néih m̀h hó-yíh juhk yeuk mē?,Can't you renew the lease?,,
你爸爸鍾意食薯片咩？,你爸爸钟意食薯片咩？,nei5 baa4-baa1 zung1-ji3 sik6 syu4-pin2 me1?,néih bàh-bā jūng-yi sihk syùh-pín mē?,Your dad likes potato chips?,,
呢間咖啡店冇咁多人。,呢间咖啡店冇咁多人。,ni1-gaan1 gaa3-fe1 dim3 mou5 gam3 do1 jan4,nī-gāan ga-fē dim móuh gam dō yàhn,This café is not as crowded,,
我唔食午餐喇,我唔食午餐喇,ngo5 m4 sik6 ng5-caan1 laa3,ngóh m̀h sihk ńgh-chāan la,I am not eating lunch,,
我唔係咁肚餓。,我唔系咁肚饿。,ngo5 m4 hai6 gam3 tou5-ngo6,ngóh m̀h haih gam tóuh-ngoh,I am not that hungry,,
我屬豬。,我属猪。,ngo5 suk6 zyu1,ngóh suhk jyū,My Chinese zodiac sign is a pig,,
我屬羊。,我属羊。,ngo5 suk6 joeng4,ngóh suhk yèungh,My chinese zodiac sign is a goat,,
你屬咩？,你属咩？,nei5 suk6 me1,néih suhk mē,What is your Chinese zodiac sign?,,
你咩年出世?,你咩年出世?,nei5 me1 nin4 ceot1-sai3,néih mē nìhn chēut-sai,What is your birth year?,,
龍年大吉！,龙年大吉！,lung4 nin4 daai6-gat1,lùhng nìhn daaih-gāt,Good luck in the year of the dragon,,
蛇年大吉!,蛇年大吉!,se4 nin4 daai6-gat1,sèh nìhn daaih-gāt,Good luck in the year of the snake,,
新年快樂,新年快乐,san1 nin4 faai3 lok6,sān nìhn faai lohk,happy new year,,
快樂,快乐,faai3 lok6,faai lohk,Happiness,,
恭喜發財,恭喜发财,gung1 hei2 faat3 coi4,gūng héi faat chòih,Happy New Year,,
恭喜,恭喜,gung1-hei2,gūng-héi,to congratulate,,
發財,发财,faat3-coi4,faat-chòih,to be prosperous,,
身體健康,身体健康,san1 tai2 gin6 hong1,sān tái gihn hōng,Good health (wish),,
身體,身体,san1-tai2,sān-tái,body,,
健康,健康,gin6 hong1,gihn hōng,Health,,
龍馬精神,龙马精神,lung4 maa5 zing1-san4,lùhng máh jīng-sàhn,Wishing you a year of vitality,,
大吉大利,大吉大利,daai6-gat1 daai6-lei6,daaih-gāt daaih-leih,good luck and prosperity,,
利,利,lei6,leih,profit,,
恭喜發財，身體健康！,恭喜发财，身体健康！,"gung1-hei2 faat3-coi4, san1-tai2 gin6-hong1","gūng-héi faat-chòih, sān-tái gihn-hōng",Wishing you a year of prosperity and good health,,
祝你身體健康。,祝你身体健康。,zuk1 nei5 san1-tai2 gin6-hong1,jūk néih sān-tái gihn-hōng,Wishing you good health,,
祝你豬年大吉,祝你猪年大吉,zuk1 nei5 zyu1 nin4 daai6-gat1,jūk néih jyū nìhn daaih-gāt,Wishing you good luck in the year of the pig,,
祝你2025年大吉大利。,祝你2025年大吉大利。,zuk1 nei5 ji6-ling4-ji6-ng5 nin4 daai6-gat1 daai6-lei6,jūk néih yih-lìhng-yih-ńgh nìhn daaih-gāt daaih-leih,Wishing your 2025 is filled with good luck and prosperity,,
紅色,红色,hung4-sik1,hùhng-sīk,red,,
黃色,黄色,wong4-sik1,wòhng-sīk,yellow,,
藍色,蓝色,laam4-sik1,làahm-sīk,blue,,
綠色,绿色,luk6-sik1,luhk-sīk,green,,
橙色,橙色,caang2-sik1,cháang-sīk,orange,,
黑色,黑色,hak1-sik1,hāk-sīk,black,,
白色,白色,baak6-sik1,baahk-sīk,white,,
啡色,啡色,fe1-sik1,fē-sīk,brown,,
灰色,灰色,fui1-sik1,fūi-sīk,grey,,
紫色,紫色,zi2-sik1,jí-sīk,purple,,
粉紅色,粉红色,fan2-hung6-sik1,fán-huhng-sīk,pink,,
黑色嘅狗仔,黑色嘅狗仔,hak1-sik1 ge3 gau2-zai2,hāk-sīk ge gáu-jái,black puppy,,
黑色嘅貓仔,黑色嘅猫仔,hak1-sik1 ge3 maau1-zai2,hāk-sīk ge māau-jái,black kitten,,
粉紅色嘅豬仔,粉红色嘅猪仔,fan2-hung4-sik1 ge3 zyu1-zai2,fán-hùhng-sīk ge jyū-jái,pink piggy,,
啡色嘅馬,啡色嘅马,fe1-sik1 ge3 maa5,fē-sīk ge máh,brown horse,,
我鍾意紫色。,我钟意紫色。,ngo5 zung1-ji3 zi2-sik1,ngóh jūng-yi jí-sīk,I like purple,,
我有一隻狗仔。,我有一只狗仔。,ngo5 jau5 jat1-zek3 gau2-zai2,ngóh yáuh yāt-jek gáu-jái,I have a puppy,,
我鍾意啡色嘅狗仔,我钟意啡色嘅狗仔,ngo5 zung1-ji3 fe1-sik1 ge3 gau2-zai2,ngóh jūng-yi fē-sīk ge gáu-jái,I like brown puppies,,
我鍾意黑色貓,我钟意黑色猫,ngo5 zung1-ji3 haak1-sik1 maau1,ngóh jūng-yi hāak-sīk māau,I like black cats,,
我有一隻白色嘅兔仔。,我有一只白色嘅兔仔。,ngo5 jau5 jat1-zek3 baak6-sik1 ge3 tou3-zai2,ngóh yáuh yāt-jek baahk-sīk ge tou-jái,I have a white bunny,,
我女朋友想要一隻黑色嘅狗仔。,我女朋友想要一只黑色嘅狗仔。,ngo5 neoi5 pang4-jau5 soeng2-jiu3 jat1-zek3 hak1-sik1 ge3 gau2-zai2,ngóh néuih pàhng-yáuh séung-yiu yāt-jek hāk-sīk ge gáu-jái,My girlfriend wants a black puppy,,
我想要一隻黑色貓,我想要一只黑色猫,ngo5 soeng2-jiu3 jat1-zek3 hak1-sik1 maau1,ngóh séung-yiu yāt-jek hāk-sīk māau,I want a black cat,,
一隻白色嘅北極熊,一只白色嘅北极熊,jat1-zek3 baak6-sik1 ge3 bak1-gi6 hung4,yāt-jek baahk-sīk ge bāk-gih hùhng,a white polar bear,,
恭喜發財，新年快樂！,恭喜发财，新年快乐！,"gung1-hei2 faat3-coi4, san1-nin4 faai3-lok6!","gūng-héi faat-chòih, sān-nìhn faai-lohk!",Wish you a happy new year and a year of prosperity,,
恭喜發財，豬年大吉！,恭喜发财，猪年大吉！,"gung1-hei2 faat3-coi4, zyu1 nin4 daai6-gat1","gūng-héi faat-chòih, jyū nìhn daaih-gāt",Wish you a happy and prosperous year of the pig,,
呢隻係你嘅狗仔呀？,呢只系你嘅狗仔呀？,ni1-zek3 hai6 nei5 ge3 gau2-zai2 aa4,nī-jek haih néih ge gáu-jái àh,Is this your dog?,,
係呀,系呀,hai6 aa3,hái a,Yes,,
佢屬咩呀？,佢属咩呀？,keoi5 suk6 me1 aa3,kéuih suhk mē a,What is his Chinese zodiac sign?,,
佢屬兔呀。你呢？,佢属兔呀。你呢？,keoi5 suk6 tou3 aa3. nei5 ne1?,kéuih suhk tou a. néih nē?,His Chinese zodiac sign is a rabbit. What about you?,,
我屬豬,我属猪,ngo5 suk6 zyu1,ngóh suhk jyū,My Chinese zodiac sign is a pig,,
我有一個…學位,我有一个…学位,ngo5 jau5 jat1 go3 … hok6 wai2,ngóh yáuh yāt go … hohk wái,I have a degree in....,,
主修,主修,zyu2-sai1,jyú-sāi,to major in...,,
副修,副修,fu3-sau1,fu-sāu,to minor in...,,
我主修...,我主修...,ngo5 zyu2-sau1...,ngóh jyú-sāu...,I major (in)...,,
我主修工程,我主修工程,ngo5 zyu2-sau1 gung1-cing4,ngóh jyú-sāu gūng-chìhng,I major in engineering,,
我主修德文,我主修德文,ngo5 zyu2-sau1 dak1-man2*4,ngóh jyú-sāu dāk-mán*4,I major in German,,
心理學,心理学,sam1-lei5-hok6,sām-léih-hohk,psychology,,
經濟學,经济学,ging1-zai3-hok6,gīng-jai-hohk,economics,,
統計學,统计学,tung2-gai3-hok6,túng-gai-hohk,statistics,,
語言學,语言学,jyu5-jin4-hok6,yúh-yìhn-hohk,linguistics,,
環境科學,环境科学,waan4-ging2 fo1-hok6,wàahn-gíng fō-hohk,environmental science,,
環境,环境,waan4 ging2,wàahn gíng,environment,,
科學,科学,fo1-hok6,fō-hohk,science,,
生物學,生物学,sang1-mat6-hok6,sāng-maht-hohk,biology,,
生物,生物,sang1-mat6,sāng-maht,living organisms,,
工商管理,工商管理,gung1-soeng1 gun2-lei5,gūng-sēung gún-léih,business administration,,
工商,工商,gung1-soeng1,gūng-sēung,business,,
管理,管理,gun2-lei5,gún-léih,management,,
我主修生物學,我主修生物学,ngo5 zyu2-sau1 sang1-mat6-hok6,ngóh jyú-sāu sāng-maht-hohk,I major in biology,,
我大學主修心理學同統計學。,我大学主修心理学同统计学。,ngo5 daai6-hok6 zyu2-sau1 sam1-lei5-hok6 tung4 tung2-gai3-hok6,ngóh daaih-hohk jyú-sāu sām-léih-hohk tùhng túng-gai-hohk,I major in psychology and statistics in college,,
我主修工商管理，副修環境科學。,我主修工商管理，副修环境科学。,"ngo5 zyu2-sau1 gung1-soeng1 gun2-lei5, fu3-sau1 waan4-ging2 go1-hok6","ngóh jyú-sāu gūng-sēung gún-léih, fu-sāu wàahn-gíng gō-hohk",I major in business administration and minor in environmental studies,,
我主修德文，副修政治學同電腦科學,我主修德文，副修政治学同电脑科学,ngo5 zyu2-sau1 dak1-man4，fu3-sau1 zing3-zi6-hok6 tung4 din6-nou5 fo1-hok6,ngóh jyú-sāu dāk-màhn，fu-sāu jing-jih-hohk tùhng dihn-nóuh fō-hohk,I major in German and I minor in political science and computer science,,
我大學主修統計學同經濟學，副修生物學。,我大学主修统计学同经济学，副修生物学。,"ngo5 daai6-hok6 zyu2-sau1 tung2-gai3-hok6 tung4 ging1-zai3-hok6, fu3-sau1 sang1-mat6-hok6","ngóh daaih-hohk jyú-sāu túng-gai-hohk tùhng gīng-jai-hohk, fu-sāu sāng-maht-hohk","I major in statistics and economics in college, (and) minor in biology",,
學士,学士,hok6-si6,hohk-sih,Bachelors (degree),,
碩士,硕士,sek6-si6,sehk-sih,Master,,
博士,博士,bok3-si6,bok-sih,Doctorate,,
學位,学位,hok6-wai2,hohk-wái,degree,,
我有學士學位,我有学士学位,ngo5 jau5 hok6-si6 hok6-wai2,ngóh yáuh hohk-sih hohk-wái,I have a bachelors degree,,
我有會計學位,我有会计学位,ngo5 jau5 wui6-gai3 hok6-wai2,ngóh yáuh wuih-gai hohk-wái,I have an accounting degree,,
我嘅學位係心理學,我嘅学位系心理学,ngo5 ge3 hok6-wai2 hai6 sam1-lei5-hok6,ngóh ge hohk-wái haih sām-léih-hohk,My degree is (in) psychology,,
我嘅學士學位係讀經濟學。,我嘅学士学位系读经济学。,ngo5 ge3 hok6-si6 hok6-wai2 hai6 duk6 ging1-zai3-hok6,ngóh ge hohk-sih hohk-wái haih duhk gīng-jai-hohk,I studied economics for my bachelor's degree,,
我嘅博士學位係讀語言學。,我嘅博士学位系读语言学。,ngo5 ge3 bok3-si6 hok6-wai2 hai6 duk6 jyu5-jin4-hok6,ngóh ge bok-sih hohk-wái haih duhk yúh-yìhn-hohk,I studied linguistics for my doctoral degree,,
我嘅碩士學位係讀生物學同環境科學,我嘅硕士学位系读生物学同环境科学,ngo5 ge3 sek6-si6 hok6-wai2 hai6 duk6 sang1-mat6-hok6 tung4 waan4-ging2 fo1-hok6,ngóh ge sehk-sih hohk-wái haih duhk sāng-maht-hohk tùhng wàahn-gíng fō-hohk,I studied biology and environmental science for my masters degree,,
我有經濟學博士學位。,我有经济学博士学位。,ngo5 jau5 ging1-zai3-hok6 bok3-si6 hok6-wai2,ngóh yáuh gīng-jai-hohk bok-sih hohk-wái,I have an economics doctoral degree,,
經驗,经验,ging1 jim6,gīng yihm,Experience,,
有經驗,有经验,jau5 ging1-jim6,yáuh gīng-yihm,experienced,,
我有三年嘅經驗,我有三年嘅经验,ngo5 jau5 saam1 nin4 ge3 ging1 jim6,ngóh yáuh sāam nình ge gīng yimh,I have three years of experience,,
工作經驗,工作经验,gung1-zok3 ging1-jim6,gūng-jok gīng-yihm,work experience,,
實踐經驗,实践经验,sat6-cin5 ging1-jim6,saht-chíhn gīng-yihm,practical experience,,
教學經驗,教学经验,gaau3-hok6 ging1-jim6,gaau-hohk gīng-yihm,teaching experience,,
臨床經驗,临床经验,lam4-cong4 ging1-jim6,làhm-chòhng gīng-yihm,clinical experience,,
理財經驗,理财经验,lei5-coi4 ging1-jim6,léih-chòih gīng-yihm,financial management experience,,
我有三年嘅工作經驗,我有三年嘅工作经验,ngo5 jau5 saam1 nin4 ge3 gung1-zok3 ging1-jim6,ngóh yáuh sāam nìhn ge gūng-jok gīng-yihm,I have three years of work experience,,
寵物小精靈,宠物小精灵,cung2 mat6 siu2 zing1 ling4,chúng maht síu jīng lìngh,Pokémon,,
我有兩年嘅會計經驗。,我有两年嘅会计经验。,ngo5 jau5 loeng5 nin4 ge3 wui6-gai3 ging1-jim6,ngóh yáuh léuhng nìhn ge wuih-gai gīng-yihm,I have two years of accounting experience,,
我有一年做統計嘅經驗，我識用R。,我有一年做统计嘅经验，我识用R。,"ngo5 jau5 jat1 nin4 zou6 tung2-gai3 ge3 ging1-jim6, ngo5 sik1 jung6 R","ngóh yáuh yāt nìhn jouh túng-gai ge gīng-yihm, ngóh sīk yuhng R","I have one year of doing experience doing statistics, (and) I know how to use R",,
你有冇做IT嘅經驗呀？,你有冇做IT嘅经验呀？,nei5 jau5-mou5 zou6 lT ge3 ging1-jim6 aa3?,néih yáuh-móuh jouh lT ge gīng-yihm a?,Do you have (any) experience doing IT,,
我有四年做marketing嘅經驗。,我有四年做marketing嘅经验。,ngo5 jau5 sei3 nin4 zou6 marketing ge3 ging1-jim6,ngóh yáuh sei nìhn jouh marketing ge gīng-yihm,I have four years of marketing experience,,
佢冇一年以上嘅實踐經驗。,佢冇一年以上嘅实践经验。,keoi5 mou5 jat1 nin4 ji5-soeng6 ge3 sat6-cin5 ging1-jim6,kéuih móuh yāt nìhn yíh-seuhng ge saht-chíhn gīng-yihm,He/she doesn't have more than one year of practical experience,,
以上,以上,ji5-soeng6,yíh-seuhng,more than,,
他,他,taa1,tā,he (written only),,
她,她,taa1,tā,she (written only),,
它,它,taa1,tā,it (written only),,
你好，我叫...,你好，我叫...,"nei5 hou2, ngo5 giu3","néih hóu, ngóh giu","Hi, my name is...",,
"你好Steve, 請介紹一下你自己啦。","你好Steve, 请介绍一下你自己啦。","nei5-hou2 Steve, cing2 gaai3-siu6 jat1-haa5 nei5 zi6-gei2 laa1","néih-hóu Steve, chíng gaai-siuh yāt-háh néih jih-géi lā","Hi Steve, please introduce yourself",,
介紹,介绍,gaai3-siu6,gaai-siuh,to introduce,,
冇問題,没问题,mou5 man6 tai4,móuh mahntàih,No problem,,
我係美國人。,我系美国人。,ngo5 hai6 mei5-gwok3 jan4,ngóh haih méih-gwok yàhn,I am an American,,
我識中文同英文。,我识中文同英文。,ngo5 sik1 zung1-man2 tung4 jing1-man2,ngóh sīk jūng-mán tùhng yīng-mán,I know Chinese and English,,
我有生物學嘅博士學位。,我有生物学嘅博士学位。,ngo5 jau5 sang1-mat6-hok6 ge3 bok3-si6 hok6-wai2,ngóh yáuh sāng-maht-hohk ge bok-sih hohk-wái,I have a biology doctoral degree,,
我想喺香港大學教環境科學同生物學。,我想喺香港大学教环境科学同生物学。,ngo5 soeng2 hai2 hoeng1-gong2 daai6-hok6 gaau3 waan4-ging2 fo1-hok6 tung4 sang1-mat6-hok6,ngóh séung hái hēung-góng daaih-hohk gaau wàahn-gíng fō-hohk tùhng sāng-maht-hohk,I want to teach environmental science and biology at Hong Kong University,,
點解你覺得你適合喺呢度教呢？,点解你觉得你适合喺呢度教呢？,dim2-gaai2 nei5 gok3-dak1 nei5 sik1-hap6 hai2 ni1-dou6 gaau3 ne1,dím-gáai néih gok-dāk néih sīk-hahp hái nī-douh gaau nē,Why do you think you are a good fit to teach here?,,
覺得,觉得,gok3-dak1,gok-dāk,to think,,
適合,适合,sik1-hap6,sīk-hahp,suitable,,
我好鍾意香港,我好钟意香港,ngo5 hou2 zung1-ji3 hoeng1-gong2,ngóh hóu jūng-yi hēung-góng,I really like Hong Kong,,
了解,了解,liu5-gaai2,líuh-gáai,to discover,,
全球暖化,全球暖化,cyun4-kau4 nyun5-faa3,chyùhn-kàuh nyúhn-fa,global warming,,
好，你有冇教學經驗呀？,好，你有冇教学经验呀？,"hou2, nei5 jau5-mou5 gaau3-hok6 ging1-jim6 aa3?","hóu, néih yáuh-móuh gaau-hohk gīng-yihm a?","Good, do you have any teaching experience",,
我喺美國有三年嘅教學經驗。,我喺美国有三年嘅教学经验。,ngo5 hai2 mei5-gwok3 jau5 saam1 nin4 ge3 gaau3-hok6 ging1-jim6,ngóh hái méih-gwok yáuh sāam nìhn ge gaau-hohk gīng-yihm,I have three years of teaching experience in the U.S.,,
你識唔識用R呀？,你识唔识用R呀？,nei5 sik1-m4-sik1 jung6 R aa3?,néih sīk-m̀h-sīk yuhng R a?,Do you know how to use R?,,
"雖然. . . , 但係 . . .","虽然. . . , 但系 . . .","seoi1-jin4 . . . , daan6-hai6 . . .","sēui-yìhn . . . , daahn-haih . . .","Although . . . , but . . .",,
雖然你好好，但係我唔鍾意你。,虽然你好好，但系我唔钟意你。,"seoi1-jin4 nei5 hou2 hou2, daan6 hai6 ngo5 m4 zung1-ji3 nei5","sēui-yìhn néih hóu hóu, daahn haih ngóh m̀h jūng-yi néih","Although you are very nice, I don't like you",,
高,高,gou1,gōu,tall,,
矮,矮,ai2,ái,short,,
肥,肥,fei4,fèih,fat,,
瘦,瘦,sau3,sau,slender,,
靚,靓,leng3,leng,pretty,,
醜樣,丑样,cau2-joeng2,cháu-yéung,ugly,,
有錢,有钱,jau5-cin2,yáuh-chín,wealthy,,
後生,后生,hau6-saang1,hauh-sāang,young,,
老,老,lou5,lóuh,old,,
你好高呀,你好高呀,nei5 hou2 gou1 aa3,néih hóu gōu a,You are very tall,,
我好矮,我好矮,ngo5 hou2 ai2,ngóh hóu ái,I am very short,,
你今日好靚呀,你今日好靓呀,nei5 gam1-jat6 hou2 leng3 aa3,néih gām-yaht hóu leng a,You are very pretty today,,
雖然我好醜樣，但係我好有錢。,虽然我好丑样，但系我好有钱。,"seoi1-jin4 ngo5 hou2 cau2-joeng2, daan6-hai6 ngo5 hou2 jau5-cin2","sēui-yìhn ngóh hóu cháu-yéung, daahn-haih ngóh hóu yáuh-chín","Although I am very ugly, I am very wealthy",,
雖然你好窮，但係你好後生。,虽然你好穷，但系你好后生。,"seoi1-jin4 nei5 hou2 kung4, daan6-hai6 nei5 hou2 hau6-saang1","sēui-yìhn néih hóu kùhng, daahn-haih néih hóu hauh-sāang","Although you are very poor, you are very young",,
唔開心,唔开心,m4 hoi1 sam1,m̀h hōi sām,Unhappy,,Cantonese::Adverbs
悶,闷,mun6,munh,bored,,
嬲,嬲,nau1,nāu,angry,,
擔心,担心,daam1-sam1,dāam-sām,worried,,
矛盾,矛盾,maau4-teon5,màauh-téuhn,ambivalent,,
我好開心。,我好开心。,ngo5 hou2 hoi1-sam1,ngóh hóu hōi-sām,I am very happy,,
我今日唔開心。,我今日唔开心。,ngo5 gam1-jat6 m4 hoi1-sam1,ngóh gām-yaht m̀h hōi-sām,I am upset today,,
我今日好唔開心。,我今日好唔开心。,ngo5 gam1-jat6 hou2 m4 hoi1-sam1,ngóh gām-yaht hóu m̀h hōi-sām,I am very upset today,,
你今日好忙呀？,你今日好忙呀？,nei5 gam1-jat6 hou2 mong4 aa4?,néih gām-yaht hóu mòhng àh?,Are you very busy today?,,
你唔開心呀 ?,你唔开心呀 ?,nei5 m4 hoi1-sam1 aa4,néih m̀h hōi-sām àh,Are you upset?,,
我今日好攰呀。,我今日好攰呀。,ngo5 gam1-jat6 hou2 gui6 aa3,ngóh gām-yaht hóu guih a,I am very tired today,,
今日返工好悶呀。,今日返工好闷呀。,gam1-jat6 faan1-gung1 hou2 mun6 aa3,gām-yaht fāan-gūng hóu muhn a,It's very boring at work today,,
雖然我今日好攰，但係我好開心。,虽然我今日好攰，但系我好开心。,"seoi1-jin4 ngo5 gam1-jat6 hou2 gui6, daan6-hai6 ngo5 hou2 hoi1-sam1","sēui-yìhn ngóh gām-yaht hóu guih, daahn-haih ngóh hóu hōi-sām","Although I am very tired today, I am very happy",,
好人,好人,hou2-jan4,hóu-yàhn,amiable person,,
勤力,勤力,kan4-lik6,kàhn-lihk,hard-working,,
認真,认真,jing6 zan1,yihng jān,Serious,,
叻,叻,lek1,lēk,smart,,
現實,现实,jin6-sat1,yihn-sāt,realistic,,
有耐性,有耐性,jau5 noi6-sing3,yáuh noih-sing,patient,,
環保,环保,waan4-bou2,wàahn-bóu,eco-friendly,,
你好好人,你好好人,nei5 hou2 hou2-jan4,néih hóu hóu-yàhn,You are very nice,,
佢好勤力,佢好勤力,keoi5 hou2 kan4-lik6,kéuih hóu kàhn-lihk,He/she is very diligent,,
佢太勤力喇,佢太勤力喇,keoi5 taai3 kan4-lik6 laa3,kéuih taai kàhn-lihk la,He/she is too hard-working,,
你真係叻！,你真系叻！,nei5 zan1-hai6 lek1,néih jān-haih lēk,You are really smart!,,
真係,真系,zan1-hai6,jān-haih,indeed,,
香港人真係好現實,香港人真系好现实,hoeng1-gong2 jan4 zan1-hai6 hou2 jin6-sat6,hēung-góng yàhn jān-haih hóu yihn-saht,Hong Kong people are indeed very realistic,,
香港人最環保。,香港人最环保。,hoeng1-gong2 jan4 zeoi3 waan4-bou2,hēung-góng yàhn jeui wàahn-bóu,Hong Kong people are the most eco-friendly,,
香港人最唔環保。,香港人最唔环保。,hoeng1-gong2 jan4 zeoi4 m4 waan4-bou2,hēung-góng yàhn jèuih m̀h wàahn-bóu,Hong Kong people are the least eco-friendly,,
雖然香港人好現實，但係好勤力,虽然香港人好现实，但系好勤力,"seoi1-jin4 hoeng1-gong2 jan4 hou2 jin6-sat6, daan6-hai6 hou2 kan4-lik6","sēui-yìhn hēung-góng yàhn hóu yihn-saht, daahn-haih hóu kàhn-lihk","Although Hong Kongers are very realistic, they are very hard working",,
喂？,喂？,wai2,wái,Hello? (only when picking up the phone),,
喂，爸爸，我係Steve呀。,喂，爸爸，我系Steve呀。,"wai3, baa1 baa1, ngo5 hai6 Steve aa1","wai, bā bā, ngóh haih Steve ā","Hi Dad, it's Steve (only on the phone)",,
"Steve, 你喺香港點樣呀？","Steve, 你喺香港点样呀？","Steve, nei5 hai2 hoeng1-gong2 dim2-joeng2 aa3","Steve, néih hái hēung-góng dím-yéung a","Steve, how are you (doing) in Hong Kong?",,
我好好呀。,我好好呀。,ngo5 hou2 hou2 aa3,ngóh hóu hóu a,I am very well,,
你返工開唔開心呀？,你返工开唔开心呀？,nei5 faan1-gung1 hoi1-m4-hoi1-sam1 aa3?,néih fāan-gūng hōi-m̀h-hōi-sām a?,Are you happy at work?,,
雖然返工好忙，但係我好開心。,虽然返工好忙，但系我好开心。,"seoi1-jin4 faan1-gung1 hou2 mong4, daan6-hai6 ngo5 hou2 hoi1-sam1","sēui-yìhn fāan-gūng hóu mòhng, daahn-haih ngóh hóu hōi-sām","Although going to work is very busy, I am very happy",,
太好喇！你嘅學生點樣呀 ?,太好喇！你嘅学生点样呀 ?,taai3 hou2 laa3! nei5 ge3 hok6-saang1 dim2-joeng2 aa3?,taai hóu la! néih ge hohk-sāang dím-yéung a?,That’s great! How are your students?,,
香港嘅大學生好勤力同好認真。,香港嘅大学生好勤力同好认真。,hoeng1-gong2 ge3 daai6-hok6-saang1 hou2 kan4-lik6 tung4 hou2 jing6-zan1,hēung-góng ge daaih-hohk-sāang hóu kàhn-lihk tùhng hóu yihng-jān,College students in Hong Kong are very hard-working and earnest,,
呢度附近有. . .,呢度附近有. . .,ne1 dou6 fu6 gan6 jau5...,nē douh fuh gahn yáuh...,There are . . . nearby,,
屋,屋,uk1,wūk,house,,
單位,单位,daan1-wai2,dāan-wái,(apartment) unit,,
睡房,睡房,seoi6-fong2,seuih-fóng,bedroom,,
廁所,厕所,ci2-so2,chí-só,toilet,,
洗手間,洗手间,sai2-sau2-gaan1,sái-sáu-gāan,bathroom,,
浴室,浴室,juk6-sat1,yuhk-sāt,bathroom (for bathing),,
廚房,厨房,cyu4 fong2,chyùh fóng,kitchen,,
飯廳,饭厅,faan6-teng1,faahn-tēng,dining room,,
客廳,客厅,haak3-teng1,haak-tēng,living room,,
露臺,露台,lou6-toi4,louh-tòih,balcony,,
地下室,地下室,dei6-haa6-sat1,deih-hah-sāt,basement,,
呢度有兩個睡房,呢度有两个睡房,ni1-dou6 jau5 loeng5-go3 seoi6-fong2,nī-douh yáuh léuhng-go seuih-fóng,There are two bedrooms here,,
呢間屋有一個廚房,呢间屋有一个厨房,ni1-gaan1 uk1 jau5 jat1-go3 cyu4-fong2,nī-gāan ūk yáuh yāt-go chyùh-fóng,This house has one kitchen,,
我屋企冇露臺,我屋企冇露台,ngo5 uk1-kei2 mou5 lou6-toi4,ngóh ūk-kéi móuh louh-tòih,My house has no balcony,,
呢度有冇飯廳呀？,呢度有冇饭厅呀？,ni1-dou6 jau5-mou5 faan6-teng1 aa3?,nī-douh yáuh-móuh faahn-tēng a?,Is there a dining room here?,,
間,间,gaan1,gāan,measure word for rooms,,
呢間屋有3間房,呢间屋有3间房,ni1-gaan1 uk1 jau5 saam1-gaan1 fong2,nī-gāan ūk yáuh sāam-gāan fóng,This house has three rooms,,
我想要露臺。,我想要露台。,ngo5 soeng2 jiu3 lou6-toi4,ngóh séung yiu louh-tòih,I want a balcony,,
呎,呎,cek3,chek,foot / feet (measurement unit),,
平方呎,平方呎,ping4-fong1 cek3,pìhng-fōng chek,square foot (ft2),,
米,米,mai5,máih,meter (measurement unit),,
平方米,平方米,ping4-fong1 mai5,pìhng-fōng máih,square meter (m2),,
吋,吋,cyun3,chyun,inch (measurement unit),,
平方吋,平方吋,ping4-fong1 cyun3,pìhng-fōng chyun,square inch (in2),,
幾(多)米,几(多)米,gei2 (do1) mai5,géi (dō) máih,how many meters?,,
幾(多)平方米,几(多)平方米,gei2 (do1) ping4-fong1 mai5,géi (dō) pìhng-fōng máih,how many square meters,,
幾(多)呎,几(多)呎,gei2 (do1) cek3,géi (dō) chek,how many feet,,
幾(多)平方呎,几(多)平方呎,gei2 (do1) ping4-fong1 cek3,géi (dō) pìhng-fōng chek,how many square feet,,
呢間屋有幾多平方呎呀？,呢间屋有几多平方呎呀？,ni1-gaan1 uk1 jau5 gei2-do1 ping4-fong1 cek3 aa3,nī-gāan ūk yáuh géi-dō pìhng-fōng chek a,How many square feet does this house have?,,
呢間屋有800平方呎。,呢间屋有800平方呎。,ni1-gaan1 uk1 jau5 baat3-baak3 ping4 fong1 cek3,nī-gāan ūk yáuh baat-baak pìhng fōng chek,This house has 800 square feet,,
我屋企有923平方呎,我屋企有923平方呎,ngo5 uk1-kei2 jau5 gau2-baak3 ji6-sap6-saam1 ping4-fong3 cek3,ngóh ūk-kéi yáuh gáu-baak yih-sahp-sāam pìhng-fong chek,My house has 923 square feet,,
呢間房幾大呀？,呢间房几大呀？,ni1-gaan1 fong2 gei2 daai6 aa3,nī-gāan fóng géi daaih a,How big is this room?,,
呢間屋有一間房，350(平方)呎。,呢间屋有一间房，350(平方)呎。,"ni1-gaan1 uk1 jau5 jat1-gaan1 fong2, saam1-baak3 ng5-sap6 (ping4-fong1) cek3","nī-gāan ūk yáuh yāt-gāan fóng, sāam-baak ńgh-sahp (pìhng-fōng) chek","This house has one room, 350 (square) feet.",,
呢間屋一個月8000蚊租金。,呢间屋一个月8000蚊租金。,ni1-gaan1 uk1 jat1-go3 jyut6 baat3-cin1 man1 zou1-gam1,nī-gāan ūk yāt-go yuht baat-chīn mān jōu-gām,"The house's monthly rent is $8,000",,
裏面,里面,leoi5-min6,léuih-mihn,inside,,
出面,出面,ceot1-min6,chēut-mihn,outside,,
香港島,香港岛,hoeng1-gong2 dou2,hēung-góng dóu,Hong Kong Island,,
新界,新界,san1-gaai3,sān-gaai,New Territories,,
九龍,九龙,gau2-lung4,gáu-lùhng,Kowloon,,
遠,远,jyun5,yúnh,far,,
近,近,kan5,kánh,near,,
我住喺九龍。,我住喺九龙。,ngo5 zyu6 hai2 gau2-lung4,ngóh jyuh hái gáu-lùhng,I live in Kowloon,,
我想去香港島。,我想去香港岛。,ngo5 soeng2 heoi3 hoeng1-gong2 dou2,ngóh séung heui hēung-góng dóu,I want to go to Hong Kong Island,,
呢度附近有咩呀？,呢度附近有咩呀？,ni1-dou6 fu6-gan6 jau5 me1 aa3?,nī-douh fuh-gahn yáuh mē a?,What is near here,,
呢度附近有冇茶餐廳呀？,呢度附近有冇茶餐厅呀？,ni1-dou6 fu6-gan6 jau5-mou5 caa4-caan1-teng1 aa3?,nī-douh fuh-gahn yáuh-móuh chàh-chāan-tēng a?,Are there any Hong Kong-style café restaurants nearby?,,
茶餐廳,茶餐厅,caa4-caan1-teng1,chàh-chāan-tēng,Hong Kong style café,,
呢度去港島好遠。,呢度去港岛好远。,ni1-dou6 heoi3 gong2-dou2 hou2 jyun5,nī-douh heui góng-dóu hóu yúhn,Hong Kong Island is very far to go to from here.,,
港島,港岛,gong2-dou2,góng-dóu,(short for) Hong Kong Island,,
呢度返工好近。,呢度返工好近。,ni1-dou6 faan1-gung1 hou2 kan5,nī-douh fāan-gūng hóu káhn,Work is very near to here,,
九龍好近呢度。,九龙好近呢度。,gau2-lung4 hou2 kan5 ni1-dou6,gáu-lùhng hóu káhn nī-douh,Kowloon is very near to here,,
你好，我想租屋,你好，我想租屋,"nei5 hou2, ngo5 soeng2 zou1 uk1","néih hóu, ngóh séung jōu ūk","Hi, I would like to rent a house / apartment",,
你好先生，你想租邊度呀？,你好先生，你想租边度呀？,"nei5-hou2 sin1-saang1, nei5 soeng2 zou1 bin1-dou6 aa3?","néih-hóu sīn-sāang, néih séung jōu bīn-douh a?","Hi sir, where would you like to rent?",,
我想租喺九龍。,我想租喺九龙。,ngo5 soeng2 zou1 hai2 gau2-lung4,ngóh séung jōu hái gáu-lùhng,I would like to rent in Kowloon,,
你睇下呢個單位。,你睇下呢个单位。,nei5 tai2 haa5 ni1-go3 daan1-wai2,néih tái háh nī-go dāan-wái,Take a look at this (apartment) unit,,
呢個單位係喺邊度呀？,呢个单位系喺边度呀？,ni1-go3 daan1-wai2 hai6 hai2 bin1-dou6 aa3?,nī-go dāan-wái haih hái bīn-douh a?,Where is this unit?,,
喺油麻地。,喺油麻地。,hai2 jau4-maa4-dei2,hái yàuh-màh-déi,It's in Yau Ma Tei,,
呢度去旺角同佐敦好近。,呢度去旺角同佐敦好近。,ni1-dou6 heoi3 wong6-gok3 tung4 zo2-deon1 hou2 kan5,nī-douh heui wohng-gok tùhng jó-dēun hóu káhn,Mong Kok and Jordan are very near to here,,
呢間屋幾大呀？,呢间屋几大呀？,ni1-gaan1 uk1 gei2 daai6 aa3?,nī-gāan ūk géi daaih a?,How big is this (apartment) unit,,
呢間屋有940呎,呢间屋有940呎,ni1-gaan1 uk1 jau5 gau2-baak3 sei3-sap6 cek3,nī-gāan ūk yáuh gáu-baak sei-sahp chek,This unit has 940 (square) feet,,
有兩個睡房、一個廚房、一個客廳、一個浴室、同一個露臺。,有两个睡房、一个厨房、一个客厅、一个浴室、同一个露台。,"jau5 loeng5-go3 seoi6-fong2, jat1-go3 cyu4-fong2, jat1-go3 haak3-teng1, jat1-go3 juk6-sat1, tung4 jat1-go3 lou6-toi4","yáuh léuhng-go seuih-fóng, yāt-go chyùh-fóng, yāt-go haak-tēng, yāt-go yuhk-sāt, tùhng yāt-go louh-tòih","There are two bedrooms, one kitchen, one living room, one bathroom, and one balcony",,
呢度附近有咩呀？,呢度附近有咩呀？,ni1-dou6 fu6-gan6 jau5 me1 aa3?,nī-douh fuh-gahn yáuh mē a?,What is around here?,,
呢度附近有好多茶餐廳。,呢度附近有好多茶餐厅。,ni1-dou6 fu6-gan6 jau5 hou2-do1 caa4-caan1-teng1,nī-douh fuh-gahn yáuh hóu-dō chàh-chāan-tēng,There are many Hong Kong-style café restaurants nearby.,,
一個月幾錢呀？,一个月几钱呀？,jat1-go3 jyut6 gei2-cin2 aa3?,yāt-go yuht géi-chín a?,How much money is it for a month?,,
"好平，一個月27,000蚊","好平，一个月27,000蚊","hou2 peng4, jat1-go3 jyut6 ji6-maan6 cat1-cin1 man1","hóu pèhng, yāt-go yuht yih-maahn chāt-chīn mān","It's very cheap, $27,000 (HKD) for a month",,
你覺得點呀 ?,你觉得点呀 ?,nei5 gok3-dak1 dim2 aa3?,néih gok-dāk dím a?,What do you think?,,
我覺得唔錯。,我觉得唔错。,ngo5 gok3-dak1 m4-co3,ngóh gok-dāk m̀h-cho,I think it's not bad,,
你今日去邊度食晏呀？,你今日去边度食晏呀？,nei5 gam1 jat6 heoi3 bin1 dou6 sik6 ngaan3 aa1？,néih gām yaht heui bīn douh sihk ngaan ā,Where are you going to eat lunch today?,,
餐,餐,caan1,chāan,meal,,
午餐,午餐,ng5-caan1,ńgh-chāan,lunch,,
晚餐,晚餐,maan5-caan1,máahn-chāan,dinner,,
冰室,冰室,bing1-sat1,bīng-sāt,(an earlier version of Hong Kong Style Café),,
酒樓,酒楼,zau2-lau4,jáu-làuh,Chinese restaurant,,
茶樓,茶楼,caa4-lau4,chàh-làuh,Chinese restaurant,,
大排檔,大排档,daai6-paai4-dong3,daaih-pàaih-dong,food stall,,
一間餐廳,一间餐厅,jat1-gaan1 caan1-teng1,yāt-gāan chāan-tēng,one restaurant,,
一間冰室,一间冰室,jat-gaan1 bing1-sat1,jat-gāan bīng-sāt,one traditional Hong Kong-style café restaurant,,
一間酒樓,一间酒楼,jat1-gaan1 zau2-lau4,yāt-gāan jáu-làuh,one Chinese restaurant,,
嘢,嘢,je5,yéh,thing,,
我今日午餐食咗好多嘢。,我今日午餐食咗好多嘢。,ngo5 gam1-jat6 ng5-caan1 sik6 zo2 hou2-do1 je5,ngóh gām-yaht ńgh-chāan sihk jó hóu-dō yéh,I ate a lot for lunch today,,
你今日午餐食咗咩呀?,你今日午餐食咗咩呀?,nei5 gam1-jat6 ng5-caan1 sik6 zo2 me1 aa3?,néih gām-yaht ńgh-chāan sihk jó mē a?,What did you eat for lunch today?,,
我今日喺. . .餐廳食晏,我今日喺. . .餐厅食晏,ngo5 gam1-jat6 hai2 . . . caan1-teng1 sik6 aan3,ngóh gām-yaht hái . . . chāan-tēng sihk aan,I ate at . . . restaurant today,,
食晏,食晏,sik6 aan3,sihk aan,to eat lunch,,
你今日去咗邊度食晏呀？,你今日去咗边度食晏呀？,nei5 gam1-jat6 heoi3 zo2 bin1-dou6 sik6 aan3 aa3?,néih gām-yaht heui jó bīn-douh sihk aan a?,Where did you go to eat lunch today?,,
我間新屋幾好，但係都係無wifi,我间新屋几好，但系都系无wifi,ngo5 gaan1 san1 nguk1 gei2 hou2 ，daan6 hai6 dou1 hai6 mou4 wifi,ngóh gāan sān ngūk géi hóu ，daahn haih dōu haih mòuh wifi,"My new apartment is nice, but still has no wifi",,Cantonese::Lessons
我鍾意我教嘅學校，個個都好好。,我钟意我教嘅学校，个个都好好。,"ngo5 zung1 ji3 ngo5 gaau3 ge3 hok6 haau6, go3 go3 dou1 hou2 hou2。","ngóh jūng yi ngóh gaau ge hohk haauh, go go dōu hóu hóu。","I like the school I teach at, everyone is very nice",,Cantonese::Lessons
呢個鎮好細，但係有好好嘅火車連接去柏林。,呢个镇好细，但系有好好嘅火车连接去柏林。,"ni1 go3 zan3 hou2 sai3, daan6 hai6 jau5 hou2 hou2 ge3 fo2 ce1 lin4 zip3 heoi3 paak3 lam4。","nī go jan hóu sai, daahn haih yáuh hóu hóu ge fó chē lìhn jip heui paak làhm。","This town is very small, but has a good train connection to Berlin.",,Cantonese::Lessons
德國嘅蜂窩數據好貴。,德国嘅蜂窝数据好贵。,dak1 gwok3 ge3 fung1 wo1 sou3 geoi3 hou2 gwai3。,dāk gwok ge fūng wō sou geui hóu gwai,Cellular data in Germany is expensive.,,Cantonese::Lessons
今日早餐食咗麵包同紅茶。,今日早餐食咗面包同红茶。,gam1 jat6 zou2 caan1 sik6 zo2 min6 baau1 tung4 hung4 caa4。,gām yaht jóu chāan sihk jó minh bāau tùngh hùngh chàh,Today I had bread and red tea for breakfast.,,Cantonese::Lessons
今日我六點半起身，沖咗涼，刷牙，然後着衫返工。,今日我六点半起身，冲咗凉，刷牙，然后着衫返工。,gam1 jat6 ngo5 luk6 dim2 bun3 hei2 san1，cung1 zo2 loeng4，caat3 ngaa4，jin4 hau6 zoek3 saam1 faan1 gung1。,gām yaht ngóh luhk dím bun héi sān，chūng jó lèuhng，chaat ngàh，yìhn hauh jeuk sāam fāan gūng。,"Today I woke up at 6:30am, took a shower, brushed my teeth, and got dressed for work.",,Cantonese::Lessons
德國嘅雜貨平過美國。,德国嘅杂货平过美国。,dak1 gwok3 ge3 zaap6 fo3 ping4 gwo3 mei5 gwok3。,dāk gwok ge jaahp fo pìngh gwo méih gwok,Groceries in Germany are cheaper than in the US.,,Cantonese::Lessons
最近，我嘗試認真啲同經常啲溫書。,最近，我尝试认真啲同经常啲温书。,"zeoi3 gan6, ngo5 soeng4 si3 jing6 zan1 di1 tung4 ging1 soeng4 di1 wan1 syu1。","jeui gahn, ngóh sèuhng si yihng jān dī tùhng gīng sèuhng dī wān syū。","Lately, I've been trying to study more seriously and more often.",,Cantonese::Lessons
今年教完書之後，我想去香港讀書。,今年教完书之后，我想去香港读书。,gam1 nin4 gaau3 jyun4 syu1 zi1 hau6，ngo5 soeng2 heoi3 hoeng1 gong2 duk6 syu1。,gām nìhn gaau yùhn syū jī hauh，ngóh séung heui hēung góng duhk syū。,"After I teach this year, I would like to study in Hong Kong.",,Cantonese::Lessons
德國人可能好難交朋友，所以我呢度嘅朋友大部分都係外國人。,德国人可能好难交朋友，所以我呢度嘅朋友大部分都系外国人。,"dak1 gwok3 jan4 ho2 nang4 hou2 naan4 gaau1 pang4 jau5, so2 ji5 ngo5 ni1 dou6 ge3 pang4 jau5 daai6 bou6 fan6 dou1 hai6 ngoi6 gwok3 jan4。","dāk gwok yàhn hó nàhng hóu nàahn gāau pàhng yáuh, só yíh ngóh nī douh ge pàhng yáuh daaih bouh fahn dōu haih ngoih gwok yàhn。","German people can be difficult to make friends with, so most of my friends here are foreigners.",,Cantonese::Lessons
有一日，一旦我識講好啲嘅廣東話，我亦都會嘗試學普通話。,有一日，一旦我识讲好啲嘅广东话，我亦都会尝试学普通话。,jau5 jat1 jat6，jat1 daan3 ngo5 sik1 gong2 hou2 di1 ge3 gwong2 dung1 waa2，ngo5 jik6 dou1 wui5 soeng4 si3 hok6 pou2 tung1 waa2。,yáuh yāt yaht，yāt daan ngóh sīk góng hóu dī ge gwóng dūng wá，ngóh yihk dōu wúih sèuhng si hohk póu tūng wá。,"One Day, once I can speak better Cantonese, I will also try to learn Mandarin.",,Cantonese::Lessons
當我感到傷心嘅時候，我會一係睇書，一係彈結他，一係去散步，一係溫書，一係聽歌，一係睇戲,当我感到伤心嘅时候，我会一系睇书，一系弹结他，一系去散步，一系温书，一系听歌，一系睇戏,dong1 ngo5 gam2 dou3 soeng1 sam1 ge3 si4 hau6，ngo5 wui5 jat1 hai6 tai2 syu1，jat1 hai6 taan4 git3 taa1，jat1 hai6 heoi3 saan3 bou6，jat1 hai6 wan1 syu1，jat1 hai6 teng1 go1，jat1 hai6 tai2 hei3,dōng ngóh gám dou sēung sām ge sìh hauh，ngóh wúih yāt haih tái syū，yāt haih tàahn git tā，yāt haih heui saan bouh，yāt haih wān syū，yāt haih tēng gō，yāt haih tái hei,"When I am feeling sad, I will either read, play guitar, go for a walk, study, listen to music, or watch a movie",,Cantonese::Lessons
我叫咗啲我最鍾意嘅童年電影嘅廣東話版。,我叫咗啲我最钟意嘅童年电影嘅广东话版。,ngo5 giu3 zo2 di1 ngo5 zeoi3 zung1 ji3 ge3 tung4 nin4 din6 jing2 ge3 gwong2 dung1 waa2 baan2。,ngóh giu jó dī ngóh jeui jūng yi ge tùngh nình dinh yíng ge gwóng dūng wá báan,I ordered the Cantonese version of some of my favorite childhood movies.,,Cantonese::Lessons
我冇任何寵物，但係我會嘗試餵我鎮上嘅流浪貓。,我冇任何宠物，但系我会尝试喂我镇上嘅流浪猫。,ngo5 mou5 jam6 ho4 cung2 mat6，daan6 hai6 ngo5 wui5 soeng4 si3 wai3 ngo5 zan3 soeng6 ge3 lau4 long6 maau1。,ngóh móuh yahm hòh chúng maht，daahn haih ngóh wúih sèuhng si wai ngóh jan seuhng ge làuh lohng māau。,"I don't have any pets, but I try to feed the stray cats in my town.",,Cantonese::Lessons
如果我可以養寵物，我會養一隻黑貓。,如果我可以养宠物，我会养一只黑猫。,jyu4 gwo2 ngo5 ho2 ji5 joeng5 cung2 mat6，ngo5 wui5 joeng5 jat1 zek3 haak1 maau1。,yùh gwó ngóh hó yíh yéuhng chúng maht，ngóh wúih yéuhng yāt jek hāak māau。,"If I could have a pet, I would get a black cat.",,Cantonese::Lessons
如果黑貓畀人罵，噉我就想要佢哋嘅罵詞,如果黑猫畀人骂，噉我就想要佢哋嘅骂词,jyu4 gwo2 haak1 maau1 bei2 jan4 maa6，gam2 ngo5 zau6 soeng2 jiu3 keoi5 dei6 ge3 maa6 ci4,yùh gwó hāak māau béi yàhn mah，gám ngóh jauh séung yiu kéuih deih ge mah chìh,"If black cats are cursed, then I would like their curse",,Cantonese::Lessons
我最鍾意嘅電影係歷史反戰電影。,我最钟意嘅电影系历史反战电影。,ngo5 zeoi3 zung1 ji3 ge3 din6 jing2 hai6 lik6 si2 faan2 zin3 din6 jing2。,ngóh jeui jūng yi ge dinh yíng haih lihk sí fáan jin dinh yíng,My favorite movies are historical anti-war films.,,Cantonese::Lessons
我最鍾意嘅廣東樂隊係 My Little Airport 、 C-All Star 同 ToNick,我最钟意嘅广东乐队系 My Little Airport 、 C-All Star 同 ToNick,ngo5 zeoi3 zung1 ji3 ge3 gwong2 dung1 ngok6 deoi2 hai6 My Little Airport ， C-All Star ，tung4 ToNick,ngóh jeui jūng yi ge gwóng dūng ngohk déui haih My Little Airport C-All Star tùngh ToNick,"My favorite Cantonese bands are My Little Airport, C-All Star, and ToNick",,Cantonese::Lessons
除咗結他之外，我仲學緊彈奧卡里納。,除咗结他之外，我仲学紧弹奥卡里纳。,ceoi4 zo2 git3 taa1 zi1 ngoi6，ngo5 zung6 hok6 gan2 daan2 ou3 kaa1 lei5 naap6。,chèuih jó git tā jī ngoih，ngóh juhng hohk gán dáan ou kā léih naahp。,"Besides Guitar, I am also learning to play the Ocarina",,Cantonese::Lessons
喺德國人哋飲好多啤酒，所以我喺呢度嘅時候都盡量唔好飲酒。,喺德国人哋饮好多啤酒，所以我喺呢度嘅时候都尽量唔好饮酒。,hai2 dak1 gwok3 jan4 dei6 jam2 hou2 do1 be1 zau2，so2 ji5 ngo5 hai2 ni1 dou6 ge3 si4 hau6 dou1 zeon6 loeng6 m4 hou2 jam2 zau2。,hái dāk gwok yàhn deih yám hóu dō bē jáu，só yíh ngóh hái nī douh ge sìh hauh dōu jeuhn leuhng m̀h hóu yám jáu。,"In Germany people drink lots of beer, that's why I am trying to not drink alcohol while I'm here.",,Cantonese::Lessons
同美國相比，德國食煙嘅人多好多。,同美国相比，德国食烟嘅人多好多。,tung4 mei5 gwok3 soeng1 bei2，dak1 gwok3 sik6 jin1 ge3 jan4 do1 hou2 do1。,tùhng méih gwok sēung béi，dāk gwok sihk yīn ge yàhn dō hóu dō。,Way more people smoke cigarettes in Germany compared to the US.,,Cantonese::Lessons
三十歲前，我想去香港、深圳、廣州、重慶、成都、北京旅行。,三十岁前，我想去香港、深圳、广州、重庆、成都、北京旅行。,saam1 sap6 seoi3 cin4，ngo5 soeng2 heoi3 hoeng1 gong2、sam1 zan3、gwong2 zau1、cung4 hing3、sing4 dou1、bak1 ging1 leoi5 hang4。,sāam sahp seui chìhn，ngóh séung heui hēung góng、sām jan、gwóng jāu、chùhng hing、sìhng dōu、bāk gīng léuih hàhng。,"Before I turn 30 years old, I would like to travel to Hong Kong, Shenzhen, Guangzhou, Chongqing, Chengdu, and Beijing.",,Cantonese::Lessons
我想去中國讀書或者搵實習，但係我唔知點樣。,我想去中国读书或者揾实习，但系我唔知点样。,ngo5 soeng2 heoi3 zung1 gwok3 duk6 syu1 waak6 ze2 wan2 sat6 zaap6，daan6 hai6 ngo5 m4 zi1 dim2 joeng2。,ngóh séung heui jūng gwok duhk syū waahk jé wán saht jaahp，daahn haih ngóh m̀h jī dím yéung。,"I would like to study or find an internship in China, but I am not sure how.",,Cantonese::Lessons
我都係想令我嘅廣東話學習更加有效。,我都系想令我嘅广东话学习更加有效。,ngo5 dou1 hai6 soeng2 ling6 ngo5 ge3 gwong2 dung1 waa2 hok6 zaap6 gang3 gaa1 jau5 haau6。,ngóh dōu haih séung lingh ngóh ge gwóng dūng wá hohk jaahp gang gā yáuh haauh,I am trying to make my Cantonese studying more effective.,,Cantonese::Lessons
雖然我永遠唔會放棄，但有時我仍然會努力保持動力。,虽然我永远唔会放弃，但有时我仍然会努力保持动力。,seoi1 jin4 ngo5 wing5 jyun5 m4 wui5 fong3 hei3，daan6 jau5 si4 ngo5 jing4 jin4 wui5 nou5 lik6 bou2 ci4 dung6 lik6。,sēui yìhn ngóh wíhng yúhn m̀h wúih fong hei，daahn yáuh sìh ngóh yìhng yìhn wúih nóuh lihk bóu chìh duhng lihk。,"Although I will never give up, sometimes I still struggle to stay motivated.",,Cantonese::Lessons
我喺波士頓有啲朋友，但係大多數都係我爸爸掛住我。,我喺波士顿有啲朋友，但系大多数都系我爸爸挂住我。,ngo5 hai2 bo1 si6 deon2 jau5 di1 pang4 jau5，daan6 hai6 daai6 do1 sou3 dou1 hai6 ngo5 baa4 baa1 gwaa3 zyu6 ngo5。,ngóh hái bō sih déun yáuh dī pàhng yáuh，daahn haih daaih dō sou dōu haih ngóh bàh bā gwa jyuh ngóh。,"I have some friends in Boston, but mostly it is my Dad who misses me.",,Cantonese::Lessons
如果講再見好痛，就代表你已經好好噉過咗你嘅時間。,如果讲再见好痛，就代表你已经好好噉过咗你嘅时间。,"jyu4 gwo2 gong2 zoi3 gin3 hou2 tung3, zau6 doi6 biu2 nei5 ji5 ging1 hou2 hou2 gam2 gwo3 zo2 nei5 ge3 si4 gaan3。","yùh gwó góng joi gin hóu tung, jauh doih bíu néih yíh gīng hóu hóu gám gwo jó néih ge sìh gaan。","If a goodbye hurts, it means you've spent your time well",,Cantonese::PositivityMaxxing
你值得被人揀、爭取同愛，就算有啲人令你諗唔同嘅嘢。,你值得被人拣、争取同爱，就算有啲人令你谂唔同嘅嘢。,"nei5 zik6 dak1 bei6 jan4 gaan2, zang1 ceoi2 tung4 oi3, zau6 syun3 jau5 di1 jan4 ling6 nei5 nam2 m4 tung4 ge3 je5。","néih jihk dāk beih yàhn gáan, jāng chéui tùhng oi, jauh syun yáuh dī yàhn lihng néih nám m̀h tùhng ge yéh。","You are worthy of being chosen, fought for, and loved, even if some people made you think differently.",,Cantonese::PositivityMaxxing
有時你會覺得自己想消失，但係你真正想要嘅只係被人搵到。,有时你会觉得自己想消失，但系你真正想要嘅只系被人揾到。,"jau5 si4 nei5 wui5 gok3 dak1 zi6 gei2 soeng2 siu1 sat1, daan6 hai6 nei5 zan1 zing3 soeng2 jiu3 ge3 zi2 hai6 bei6 jan4 wan2 dou2。","yáuh sìh néih wúih gok dāk jih géi séung sīu sāt, daahn haih néih jān jing séung yiu ge jí haih beih yàhn wán dóu。","Sometimes you think that you want to disappear, but all you really want is to be found.",,Cantonese::PositivityMaxxing
正常化靜靜地存在，唔使同任何人解釋自己。,正常化静静地存在，唔使同任何人解释自己。,"zing3 soeng4 faa3 zing6 zing6 dei6 cyun4 zoi6, m4 sai2 tung4 jam6 ho4 jan4 gaai2 sik1 zi6 gei2。","jing sèuhng fa jihng jihng deih chyùhn joih, m̀h sái tùhng yahm hòh yàhn gáai sīk jih géi。",Normalize quietly existing without explaining yourself to anyone.,,Cantonese::PositivityMaxxing
我希望你揀啲揀你嘅人。,我希望你拣啲拣你嘅人。,ngo5 hei1 mong6 nei5 gaan2 di1 gaan2 nei5 ge3 jan4。,ngóh hēi mongh néih gáan dī gáan néih ge yành,I hope you choose people that choose you.,,Cantonese::PositivityMaxxing
人哋點對待你係佢哋嘅路，你點樣回應係你嘅。,人哋点对待你系佢哋嘅路，你点样回应系你嘅。,"jan4 dei6 dim2 deoi3 doi6 nei5 hai6 keoi5 dei6 ge3 lou6, nei5 dim2 joeng2 wui4 jing3 hai6 nei5 ge3。","yàhn deih dím deui doih néih haih kéuih deih ge louh, néih dím yéung wùih ying haih néih ge。","How others treat you is their path, how you respond is yours.",,Cantonese::PositivityMaxxing
首先你畀佢痛，然後你畀佢走。,首先你畀佢痛，然后你畀佢走。,"sau2 sin1 nei5 bei2 keoi5 tung3, jin4 hau6 nei5 bei2 keoi5 zau2。","sáu sīn néih béi kéuih tung, yìhn hauh néih béi kéuih jáu。","First you let it hurt, then you let it go.",,Cantonese::PositivityMaxxing
唔好為咗一個暫時嘅感覺而破壞你嘅未來。,唔好为咗一个暂时嘅感觉而破坏你嘅未来。,m4 hou2 wai6 zo2 jat1 go3 zaam6 si4 ge3 gam2 gok3 ji4 po3 waai6 nei5 ge3 mei6 loi4。,mh hóu waih jó yāt go jaamh sìh ge gám gok yìh po waaih néih ge meih lòih,Don't ruin your future for a temporary feeling,,Cantonese::PositivityMaxxing
有一日，你會繼續前進，得到療癒，並且容許自己喺自己內心搵到安寧。,有一日，你会继续前进，得到疗愈，并且容许自己喺自己内心揾到安宁。,jau5 jat1 jat6，nei5 wui5 gai3 zuk6 cin4 zeon3，dak1 dou2 liu4 jyu6，bing6 ce2 jung4 heoi2 zi6 gei2 hai2 zi6 gei2 noi6 sam1 wan2 dou2 on1 ning4。,yáuh yāt yaht，néih wúih gai juhk chìhn jeun，dāk dóu lìuh yuh，bihng ché yùhng héui jih géi hái jih géi noih sām wán dóu ōn nìhng。,"One day, you will have moved on, healed, and allowed yourself to find peace within yourself.",,Cantonese::PositivityMaxxing
再見唔係永遠，亦唔係結局，簡單嚟講就係我會掛住你，直到我哋再見面。,再见唔系永远，亦唔系结局，简单嚟讲就系我会挂住你，直到我哋再见面。,zoi3 gin3 m4 hai6 wing5 jyun5，jik6 m4 hai6 git3 guk6，gaan2 daan1 lai4 gong2 zau6 hai6 ngo5 wui5 gwaa3 zyu6 nei5，zik6 dou3 ngo5 dei6 zoi3 gin3 min6。,joi gin m̀h haih wíhng yúhn，yihk m̀h haih git guhk，gáan dāan làih góng jauh haih ngóh wúih gwa jyuh néih，jihk dou ngóh deih joi gin mihn。,"Goodbyes are not forever, nor the end, it simply means I'll miss you until we meet again.",,Cantonese::PositivityMaxxing
為咗有新嘅嘢開始，我哋要接受過去嘅嘢嘅結束。,为咗有新嘅嘢开始，我哋要接受过去嘅嘢嘅结束。,wai6 zo2 jau5 san1 ge3 je5 hoi1 ci2，ngo5 dei6 jiu3 zip3 sau6 gwo3 heoi3 ge3 je5 ge3 git3 cuk1。,waih jó yáuh sān ge yéh hōi chí，ngóh deih yiu jip sauh gwo heui ge yéh ge git chūk。,"In order for something new to begin, we have to accept the end of something past.",,Cantonese::PositivityMaxxing
消失都冇問題，直到你重新覺得自己係自己。,消失都冇问题，直到你重新觉得自己系自己。,siu1 sat1 dou1 mou5 man6 tai4，zik6 dou3 nei5 cung4 san1 gok3 dak1 zi6 gei2 hai6 zi6 gei2。,sīu sāt dōu móuh mahn tàih，jihk dou néih chùhng sān gok dāk jih géi haih jih géi。,It's okay to disappear until you feel like yourself again.,,Cantonese::PositivityMaxxing
仲未搞清楚都冇問題。,仲未搞清楚都冇问题。,zung6 mei6 gaau2 cing1 co2 dou1 mou5 man6 tai4,jungh meih gáau chīng chó dōu móuh manh tàih,It's okay to not have it all figured out yet.,,Cantonese::PositivityMaxxing
喺成個宇宙入面，樹木無疑係比鑽石更有價值。,喺成个宇宙入面，树木无疑系比钻石更有价值。,hai2 seng4 go3 jyu5 zau6 jap6 min6，syu6 muk6 mou4 ji4 hai6 bei2 zyun3 sek6 gang3 jau5 gaa3 zik6。,hái sèhng go yúh jauh yahp mihn，syuh muhk mòuh yìh haih béi jyun sehk gang yáuh ga jihk。,In the entire universe trees are undoubtedly more valuable than diamonds.,,Cantonese::PositivityMaxxing
你行幾快唔係好重要，重要嘅係你唔好放棄。,你行几快唔系好重要，重要嘅系你唔好放弃。,nei5 haang4 gei2 faai3 m4 hai6 hou2 zung6 jiu3，zung6 jiu3 ge3 hai6 nei5 m4 hou2 fong3 hei3。,néih hàahng géi faai m̀h haih hóu juhng yiu，juhng yiu ge haih néih m̀h hóu fong hei。,"How fast you go isn't of great importance, what matters is that you don't give up.",,Cantonese::PositivityMaxxing
每一點進步都好重要。,每一点进步都好重要。,mui5 jat1 dim2 zeon3 bou6 dou1 hou2 zung6 jiu3。,múih yāt dím jeun bouh dōu hóu jungh yiu,Every bit of progress counts,,Cantonese::PositivityMaxxing
唔好為咗保暖其他人而自焚。,唔好为咗保暖其他人而自焚。,m4 hou2 wai6 zo2 bou2 nyun5 kei4 taa1 jan4 ji4 zi6 fan4。,mh hóu waih jó bóu nyúnh kèih tā yành yìh jih fành,Don't set yourself on fire trying to keep others warm.,,Cantonese::PositivityMaxxing
你嘅自我愛一定要比你想畀人愛嘅慾望更強。,你嘅自我爱一定要比你想畀人爱嘅欲望更强。,nei5 ge3 zi6 ngo5 oi3 jat1 ding6 jiu3 bei2 nei5 soeng2 bei2 jan4 oi3 ge3 juk6 mong6 gang3 koeng4。,néih ge jih ngóh oi yāt dingh yiu béi néih séung béi yành oi ge yuhk mongh gang kèungh,Your self love must always be stronger than your desire to be loved by others.,,Cantonese::PositivityMaxxing
放低憤怒、後悔同擔心。人生轉瞬即逝，幸福值得堅持。,放低愤怒、后悔同担心。人生转瞬即逝，幸福值得坚持。,fong3 dai1 fan5 nou6、hau6 fui3 tung4 daam1 sam1。jan4 sang1 zyun2 seon3 zik1 sai6，hang6 fuk1 zik6 dak1 gin1 ci4。,fong dāi fáhn nouh、hauh fui tùhng dāam sām。yàhn sāng jyún seun jīk saih，hahng fūk jihk dāk gīn chìh。,"Let go of anger, regret, and worry. Life is fleeting and happiness is worth holding onto.",,Cantonese::PositivityMaxxing
有一日你會好開心你繼續前進，得到療癒，並且容許自己安寧。,有一日你会好开心你继续前进，得到疗愈，并且容许自己安宁。,jau5 jat1 jat6 nei5 wui5 hou2 hoi1 sam1 nei5 gai3 zuk6 cin4 zeon3，dak1 dou2 liu4 jyu6，bing6 ce2 jung4 heoi2 zi6 gei2 on1 ning4。,yáuh yāt yaht néih wúih hóu hōi sām néih gai juhk chìhn jeun，dāk dóu lìuh yuh，bihng ché yùhng héui jih géi ōn nìhng。,"One day you'll be happy you moved on, healed, and allowed peace in yourself.",,Cantonese::PositivityMaxxing
任何人都可以愛一朵花，但係要愛一片葉，就要花好多時間。,任何人都可以爱一朵花，但系要爱一片叶，就要花好多时间。,jam6 ho4 jan4 dou1 ho2 ji5 oi3 jat1 do2 faa1，daan6 hai6 jiu3 oi3 jat1 pin3 jip6，zau6 jiu3 faa1 hou2 do1 si4 gaan3。,yahm hòh yàhn dōu hó yíh oi yāt dó fā，daahn haih yiu oi yāt pin yihp，jauh yiu fā hóu dō sìh gaan。,"Anyone can love a flower, but it takes a lot to love a leaf.",,Cantonese::PositivityMaxxing
愛靚係普通，但愛平凡就係靚。,爱靓系普通，但爱平凡就系靓。,oi3 leng3 hai6 pou2 tung1，daan6 oi3 ping4 faan4 zau6 hai6 leng3。,oi leng haih póu tūng，daahn oi pìhng fàahn jauh haih leng。,"It's ordinary to love the beautiful, but it's beautiful to love the ordinary.",,Cantonese::PositivityMaxxing
呢個世界一向都充滿美好，但係你要留意佢嘅事。,呢个世界一向都充满美好，但系你要留意佢嘅事。,ni1 go3 sai3 gaai3 jat1 hoeng3 dou1 cung1 mun5 mei5 hou2，daan6 hai6 nei5 jiu3 lau4 ji3 keoi5 ge3 si6。,nī go sai gaai yāt heung dōu chūng múhn méih hóu，daahn haih néih yiu làuh yi kéuih ge sih。,"This world has always been filled with beauty, but it's up to you to notice it.",,Cantonese::PositivityMaxxing
好好對待自己，休息足夠先可以好返。,好好对待自己，休息足够先可以好返。,hou2 hou2 deoi3 doi6 zi6 gei2，jau1 sik1 zuk1 gau3 sin1 ho2 ji5 hou2 faan1。,hóu hóu deui doih jih géi，yāu sīk jūk gau sīn hó yíh hóu fāan。,Treat yourself kindly and get enough rest to heal.,,Cantonese::PositivityMaxxing
有一日，有人會以你應有嘅方式去愛你，而你就唔使為咗佢而爭取。,有一日，有人会以你应有嘅方式去爱你，而你就唔使为咗佢而争取。,jau5 jat1 jat6，jau5 jan4 wui5 ji5 nei5 jing1 jau5 ge3 fong1 sik1 heoi3 oi3 nei5，ji4 nei5 zau6 m4 sai2 wai6 zo2 keoi5 ji4 zang1 ceoi2。,yáuh yāt yaht，yáuh yàhn wúih yíh néih yīng yáuh ge fōng sīk heui oi néih，yìh néih jauh m̀h sái waih jó kéuih yìh jāng chéui。,"One day, someone will love you the way you deserve to be loved and you won't have to fight for it.",,Cantonese::PositivityMaxxing
記唔記得上次你以為自己做唔到，但係之後你做咗？,记唔记得上次你以为自己做唔到，但系之后你做咗？,gei3 m4 gei3 dak1 soeng6 ci3 nei5 ji5 wai4 zi6 gei2 zou6 m4 dou2，daan6 hai6 zi1 hau6 nei5 zou6 zo2？,gei m̀h gei dāk seuhng chi néih yíh wàih jih géi jouh m̀h dóu，daahn haih jī hauh néih jouh jó？,"Remember the last time you thought you couldn't do it, but then you did?",,Cantonese::PositivityMaxxing
由愛去做。唔係為咗愛。,由爱去做。唔系为咗爱。,jau4 oi3 heoi3 zou6。m4 hai6 wai6 zo2 oi3。,yàuh oi heui jouh。m̀h haih waih jó oi。,Do it from love. Not for love.,,Cantonese::PositivityMaxxing
你人生中一啲最好嘅日子仲未發生。,你人生中一啲最好嘅日子仲未发生。,nei5 jan4 sang1 zung1 jat1 di1 zeoi3 hou2 ge3 jat6 zi2 zung6 mei6 faat3 sang1。,néih yành sāng jūng yāt dī jeui hóu ge yaht jí jungh meih faat sāng,Some of the best days of your life haven't happened yet,,Cantonese::PositivityMaxxing
偉大嘅領導者會啟發其他人嘅偉大。,伟大嘅领导者会启发其他人嘅伟大。,wai5 daai6 ge3 ling5 dou6 ze2 wui5 kai2 faat3 kei4 taa1 jan4 ge3 wai5 daai6。,wáih daaih ge língh douh jé wúih kái faat kèih tā yành ge wáih daaih,Great leaders inspire greatness in others.,,Cantonese::JediCode Cantonese::PositivityMaxxing
對於唔被自我盲目嘅人嚟講，容易係智慧嘅道路。,对于唔被自我盲目嘅人嚟讲，容易系智慧嘅道路。,deoi3 jyu1 m4 bei6 zi6 ngo5 maang4 muk6 ge3 jan4 lai4 gong2，jung4 ji6 hai6 zi3 wai3 ge3 dou6 lou6。,deui yū m̀h beih jih ngóh màahng muhk ge yàhn làih góng，yùhng yih haih ji wai ge douh louh。,Easy is the path of wisdom for those not blinded by ego.,,Cantonese::JediCode Cantonese::PositivityMaxxing
難道我可以扭轉宿命重遇你一次,难道我可以扭转宿命重遇你一次,naan4 dou6 ngo5 ho2 ji5 nau2 zyun2 suk1 ming6 cung4 jyu6 nei5 jat1 ci3,nàanh douh ngóh hó yíh náu jyún sūk mingh chùngh yuh néih yāt chi,Could it be that I can reverse my fate and meet you again,,Cantonese::Songs::ToNick
難道故事終結早已注定沒法制止,难道故事终结早已注定没法制止,naan4 dou6 gu3 si6 zung1 git3 zou2 ji5 zyu3 ding6 mut6 faat3 zai3 zi2,nàanh douh gu sih jūng git jóu yíh jyu dingh muht faat jai jí,Could it be that the end of the story has long been destined to be unstoppable,,Cantonese::Songs::ToNick
其實我不理一切挑戰拼命試,其实我不理一切挑战拼命试,kei4 sat6 ngo5 bat1 lei5 jat1 cai3 tiu1 zin3 ping3 ming6 si5,kèih saht ngóh bāt léih yāt chai tīu jin ping mingh síh,"In fact, I ignore all challenges and try desperately",,Cantonese::Songs::ToNick
攀險峰千次萬次,攀险峰千次万次,paan1 him2 fung1 cin1 ci3 maan6 ci3,pāan hím fūng chīn chi maanh chi,Climbing the peak thousands of times,,Cantonese::Songs::ToNick
沿路滿地佈著刺也沒有在意,沿路满地布著刺也没有在意,jyun4 lou6 mun5 dei6 bou3 zoek6 ci3 jaa5 mut6 jau5 zoi6 ji3,yùnh louh múnh deih bou jeuhk chi yáh muht yáuh joih yi,There were thorns all over the road and didn't care,,Cantonese::Songs::ToNick
即使傷過無數次仍會願意,即使伤过无数次仍会愿意,zik1 si2 soeng1 gwo3 mou4 sou3 ci3 jing4 wui6 jyun6 ji3,jīk sí sēung gwo mòuh sou chi yìngh wuih yunh yi,Even after being injured countless times will still be willing,,Cantonese::Songs::ToNick
回望最初漆黑裡緊張的碰撞,回望最初漆黑里紧张的碰撞,wui4 mong6 zeoi3 co1 cat1 haak1 leoi5 gan2 zoeng1 dik1 pung3 zong6,wùih mongh jeui chō chāt hāak léuih gán jēung dīk pung jongh,Looking back at the tense collision in the initial darkness,,Cantonese::Songs::ToNick
雷電重擊在一刻交錯,雷电重击在一刻交错,leoi4 din6 cung4 gik1 zoi6 jat1 haak1 gaau1 co3,lèuih dinh chùngh gīk joih yāt hāak gāau cho,Thunderbolts interlaced in a moment,,Cantonese::Songs::ToNick
不安神情驚慌還覺驚嘆徬徨,不安神情惊慌还觉惊叹徬徨,bat1 ngon1 san4 cing4 ging1 fong1 waan4 gok3 ging1 taan3 pong4 wong4,bāt ngōn sành chìngh gīng fōng wàanh gok gīng taan pòngh wòngh,Uneasy look frightened yet feel amazed and confused,,Cantonese::Songs::ToNick
然後某刻靜默時簡單的對望,然后某刻静默时简单的对望,jin4 hau6 mau5 haak1 zing6 mak6 si4 gaan2 daan1 dik1 deoi3 mong6,yình hauh máuh hāak jingh mahk sìh gáan dāan dīk deui mongh,Then some moment of silence in a simple look at each other,,Cantonese::Songs::ToNick
然後發展逐漸的交往,然后发展逐渐的交往,jin4 hau6 faat3 zin2 zuk6 zim6 dik1 gaau1 wong5,yình hauh faat jín juhk jimh dīk gāau wóngh,Then develop gradual fellowship,,Cantonese::Songs::ToNick
凶險齊來抵擋還會給我護航,凶险齐来抵挡还会给我护航,hung1 him2 cai4 loi4 dai2 dong2 waan4 wui5 kap1 ngo5 wu6 hong4,hūng hím chàih lòih dái dóng wàanh wúih kāp ngóh wuh hòngh,Dangers come together to resist and will give me escort,,Cantonese::Songs::ToNick
縱路途滿是困阻問題或變化,纵路途满是困阻问题或变化,zung3 lou6 tou4 mun5 si6 kwan3 zo2 man6 tai4 waak6 bin3 faa3,jung louh tòuh múnh sih kwan jó manh tàih waahk bin fa,The journey is full of obstructive problems or changes,,Cantonese::Songs::ToNick
不再可怕去吧,不再可怕去吧,bat1 zoi3 ho2 paa3 heoi3 baa1,bāt joi hó pa heui bā,Stop being scary,,Cantonese::Songs::ToNick
無懼擱淺在異流與衝擊鍛鍊,无惧搁浅在异流与冲击锻炼,mou4 geoi6 gok3 cin2 zoi6 ji6 lau4 jyu5 cung1 gik1 dyun3 lin6,mòuh geuih gok chín joih yih làuh yúh chūng gīk dyun linh,Fearlessly stranded in heterocurrents and impact forging,,Cantonese::Songs::ToNick
無懼壓迫逆轉中改變,无惧压迫逆转中改变,mou4 geoi6 aat3 bik1 jik6 zyun2 zung1 goi2 bin3,mòuh geuih aat bīk yihk jyún jūng gói bin,Fearless to change in the reversal of oppression,,Cantonese::Songs::ToNick
只想停留身邊和你走每一天繼續上演,只想停留身边和你走每一天继续上演,zi2 soeng2 ting4 lau4 san1 bin1 wo4 nei5 zau2 mui5 jat1 tin1 gai3 zuk6 soeng5 jin2,jí séung tìngh làuh sān bīn wòh néih jáu múih yāt tīn gai juhk séungh yín,"Just want to stay around and you go, every day continues to stage",,Cantonese::Songs::ToNick
角力憑你在並肩,角力凭你在并肩,gok3 lik6 pang4 nei5 zoi6 bing6 gin1,gok lihk pàngh néih joih bingh gīn,The wrestling depends on you side by side,,Cantonese::Songs::ToNick
共同地奮戰不再膽怯,共同地奋战不再胆怯,gung6 tung4 dei6 fan5 zin3 bat1 zoi3 daam2 hip3,gungh tùngh deih fánh jin bāt joi dáam hip,We are no longer timid to fight together,,Cantonese::Songs::ToNick
不怕跌入恐怖漩渦,不怕跌入恐怖漩涡,bat1 paa3 dit3 jap6 hung2 bou3 syun4 wo1,bāt pa dit yahp húng bou syùnh wō,Don’t be afraid of falling into the vortex of terror,,Cantonese::Songs::ToNick
不懼不累就憑團火,不惧不累就凭团火,bat1 geoi6 bat1 leoi6 zau6 pang4 tyun4 fo2,bāt geuih bāt leuih jauh pàngh tyùnh fó,"If you are not afraid or tired, just rely on the fire of the group",,Cantonese::Songs::ToNick
那怕這是禍,那怕这是祸,naa5 paa3 ze2 si6 wo6,náh pa jé sih woh,Even if this is a disaster,,Cantonese::Songs::ToNick
滴血都不會痛未怕跌盪,滴血都不会痛未怕跌荡,dik6 hyut3 dou1 bat1 wui5 tung3 mei6 paa3 dit3 dong6,dihk hyut dōu bāt wúih tung meih pa dit dongh,Even a drop of blood won't hurt. I'm not afraid of stumbling,,Cantonese::Songs::ToNick
衝破界限問誰能阻,冲破界限问谁能阻,cung1 po3 gaai3 haan6 man6 seoi4 nang4 zo2,chūng po gaai haanh manh sèuih nàngh jó,Break the boundaries and ask who can stop,,Cantonese::Songs::ToNick
你是我活著的希望,你是我活著的希望,nei5 si6 ngo5 wut6 zyu3 dik1 hei1 mong6,néih sih ngóh wuht jyu dīk hēi mongh,You are my living hope,,Cantonese::Songs::ToNick
盼望有日會回到最初,盼望有日会回到最初,paan3 mong6 jau5 jat6 wui5 wui4 dou3 zeoi3 co1,paan mongh yáuh yaht wúih wùih dou jeui chō,I hope that one day I will go back to the beginning,,Cantonese::Songs::ToNick
難道我可以擺脫宿命重遇你多次,难道我可以摆脱宿命重遇你多次,naan4 dou6 ngo5 ho2 ji5 baai2 tyut3 suk1 ming6 zung6 jyu6 nei5 do1 ci3,nàanh douh ngóh hó yíh báai tyut sūk mingh jungh yuh néih dō chi,Could I get rid of fate and meet you again,,Cantonese::Songs::ToNick
還沒跟你相約他世再會夢已化煙,还没跟你相约他世再会梦已化烟,waan4 mut6 gan1 nei5 soeng1 joek3 taa1 sai3 zoi3 wui5 mung6 ji5 faa3 jin1,wàanh muht gān néih sēung yeuk tā sai joi wúih mungh yíh fa yīn,I haven't made an appointment with you yet. The dream of seeing you again in the next life has turned into smoke,,Cantonese::Songs::ToNick
無論要經過轉世千次百萬次,无论要经过转世千次百万次,mou4 leon6 jiu3 ging1 gwo3 zyun2 sai3 cin1 ci3 baak3 maan6 ci3,mòuh leunh yiu gīng gwo jyún sai chīn chi baak maanh chi,No matter to go through reincarnations thousands of times,,Cantonese::Songs::ToNick
跟你的虛線不變,跟你的虚线不变,gan1 nei5 dik1 heoi1 sin3 bat1 bin3,gān néih dīk hēui sin bāt bin,The same as your dotted line,,Cantonese::Songs::ToNick
緣盡了又有下次再下次下次,缘尽了又有下次再下次下次,jyun4 zeon6 liu5 jau6 jau5 haa6 ci3 zoi3 haa6 ci3 haa6 ci3,yùnh jeunh líuh yauh yáuh hah chi joi hah chi hah chi,"When the fate is over, there will be a next time and then the next time",,Cantonese::Songs::ToNick
離散聚天意有含意,离散聚天意有含意,lei4 saan3 zeoi6 tin1 ji3 jau5 ham4 ji3,lèih saan jeuih tīn yi yáuh hàmh yi,Discrete gathering God's will has a meaning,,Cantonese::Songs::ToNick
情也是真摰,情也是真摰,cing4 jaa5 si6 zan1 jit6,chìngh yáh sih jān yiht,Love is also true,,Cantonese::Songs::ToNick
有時生活就好似呢條黑暗嘅隧道噉。你唔可以成日見到隧道尾嘅光，但如果你只係繼續行 ... 你會嚟到一個更好嘅地方。,有时生活就好似呢条黑暗嘅隧道噉。你唔可以成日见到隧道尾嘅光，但如果你只系继续行 ... 你会嚟到一个更好嘅地方。,jau5 si4 sang1 wut6 zau6 hou2 ci5 ni1 tiu4 haak1 ngam3 ge3 seoi6 dou6 gam2。nei5 m4 ho2 ji5 sing4 jat6 gin3 dou2 seoi6 dou6 mei5 ge3 gwong1，daan6 jyu4 gwo2 nei5 zi2 hai6 gai3 zuk6 hang4 ... nei5 wui5 lai4 dou3 jat1 go3 gang3 hou2 ge3 dei6 fong1。,yáuh sìh sāng wuht jauh hóu chíh nī tìuh hāak ngam ge seuih douh gám。néih m̀h hó yíh sìhng yaht gin dóu seuih douh méih ge gwōng，daahn yùh gwó néih jí haih gai juhk hàhng ... néih wúih làih dou yāt go gang hóu ge deih fōng。,"Sometimes life is like this dark tunnel. You can't always see the light at the end of the tunnel, but if you just keep moving... you will come to a better place.",,Cantonese::Uncle-Iroh
當你喺你最黑暗嘅地方，你會畀希望自己，呢個就係內心嘅力量。,当你喺你最黑暗嘅地方，你会畀希望自己，呢个就系内心嘅力量。,dong1 nei5 hai2 nei5 zeoi3 haak1 ngam3 ge3 dei6 fong1，nei5 wui5 bei2 hei1 mong6 zi6 gei2，ni1 go3 zau6 hai6 noi6 sam1 ge3 lik6 loeng6。,dōng néih hái néih jeui hāak ngam ge deih fōng，néih wúih béi hēi mohng jih géi，nī go jauh haih noih sām ge lihk leuhng。,"When you're in your darkest place, you give yourself hope and that's inner strength.",,Cantonese::Uncle-Iroh
無論你喺邊度，無論你成功定唔成功，生活都會發生。,无论你喺边度，无论你成功定唔成功，生活都会发生。,mou4 leon6 nei5 hai2 bin1 dou6，mou4 leon6 nei5 sing4 gung1 ding6 m4 sing4 gung1，sang1 wut6 dou1 wui5 faat3 sang1。,mòuh leuhn néih hái bīn douh，mòuh leuhn néih sìhng gūng dihng m̀h sìhng gūng，sāng wuht dōu wúih faat sāng。,"Life happens wherever you are, whether you make it or not.",,Cantonese::Uncle-Iroh
有時解決自己問題嘅最佳方法就係幫其他人,有时解决自己问题嘅最佳方法就系帮其他人,jau5 si4 gaai2 kyut3 zi6 gei2 man6 tai4 ge3 zeoi3 gaai1 fong1 faat3 zau6 hai6 bong1 kei4 taa1 jan4,yáuh sìh gáai kyut jih géi manh tàih ge jeui gāai fōng faat jauh haih bōng kèih tā yành,Sometimes the best way to solve your own problems is to help someone else,,Cantonese::Uncle-Iroh
保護同功率被高估。我覺得你好明智噉揀幸福同愛情。,保护同功率被高估。我觉得你好明智噉拣幸福同爱情。,bou2 wu6 tung4 gung1 leot2 bei6 gou1 gu2。ngo5 gok3 dak1 nei5 hou2 ming4 zi3 gam2 gaan2 hang6 fuk1 tung4 ngoi3 cing4。,bóu wuh tùhng gūng léut beih gōu gú。ngóh gok dāk néih hóu mìhng ji gám gáan hahng fūk tùhng ngoi chìhng。,Protection and power are overrated. I think you are very wise to choose happiness and love.,,Cantonese::Uncle-Iroh
係時候你要向內望，同埋開始問自己啲大問題。你係邊個？同埋你想要啲咩!?,系时候你要向内望，同埋开始问自己啲大问题。你系边个？同埋你想要啲咩!?,hai6 si4 hau6 nei5 jiu3 hoeng3 noi6 mong6，tung4 maai4 hoi1 ci2 man6 zi6 gei2 di1 daai6 man6 tai4。nei5 hai6 bin1 go3!? tung4 maai4 nei5 soeng2 jiu3 di1 me1!?,haih sìh hauh néih yiu heung noih mohng，tùhng màaih hōi chí mahn jih géi dī daaih mahn tàih。néih haih bīn go!? tùhng màaih néih séung yiu dī mē!?,"It's time for you to look inward, and start asking yourself the big questions. Who are you!? And what do you want!?",,Cantonese::Uncle-Iroh
失敗只係重新開始嘅機會。只係今次，更加明智。,失败只系重新开始嘅机会。只系今次，更加明智。,sat1 baai6 zi2 hai6 cung4 san1 hoi1 ci2 ge3 gei1 wui6。zi2 hai6 gam1 ci3，gang3 gaa1 ming4 zi3。,sāt baaih jí haih chùhng sān hōi chí ge gēi wuih。jí haih gām chi，gang gā mìhng ji。,"Failure is only the opportunity to begin again. Only this time, more wisely.",,Cantonese::Uncle-Iroh
好時光變成好回憶，但壞時光變成好教訓。,好时光变成好回忆，但坏时光变成好教训。,hou2 si4 gwong1 bin3 sing4 hou2 wui4 jik1，daan6 waai6 si4 gwong1 bin3 sing4 hou2 gaau3 fan3。,hóu sìh gwōng bin sìhng hóu wùih yīk，daahn waaih sìh gwōng bin sìhng hóu gaau fan。,"Good times become good memories, but bad times become good lessons.",,Cantonese::Uncle-Iroh
喺最黑暗嘅時候，希望係你畀自己嘅嘢。呢個就係內心力量嘅意義。,喺最黑暗嘅时候，希望系你畀自己嘅嘢。呢个就系内心力量嘅意义。,hai2 zeoi3 haak1 ngam3 ge3 si4 hau6，hei1 mong6 hai6 nei5 bei2 zi6 gei2 ge3 je5。ni1 go3 zau6 hai6 noi6 sam1 lik6 loeng6 ge3 ji3 ji6。,hái jeui hāak ngam ge sìh hauh，hēi mohng haih néih béi jih géi ge yéh。nī go jauh haih noih sām lihk leuhng ge yi yih。,"In the darkest times, hope is something you give yourself. That is the meaning of inner strength.",,Cantonese::Uncle-Iroh
驕傲唔係恥笑嘅反面，而係恥笑嘅來源。真正嘅謙卑係恥笑嘅解藥。,骄傲唔系耻笑嘅反面，而系耻笑嘅来源。真正嘅谦卑系耻笑嘅解药。,giu1 ngou6 m4 hai6 ci2 siu3 ge3 faan2 min6，ji4 hai6 ci2 siu3 ge3 loi4 jyun4。zan1 zing3 ge3 him1 bei1 hai6 ci2 siu3 ge3 gaai2 joek6。,gīu ngouh m̀h haih chí siu ge fáan mihn，yìh haih chí siu ge lòih yùhn。jān jing ge hīm bēi haih chí siu ge gáai yeuhk。,"Pride is not the opposite of shame, but its source. True humility is the antidote to shame.",,Cantonese::Uncle-Iroh
你係咪忙到打交，睇唔到你自己嘅船已經起航？,你系咪忙到打交，睇唔到你自己嘅船已经起航？,nei5 hai6 mai6 mong4 dou3 daa2 gaau1，tai2 m4 dou2 nei5 zi6 gei2 ge3 syun4 ji5 ging1 hei2 hong4？,néih haih maih mòhng dou dá gāau，tái m̀h dóu néih jih géi ge syùhn yíh gīng héi hòhng？,Are you so busy fighting you cannot see your own ship has set sail?,,Cantonese::Uncle-Iroh
失業抗爭歌,失业抗争歌,sat1 jip6 kong3 zang1 go1,sāt yihp kong jāng gō,Unemployment protest song,,Cantonese::Songs::MyLittleAirport Cantonese::Songs::MyLittleAirport::失業抗爭歌 Cantonese::Songs::ToNick
來到世上的意義是為了抗衡,来到世上的意义是为了抗衡,loi4 dou3 sai3 soeng6 dik1 ji3 ji6 si6 wai6 liu5 kong3 hang4,lòih dou sai seungh dīk yi yih sih waih líuh kong hàngh,The meaning of coming into the world is to compete,,Cantonese::Songs::MyLittleAirport Cantonese::Songs::MyLittleAirport::失業抗爭歌 Cantonese::Songs::ToNick
為了正義必要時犯法抗爭,为了正义必要时犯法抗争,wai6 liu5 zing3 ji6 bit1 jiu3 si4 faan6 faat3 kong3 zang1,waih líuh jing yih bīt yiu sìh faanh faat kong jāng,For justice to break the law when necessary,,Cantonese::Songs::MyLittleAirport Cantonese::Songs::MyLittleAirport::失業抗爭歌 Cantonese::Songs::ToNick
這是場戰爭但勝利是不可能,这是场战争但胜利是不可能,ze2 si6 coeng4 zin3 zang1 daan6 sing3 lei6 si6 bat1 ho2 nang4,jé sih chèungh jin jāng daanh sing leih sih bāt hó nàngh,It is a war but victory is impossible,,Cantonese::Songs::MyLittleAirport Cantonese::Songs::MyLittleAirport::失業抗爭歌 Cantonese::Songs::ToNick
犯法為彰顯法制不公允,犯法为彰显法制不公允,faan6 faat3 wai6 zoeng1 hin2 faat3 zai3 bat1 gung1 wan5,faanh faat waih jēung hín faat jai bāt gūng wánh,The illegality is to highlight the unfairness of the legal system,,Cantonese::Songs::MyLittleAirport Cantonese::Songs::MyLittleAirport::失業抗爭歌 Cantonese::Songs::ToNick
全世界也在欺壓著社會低下層,全世界也在欺压著社会低下层,cyun4 sai3 gaai3 jaa5 zoi6 hei1 aat3 zoek6 se5 wui2 dai1 haa6 cang4,chyùnh sai gaai yáh joih hēi aat jeuhk séh wúi dāi hah chàngh,The whole world is also oppressing the lower classes of society,,Cantonese::Songs::MyLittleAirport Cantonese::Songs::MyLittleAirport::失業抗爭歌 Cantonese::Songs::ToNick
年過五十低技能無法翻身,年过五十低技能无法翻身,nin4 gwo3 ng5 sap6 dai1 gei6 nang4 mou4 faat3 faan1 san1,nình gwo ngh sahp dāi geih nàngh mòuh faat fāan sān,I can't turn around with low skills over 50 years old,,Cantonese::Songs::MyLittleAirport Cantonese::Songs::MyLittleAirport::失業抗爭歌 Cantonese::Songs::ToNick
大財團最終亦會炒晒你啲人,大财团最终亦会炒晒你啲人,daai6 coi4 tyun4 zeoi3 zung1 jik6 wui5 caau2 saai3 nei5 di1 jan4,daaih chòih tyùnh jeui jūng yihk wúih cháau saai néih dī yành,The big corporations will eventually fire all your people too,,Cantonese::Songs::MyLittleAirport Cantonese::Songs::MyLittleAirport::失業抗爭歌 Cantonese::Songs::ToNick
小政府唔會理你幾窮困,小政府唔会理你几穷困,siu2 zing3 fu2 m4 wui5 lei5 nei5 gei2 kung4 kwan3,síu jing fú mh wúih léih néih géi kùngh kwan,Small government doesn't care how poor you are,,Cantonese::Songs::MyLittleAirport Cantonese::Songs::MyLittleAirport::失業抗爭歌 Cantonese::Songs::ToNick
來到最後只有最後的搖滾精神,来到最后只有最后的摇滚精神,loi4 dou3 zeoi3 hau6 zi2 jau5 zeoi3 hau6 dik1 jiu4 gwan2 zing1 san4,lòih dou jeui hauh jí yáuh jeui hauh dīk yìuh gwán jīng sành,At the end there is only the last rock and roll spirit,,Cantonese::Songs::MyLittleAirport Cantonese::Songs::MyLittleAirport::失業抗爭歌 Cantonese::Songs::ToNick
我們有四五六七八九十個人,我们有四五六七八九十个人,ngo5 mun4 jau5 sei3 ng5 luk6 cat1 baat3 gau2 sap6 go3 jan4,ngóh mùnh yáuh sei ngh luhk chāt baat gáu sahp go yành,"There are four, five, six, seventy or ninety people of us",,Cantonese::Songs::MyLittleAirport Cantonese::Songs::MyLittleAirport::失業抗爭歌 Cantonese::Songs::ToNick
我哋實上街,我哋实上街,ngo5 dei6 sat6 soeng6 gaai1,ngóh deih saht seungh gāai,We must take to the streets,,Cantonese::Songs::MyLittleAirport Cantonese::Songs::MyLittleAirport::DonaldTsangPleaseDie Cantonese::Songs::ToNick
假設 Donald 今日你俾人斬咗隻手,假设 Donald 今日你俾人斩咗只手,gaa2 cit3 Donald gam1 jat6 nei5 bei2 jan4 zaam2 zo2 zek3 sau2,gá chit Donald gām yaht néih béi yành jáam jó jek sáu,Let’s say Donald today you had your hand chopped off,,Cantonese::Songs::MyLittleAirport Cantonese::Songs::MyLittleAirport::DonaldTsangPleaseDie Cantonese::Songs::ToNick
二十年後嗰個人發咗達又做埋特首,二十年后𠮶个人发咗达又做埋特首,ji6 sap6 nin4 hau6 go2 go3 jan4 faat3 zo2 daat6 jau6 zou6 maai4 dak6 sau2,yih sahp nình hauh gó go yành faat jó daaht yauh jouh màaih dahk sáu,Twenty years later that person became rich and became the Chief Executive,,Cantonese::Songs::MyLittleAirport Cantonese::Songs::MyLittleAirport::DonaldTsangPleaseDie Cantonese::Songs::ToNick
你會否因為佢嘅成就,你会否因为佢嘅成就,nei5 wui5 fau2 jan1 wai6 keoi5 ge3 sing4 zau6,néih wúih fáu yān waih kéuih ge sìngh jauh,Will you because of his achievements,,Cantonese::Songs::MyLittleAirport Cantonese::Songs::MyLittleAirport::DonaldTsangPleaseDie Cantonese::Songs::ToNick
然後叫自己不要追究？,然后叫自己不要追究？,jin4 hau6 giu3 zi6 gei2 bat1 jiu3 zeoi1 gau3？,yình hauh giu jih géi bāt yiu jēui gau,Then tell yourself not to pursue?,,Cantonese::Songs::MyLittleAirport Cantonese::Songs::MyLittleAirport::DonaldTsangPleaseDie Cantonese::Songs::ToNick
董建華雖然做嘢係渣,董建华虽然做嘢系渣,dung2 gin3 waa4 seoi1 jin4 zou6 je5 hai6 zaa1,dúng gin wàh sēui yình jouh yéh haih jā,Although Tung is a scumbag,,Cantonese::Songs::MyLittleAirport Cantonese::Songs::MyLittleAirport::DonaldTsangPleaseDie Cantonese::Songs::ToNick
但係良心都唔會好似你咁差,但系良心都唔会好似你咁差,daan6 hai6 loeng4 sam1 dou1 m4 wui5 hou2 ci5 nei5 gam3 caa1,daanh haih lèungh sām dōu mh wúih hóu chíh néih gam chā,But the conscience is not as bad as yours,,Cantonese::Songs::MyLittleAirport Cantonese::Songs::MyLittleAirport::DonaldTsangPleaseDie Cantonese::Songs::ToNick
你任內最驕人嘅成就,你任内最骄人嘅成就,nei5 jam6 noi6 zeoi3 giu1 jan4 ge3 sing4 zau6,néih yamh noih jeui gīu yành ge sìngh jauh,The most proud achievement of your tenure,,Cantonese::Songs::MyLittleAirport Cantonese::Songs::MyLittleAirport::DonaldTsangPleaseDie Cantonese::Songs::ToNick
就係強化市民對民主嘅要求,就系强化市民对民主嘅要求,zau6 hai6 koeng4 faa3 si5 man4 deoi3 man4 zyu2 ge3 jiu1 kau4,jauh haih kèungh fa síh mành deui mành jyú ge yīu kàuh,It is strengthening the citizens’ demand for democracy,,Cantonese::Songs::MyLittleAirport Cantonese::Songs::MyLittleAirport::DonaldTsangPleaseDie Cantonese::Songs::ToNick
醫生,医生,ji1 sang1,yī sāng,doctor,,Cantonese::Occupation
教師,教师,gaau3 si1,gaau sī,teacher,,
女人,女人,neoi5 jan2,néuih yán,woman,,
廁所,厕所,ci3 so2,chi só,bathroom,,
男人,男人,naam4 jan2,nàahm yán,man,,
微波爐,微波炉,mei4 bo1 lou4,mèih bō lòuh,microwave oven,,
吸塵機,吸尘机,kap1 can4 gei1,kāp chành gēi,vacuum cleaner,,
風扇,风扇,fung1 sin3,fūng sin,fan,,
爐,炉,lou4,lòuh,stove,,
電視,电视,din6 si6,dinh sih,TV,,
DVD機,DVD机,DVD gei1,DVD gēi,DVD player,,
洗衣機,洗衣机,sai2 ji1 gei1,sái yī gēi,washing machine,,
冷氣機,冷气机,laang5 hei3 gei1,láangh hei gēi,air conditioner,,
筆記型電腦,笔记型电脑,bat1 gei3 jing4 din6 nou5,bāt gei yìngh dinh nóuh,laptop,,
Wi-Fi router,Wi-Fi router,Wi-Fi router,Wi-Fi router,Wi-Fi router,,
blog,blog,blog,blog,blog,,
搜尋,搜寻,sau2 cam4,sáu chàmh,search,,
下載,下载,haa6 zoi3,hah joi,download,,
上載,上载,soeng6 zoi3,seuhng joi,upload,,
網頁,网页,mong5 jip6,móngh yihp,webpage,,
網站,网站,mong5 zaam6,móngh jaamh,website,,
社交媒體,社交媒体,se5 gaau1 mui4 tai2,séh gāau mùih tái,social media,,
電子郵件,电子邮件,din6 zi2 jau4 gin2,dinh jí yàuh gín,email,,
巴士站,巴士站,baa1 si2 zaam6,bā sí jaahm,Bus stop,,Cantonese::Transportation
機場,机场,gei1 ceong4,gēi chèongh,airport,,Cantonese::Transportation
車費,车费,ce1 fai3,chē fai,(transportation with wheels) fare,,Cantonese::Transportation
貼士,贴士,tip1 si2,tīp sí,tip,,Cantonese::Dining
侍應,侍应,si6 jing3,sih ying,Waiter,,Cantonese::Dining
中菜,中菜,zung1 coi3,jūng choi,Chinese food,,Cantonese::Dining
餐單,餐单,caan1 daan1,chāan dāan,menu,,Cantonese::Dining
帳單,帐单,zoeng3 daan1,jeung dāan,bill,,Cantonese::Dining
信用卡,信用卡,seon3 jung6 kaat1,seun yungh kāat,credit card,,Cantonese::Dining
作業,作业,zok3 jip6,jok yihp,homework,,Cantonese::School
筆記簿,笔记簿,bat1 gei3 bou2,bāt gei bóu,notebook,,Cantonese::School
同學,同学,tung4 hok6,tùhng hohk,Classmate,,Cantonese::School
大學,大学,daai6 hok6,daaih hohk,university,,Cantonese::School
背囊,背囊,bui3 nong4,bui nòngh,backpack,,Cantonese::School
鉛筆,铅笔,jyun4 bat1,yùhn bāt,Pencil,,Cantonese::School
原子筆,原子笔,jyun4 zi2 bat1,yùnh jí bāt,pen,,Cantonese::School
數學,数学,sou3 hok6,sou hohk,math,,Cantonese::School
考試,考试,haau2 si3,háau si,Exam,,Cantonese::School
護士,护士,wu6 si6,wuh sih,nurse,,Cantonese::Occupation
經理,经理,ging1 lei5,gīng léih,manager,,Cantonese::Occupation
商人,商人,soeng1 jan4,sēung yành,businessman,,Cantonese::Occupation
警察,警察,ging2 caat3,gíng chaat,police,,Cantonese::Occupation
消防員,消防员,siu1 fong4 jyun4,siū fòhng yùhn,firefighter,,Cantonese::Occupation
工程師,工程师,gung1 cing4 si1,gūng chìngh sī,engineer,,Cantonese::Occupation
公務員,公务员,gung1 mou6 jyun4,gūng mouh yùnh,civil servant,,Cantonese::Occupation
作家,作家,zok3 gaa1,jok gā,writer,,Cantonese::Occupation
家長,家长,gaa1 zeong2,gā jéong,parent,,Cantonese::Family
腳,goek3,脚,脚,Foot,,Cantonese::BodyParts
腿,腿,teoi2,téui,leg,,Cantonese::BodyParts
頭,tau4,头,头,Head,,Cantonese::BodyParts
手臂,手臂,sau2 bei3,sáu bei,arm,,Cantonese::BodyParts
手指,手指,sau2 zi2,sáu jí,finger,,Cantonese::BodyParts
身體,身体,san1 tai2,sān tái,body,,Cantonese::BodyParts
肚,tou5,肚,肚,Stomach (belly),,Cantonese::BodyParts
背脊,bui3 zek3,背脊,背脊,Back,,Cantonese::BodyParts
胸,胸,hung1,hūng,chest,,Cantonese::BodyParts
今天,今天,gam1 tin1,gām tīn,today,,Cantonese::Date&Time
昨天,昨天,zok3 tin1,jok tīn,yesterday,,Cantonese::Date&Time
日曆,日历,jat6 lik6,yaht lihk,calendar,,Cantonese::Date&Time
秒,秒,miu5,míuh,second,,Cantonese::Date&Time
小時,小时,siu2 si4,síu sìh,hour,,Cantonese::Date&Time
點,点,dim2,dím,o'clock,,Cantonese::Date&Time
書法,书法,syu1 faat3,syū faat,calligraphy,,Cantonese::Hobbies
結他,结他,git3 taa1,git tā,guitar,,Cantonese::Hobbies
鋼琴,钢琴,gong3 kam4,gong kàmh,piano,,Cantonese::Hobbies
喇叭,喇叭,laa3 baa1,la bā,trumpet,,Cantonese::Hobbies
小提琴,小提琴,siu2 tai4 kam4,síu tàih kàmh,violin,,Cantonese::Hobbies
搖滾音樂,摇滚音乐,jiu4 gwan2 jam1 ngok6,yìuh gwán yām ngohk,rock music,,Cantonese::Hobbies
相片,相片,soeng3 pin2,seung pín,photo,,Cantonese::Hobbies
棋,棋,kei2,kéi,chess,,Cantonese::Hobbies
書,书,syu1,syū,book,,Cantonese::Hobbies
吃,吃,hek3,hek,to eat,,Cantonese::Verbs
喝,喝,hot3,hot,to drink,,Cantonese::Verbs
行,行,haang4,hàangh,to walk,,Cantonese::Verbs
走,走,zau2,jáu,to walk,,Cantonese::Verbs
睡覺,睡觉,seoi6 gaau3,seuih gaau,to go to bed,,Cantonese::Verbs
理解,理解,lei5 gaai2,léih gáai,to comprehend,,Cantonese::Verbs
想,想,soeng2,séung,to imagine,,Cantonese::Verbs
拎,拎,ling1,līng,to take,,Cantonese::Verbs
拿,拿,naa4,nàh,to take,,Cantonese::Verbs
做嘢,做嘢,zou6 je5,jouh yéh,to work,,Cantonese::Verbs
工作,工作,gung1 zok3,gūng jok,Work,,Cantonese::Verbs
給,给,kap1,kāp,to,,Cantonese::Verbs
說,说,syut3,syut,to speak,,Cantonese::Verbs
看,看,hon3,hon,to see,,Cantonese::Verbs
離開,离开,lei6 hoi1,leih hōi,to leave,,Cantonese::Verbs
變為,变为,bin3 wai4,bin wàih,to become,,Cantonese::Verbs
聽,听,teng1,tēng,to hear,,Cantonese::Verbs
相信,相信,soeng1 seon3,sēung seun,to believe,,Cantonese::Verbs
取消,取消,ceoi2 siu1,chéui sīu,to cancel,,Cantonese::Verbs
死,死,sei2,séi,to die,,Cantonese::Verbs
覺得,觉得,to feel,to feel,gok3 dak1,,Cantonese::Verbs
回答,回答,wui4 daap3,wuìh daap,to answer,,Cantonese::Verbs
跳,跳,tiu3,tiu,to jump,,Cantonese::Verbs
閂,闩,saan1,sāan,to close,,Cantonese::Verbs
醒,醒,seng2,séng,to wake up,,Cantonese::Verbs
返,返,faan1,fāan,return,,Cantonese::Verbs
踢,踢,tek3,tek,to kick,,Cantonese::Verbs
學,学,hok6,hohk,to study,,Cantonese::Verbs
解決,解决,gaai2 kyut3,gáai kyut,To solve,,Cantonese::Verbs
參加,参加,caam1 gaa1,chāam gā,to participate,,Cantonese::Verbs
唱,唱,coeng3,cheung,to sing,,Cantonese::Verbs
呃,呃,aak1,āak,to lie,,Cantonese::Verbs
憎,憎,zang1,jāng,to hate,,Cantonese::Verbs
怕,怕,paa3,pa,to be afraid,,Cantonese::Verbs
肯,肯,hang2,háng,willing to,,Cantonese::Verbs
短,短,dyun2,dyún,short,,
大,大,daai6,daaih,big,,
厚,厚,hau5,háuh,thick,,
瘦,瘦,sau3,sau,thin,,
深,深,sam1,sām,deep,,
窄,窄,zaak3,jaak,narrow,,
圓,圆,jyun4,yùnh,circular,,
直,直,zik6,jihk,straight,,
少,少,siu2,síu,little,,
全部,全部,cyun4 bou6,chyùnh bouh,all,,
一些,一些,jat1 se1,yāt sē,some,,
錯,错,co3,cho,wrong,,
正確,正确,zing3 kok3,jing kok,right,,
難,难,naan4,nàanh,difficult,,
易,易,ji6,yih,easy,,
平,平,peng4,pèngh,cheap,,
年青,年青,nin4 cing1,nình chīng,young,,
冇用,冇用,mou5 jung6,móuh yungh,useless,,
壞,坏,waai6,waaih,bad,,
污糟,污糟,wu1 zou1,wū jōu,dirty,,
靜,静,zing6,jingh,quiet,,
弱,弱,joek6,yeuhk,weak,,
強壯,强壮,koeng4 zong3,kèungh jong,strong (physically),,
空,空,hung1,hūng,empty,,
不安,不安,bat1 on1,bāt ōn,anxious,,
勤奮,勤奋,kan4 fan5,kành fánh,diligent,,
幽默,幽默,jau1 mak6,yāu mahk,Humor,,
禮貌,礼貌,lai5 maau6,láih maauh,polite,,
活躍,活跃,wut6 joek3,wuht yeuk,active,,
誠實,诚实,sing4 sat6,sìngh saht,honest,,
有趣,有趣,jau5 ceoi3,yáuh cheui,funny,,
冷靜,冷静,laang5 zing6,láangh jingh,calm,,
正經,正经,zing3 ging1,jing gīng,serious,,
害羞,害羞,hoi6 sau1,hoih sāu,shy,,
善良,善良,sin6 loeng4,sinh lèungh,kind,,
有活力,有活力,jau5 wut6 lik6,yáuh wuht lihk,energetic,,
型,型,jing4,yìhng,cool,stylish; good-looking,
親切,亲切,can1 cit3,chān chit,friendly,,
聰明,聪明,cung1 ming4,chūng mìhng,Smart,,
勇敢,勇敢,jung5 gam2,yúngh gám,brave,,
內向,内向,noi6 hoeng3,noih heung,introverted,,
外向,外向,ngoi6 hoeng3,ngoih heung,extroverted,,
有想像力,有想像力,jau5 soeng2 zoeng6 lik6,yáuh séung jeungh lihk,imaginative,,
有耐性,有耐性,jau5 noi6 sing3,yáuh noih sing,patient,,
有同情心,有同情心,jau5 tung4 cing4 sam1,yáuh tùngh chìngh sām,compassionate,,
驕傲,骄傲,giu1 ou6,gīu ouh,proud,,
飽,饱,baau2,báau,Full,,
傷心,伤心,soeng1 sam1,sēung sām,sad,,
青色,青色,ceng1 sik1,chēng sīk,cyan-blue,,
啡色,啡色,fei1 sik1,fēi sīk,brown,,
冷,冷,laang5,láangh,cold,,
曬,晒,saai3,saai,Sunny,,
有風,有风,jau5 fung1,yáuh fūng,windy,,
天晴,天晴,tin1 ceng4,tīn chèngh,sunny,,
密雲,密云,mat6 wan4,maht wành,cloudy,,
得意,得意,dak1 ji3,dāk yi,cute,,
核突,核突,wat6 dat6,waht daht,ugly,,
靚,靓,leng3,leng,beautiful,,
廣東話點講. . .？,广东话点讲. . .？,gwong2 dung1 waa2 dim2 gong2 . . .？,gwóng dūng wá dím góng . . .,How do you say . . . in Cantonese,,
馬上,马上,maa5 seong6,máh seuhng,immediately,,Cantonese::Adverbs
下星期,下星期,haa6 sing1 kei4,hah sīng kèih,next week,,Cantonese::Adverbs
好快,好快,hou2 faai3,hóu faai,Very fast,,Cantonese::Adverbs
仍然,仍然,jing4 jin4,yìngh yình,still,,Cantonese::Adverbs
今朝早,今朝早,gam1 ziu1 zou2,gām jīu jóu,this morning,,Cantonese::Adverbs
今晚,今晚,gam1 maam5,gām máamh,tonight,,Cantonese::Adverbs
噚日,㖊日,kam4 jat6,kàmh yaht,yesterday,,Cantonese::Adverbs
仲未,仲未,zung6 mei6,jungh meih,yet,,Cantonese::Adverbs
遲啲,迟啲,ci4 di1,chìh dī,later,,Cantonese::Adverbs
近排,近排,gan6 paai4,gahn pàaih,recently,,Cantonese::Adverbs
本來,本来,bun2 loi4,bún lòih,originally,,Cantonese::Adverbs
曾經,曾经,cang4 ging1,chàngh gīng,once upon a time,,Cantonese::Adverbs
初初,初初,co1 co1,chō chō,in the beginning,,Cantonese::Adverbs
嗰陣時,𠮶阵时,go2 zan6 si6,gó janh sih,at that time,,Cantonese::Adverbs
前嗰排,前𠮶排,cin4 go2 paai2,chình gó páai,a while ago,,Cantonese::Adverbs
暫時,暂时,zaam6 si4,jaamh sìh,temporarily,,Cantonese::Adverbs
到時,到时,dou3 si4,dou sìh,then,,Cantonese::Adverbs
上星期,上星期,soeng6 sing1 kei4,seungh sīng kèih,last week,,Cantonese::Adverbs
成日,成日,seng4 jat6,sèngh yaht,always,,Cantonese::Adverbs
永遠唔會,永远唔会,wing5 jyun5 m4 wui5,wíngh yúnh mh wúih,never,,Cantonese::Adverbs
好少,好少,hou2 siu2,hóu síu,rarely,,Cantonese::Adverbs
頻密,频密,pan4 mat6,pành maht,frequently,,Cantonese::Adverbs
間中,间中,gaan3 zung1,gaan jūng,occasionally,,Cantonese::Adverbs
不常,不常,bat1 soeng4,bāt sèungh,seldom,,Cantonese::Adverbs
每,每,mui5,múih,every,,Cantonese::Adverbs
在那裏,在那里,zoi6 naa5 leoi5,joih náh léuih,over there,,Cantonese::Adverbs
四周圍,四周围,sei3 zau1 wai4,sei jāu wàih,everywhere,,Cantonese::Adverbs
任何地方,任何地方,jam6 ho4 dei6 fong1,yamh hòh deih fōng,anywhere,,Cantonese::Adverbs
無地方,无地方,mou4 dei6 fong1,mòuh deih fōng,nowhere,,Cantonese::Adverbs
離開,离开,lei4 hoi1,lèih hōi,away,,Cantonese::Adverbs
外面,外面,ngoi6 min6,ngoih minh,out,,Cantonese::Adverbs
好大聲,好大声,hou2 daai6 seng1,hóu daaih sēng,loudly,,Cantonese::Adverbs
真係,真系,zan1 hai6,jān haih,really,,Cantonese::Adverbs
好腍,好腍,hou2 nam6,hóu namh,soundly (asleep),,Cantonese::Adverbs
嗱嗱聲,嗱嗱声,naa4 naa2 seng1,nàh ná sēng,quickly,,Cantonese::Adverbs
好慢,好慢,hou2 maan6,hóu maahn,Very slow,,Cantonese::Adverbs
小心,小心,siu2 sam1,síu sām,Be careful,,Cantonese::Adverbs
自己一個,自己一个,zi6 gei2 jat1 go3,jih géi yāt go,alone,,Cantonese::Adverbs
唔小心,唔小心,m4 siu2 sam1,mh síu sām,accidentally,,Cantonese::Adverbs
橫掂,横掂,waang4 dim6,wàangh dimh,seeing that,,Cantonese::Adverbs
特登,特登,dak6 dang1,dahk dāng,deliberately,,Cantonese::Adverbs
一步一步,一步一步,jat1 bou6 jat1 bou6,yāt bouh yāt bouh,one step at a time,,Cantonese::Adverbs
一大啖,一大啖,jat1 daai6 daam6,yāt daaih daahm,in a big mouthful,,Cantonese::Adverbs
靜靜雞,静静鸡,zing6 zing2 gai1,jingh jíng gāi,quietly,,Cantonese::Adverbs
好易,好易,hou2 ji6,hóu yih,easily,,Cantonese::Adverbs
確確實實地,确确实实地,kok3 kok3 sat6 sat6 dei6,kok kok saht saht deih,literally,,Cantonese::Adverbs
簡直,简直,gaan2 zik6,gáan jihk,simply,,Cantonese::Adverbs
好努力,好努力,hou2 nou5 lik6,hóu nóuh lihk,diligently,,Cantonese::Adverbs
好認真,好认真,hou2 jing6 zan1,hóu yingh jān,seriously,,Cantonese::Adverbs
乖乖咁,乖乖咁,gwaai1 gwaai1 gam2,gwāai gwāai gám,obediently,,Cantonese::Adverbs
好開心,好开心,hou2 hoi1 sam1,hóu hōi sām,Very happy,,Cantonese::Adverbs
好嬲,好恼,hou2 nau1,hóu nāu,Angry,,Cantonese::Adverbs
相當,相当,soeng1 dong1,sēung dōng,quite,,Cantonese::Adverbs
相當多,相当多,soeng1 dong1 do1,sēung dōng dō,quite a lot,,Cantonese::Adverbs
好少,好少,hou2 siu2,hóu síu,hardly,,Cantonese::Adverbs
幾乎不,几乎不,gei2 fu4 bat1,géi fùh bāt,barely,,Cantonese::Adverbs
大部分,大部分,daai6 bou6 fan6,daaih bouh fanh,mostly,,Cantonese::Adverbs
幾乎,几乎,gei1 fu4,gēi fùh,almost,,Cantonese::Adverbs
一定,一定,jat1 ding6,yāt dingh,absolutely,,Cantonese::Adverbs
一啲,一啲,jat1 di1,yāt dī,a bit,,Cantonese::Adverbs
好多,好多,hou2 do1,hóu dō,a lot,,Cantonese::Adverbs
太,太,tai3,tai,too,,Cantonese::Adverbs
唔係太,唔系太,m4 hai6 tai3,mh haih tai,not really,,Cantonese::Adverbs
凈係,净系,zing6 hai6,jingh haih,only,,Cantonese::Adverbs
得一個,得一个,dak1 jat1 go3,dāk yāt go,there is only one left,,Cantonese::Adverbs
特別,特别,dak6 bit6,dahk biht,exceptionally,,Cantonese::Adverbs
零舍,零舍,ling4 se3,lìngh se,particularly,,Cantonese::Adverbs
超,超,ciu1,chīu,super,,Cantonese::Adverbs
不過,不过,bat1 gwo3,bāt gwo,however,,Cantonese::Adverbs
另一方面,另一方面,ling6 jat1 fong1 min6,lingh yāt fōng minh,on the other hand,,Cantonese::Adverbs
終於,终于,zung1 yu1,jūng yū,finally,,Cantonese::Adverbs
最終,最终,zeoi3 zung2,jeui júng,eventually,,Cantonese::Adverbs
但係,但系,daan6 hai6,daanh haih,nevertheless,,Cantonese::Adverbs
於是,于是,jyu1 si6,yū sih,consequently,,Cantonese::Adverbs
確實,确实,kok3 sat6,kok saht,indeed,,Cantonese::Adverbs
反而,反而,faan2 yi4,fáan yìh,instead,,Cantonese::Adverbs
同樣地,同样地,tung4 joeng6 dei6,tùngh yeungh deih,likewise,,Cantonese::Adverbs
而且,而且,ji4 ce2,yìh ché,moreover,,Cantonese::Adverbs
與此同時,与此同时,jyu5 ci2 tung4 si4,yúh chí tùngh sìh,meanwhile,,Cantonese::Adverbs
況且,况且,fong3 ce2,fong ché,besides,,Cantonese::Adverbs
毫無疑問地,毫无疑问地,hou4 mou4 ji4 man6 dei6,hòuh mòuh yìh manh deih,certainly,,Cantonese::Adverbs
再者,再者,zoi3 ze2,joi jé,in addition,,Cantonese::Adverbs
然後,然后,jin4 hau6,yình hauh,and then,,Cantonese::Adverbs
忽然間,忽然间,fat1 jin4 gaan1,fāt yình gāan,suddenly,,Cantonese::Adverbs
啲,啲,di1,dī,"A classifier for plural nouns and uncountable nouns, indicating a small amount or number greater than one, without specifying the exact amount.",,
本,本,bun2,bún,A classifier for book-like objects which cannot be directly translated into English.,,
隻,只,zek3,jek,"A sortal classifier for some animated objects or eating utensils, such as some animals, bowls, plates, etc.",,
枝,枝,zi1,jī,"A sortal classifier for long, straight, hard objects, such as pens, sticks, toothpicks, etc",,
部,部,bou6,bouh,"A sortal classifier for devices or machines, such as phones, computers, cars, etc.",,
張,张,zoeng1,jēung,"A sortal classifier for flat objects or furnitures with flat surfaces, such as papers, tables, chairs, etc.",,
滴,滴,dik6,dihk,drop of,,
羮,羮,gang1,gāng,spoonfuls of,,
碗,碗,wun2,wún,bowls of,,
箱,箱,soeng1,sēung,boxes of,,
你嘅,你嘅,nei5 ge3,néih ge,your / yours,,Cantonese::Pronouns
我嘅,我嘅,ngo5 ge3,ngóh ge,my / mine,,Cantonese::Pronouns
佢嘅,佢嘅,keoi5 ge3,kéuih ge,her / his / its,,Cantonese::Pronouns
你哋嘅,你哋嘅,nei5 dei6 ge3,néih deih ge,you all's,,Cantonese::Pronouns
我哋嘅,我哋嘅,ngo5 dei6 ge3,ngóh deih ge,our / ours,,Cantonese::Pronouns
佢哋嘅,佢哋嘅,keoi5 dei6 ge3,kéuih deih ge,their / theirs,,Cantonese::Pronouns
呢個,呢个,ni1 go3,nī go,this,,Cantonese::Pronouns
嗰個,𠮶个,go2 go3,gó go,that,,Cantonese::Pronouns
呢啲,呢啲,nei1 di1,nēi dī,these,,Cantonese::Pronouns
邊個嘅,边个嘅,bin1 go3 ge3,bīn go ge,whose,,Cantonese::Pronouns
所有嘢,所有嘢,so2 jau5 je5,só yáuh yéh,everything,,Cantonese::Pronouns
所有人,所有人,so2 jau5 jan4,só yáuh yành,everybody,,Cantonese::Pronouns
邊度,边度,bin1 dou6,bīn douh,everywhere,,Cantonese::Pronouns
一啲嘢,一啲嘢,jat1 di1 je5,yāt dī yéh,something,,Cantonese::Pronouns
一啲人,一啲人,jat1 di1 jan4,yāt dī yành,somebody,,Cantonese::Pronouns
某啲地方,某啲地方,mau5 di1 dei6 fong1,máuh dī deih fōng,somewhere,,Cantonese::Pronouns
冇嘢,冇嘢,mou5 je5,móuh yéh,nothing,,Cantonese::Pronouns
冇人,冇人,mou5 jan4,móuh yành,no one,,Cantonese::Pronouns
冇地方,冇地方,mou5 dei6 fong1,móuh deih fōng,nowhere,,Cantonese::Pronouns
乜嘢,乜嘢,mat1 je5,māt yéh,anything,,Cantonese::Pronouns
乜人,乜人,mat1 jan4,māt yành,anyone,,Cantonese::Pronouns
乜嘢地方,乜嘢地方,mat1 je5 dei6 fong1,māt yéh deih fōng,anywhere,,Cantonese::Pronouns
或者,或者,waak6 ze2,waahk jé,or,,Cantonese::Conjunctions
如果,如果,jyu4 gwo2,yùh gwó,if,,Cantonese::Conjunctions
即使,即使,zik1 si2,jīk sí,even if,,Cantonese::Conjunctions
只要,只要,zi2 jiu3,jí yiu,if only,,Cantonese::Conjunctions
因為,因为,jan1 wai6,yān waih,since,,Cantonese::Conjunctions
由於,由于,yau4 yu1,yàuh yū,since,,Cantonese::Conjunctions
因此,因此,jan1 ci2,yān chí,so,,Cantonese::Conjunctions
於是,于是,jyu1 si6,yū sih,so,,Cantonese::Conjunctions
但係,但系,daan6 hai6,daanh haih,but,,Cantonese::Conjunctions
不過,不过,bat1 gwo3,bāt gwo,but,,Cantonese::Conjunctions
雖然,虽然,seoi1 jin4,sēui yình,although,,Cantonese::Conjunctions
"雖然 . . . , 但係","虽然 . . . , 但系","seoi1 jin4 . . . , daan6 hai6","sēui yình . . . , daanh haih","Although . . . , but",,Cantonese::Conjunctions
以,以,ji5,yíh,Therefore,,Cantonese::Conjunctions
為了,为了,wai4 liu5,wàih líuh,to,,Cantonese::Conjunctions
而且,而且,ji4 ce2,yìh ché,also,,Cantonese::Conjunctions
況且,况且,fong3 ce2,fong ché,additionally,,Cantonese::Conjunctions
早晨,早晨,zou2 san4,jóu sành,Good morning,,
你好嗎?,你好吗?,nei5 hou2 maa5 ?,néih hóu ma?,How are you?,,
我好好,我好好,ngo5 hou2 hou2,ngóh hóu hóu,I'm doing well,,
你叫咩名呀?,你叫咩名呀?,nei5 giu3 me1 ming4 aa4 ?,néih giu mē mìngh àh ?,What is your name?,,
我叫...,我叫...,ngo5 giu3 . . .,ngóh giu . . .,My name is...,,
唔好意思,唔好意思,m4 hou2 ji3 si1,mh hóu yi sī,I'm sorry,,
同,同,tung4,tùngh,and,,
係,系,hai6,haih,yes,,
唔係,唔系,m4 hai6,mh haih,no,,
有可能,有可能,jau5 ho2 nang4,yáuh hó nàngh,maybe,,
冇問題,冇问题,mou5 man6 tai4,móuh manh tàih,No problem,,
呢個好靚,呢个好靓,ne1 go3 hou2 leng3,nē go hóu leng,This is pretty,,
我好凍,我好冻,ngo5 hou2 dung3,ngóh hóu dung,I am cold,,
好熱,好热,hou2 jit6,hóu yiht,it is hot,,
呢個好辣,呢个好辣,ne1 go3 hou2 laat6,nē go hóu laaht,This is spicy,,
真嘅?,真嘅?,zan1 ge3 ?,jān ge ?,really?,,
咩事呀?,咩事呀?,me1 si6 aa4 ?,mē sih a?,what's up?,,
我唔知,我唔知,ngo5 m4 zi1,ngóh mh jī,I know,,
一月,一月,jat1 jyut6,yāt yuht,January,,
二月,二月,ji6 jyut6,yih yuht,February,,
三月,三月,saam1 jyut6,sāam yuht,March,,
四月,四月,sei3 jyut6,sei yuht,April,,
五月,五月,ng5 jyut6,ngh yuht,May,,
六月,六月,luk6 jyut6,luhk yuht,June,,
七月,七月,cat1 jyut6,chāt yuht,July,,
八月,八月,baat3 jyut6,baat yuht,August,,
九月,九月,gau2 jyut6,gáu yuht,September,,
十月,十月,sap6 jyut6,sahp yuht,October,,
十一月,十一月,sap6 jat1 jyut6,sahp yāt yuht,November,,
十二月,十二月,sap6 ji6 jyut6,sahp yih yuht,December,,
一日,一日,jat1 jat6,yāt yaht,1st,,
二日,二日,ji6 jat6,yih yaht,2nd,,
三日,三日,saam1 jat6,sāam yaht,3rd,,Cantonese::Date&Time
四日,四日,sei3 jat6,sei yaht,4th,,Cantonese::Date&Time
五日,五日,ng5 jat6,ngh yaht,5th,,Cantonese::Date&Time
六日,六日,luk6 jat6,luhk yaht,6th day of the month,,Cantonese::Date&Time
七日,七日,cat1 jat6,chāt yaht,7th,,Cantonese::Date&Time
八日,八日,baat3 jat6,baat yaht,8th,,Cantonese::Date&Time
九日,九日,gau2 jat6,gáu yaht,9th,,Cantonese::Date&Time
十日,十日,sap6 jat6,sahp yaht,10th,,Cantonese::Date&Time
十一日,十一日,sap6 jat1 jat6,sahp yāt yaht,11th,,Cantonese::Date&Time
十二日,十二日,sap6 ji6 jat6,sahp yih yaht,12th,,Cantonese::Date&Time
十三日,十三日,sap6 saam1 jat6,sahp sāam yaht,13th,,Cantonese::Date&Time
十四日,十四日,sap6 sei3 jat6,sahp sei yaht,14th,,Cantonese::Date&Time
十五日,十五日,sap6 ng5 jat6,sahp ngh yaht,15th,,Cantonese::Date&Time
十六日,十六日,sap6 luk6 jat6,sahp luhk yaht,16th,,Cantonese::Date&Time
十七日,十七日,sap6 cat1 jat6,sahp chāt yaht,17th,,Cantonese::Date&Time
十八日,十八日,sap6 baat3 jat6,sahp baat yaht,18th,,Cantonese::Date&Time
十九日,十九日,sap6 gau2 jat6,sahp gáu yaht,19th,,Cantonese::Date&Time
二十日,二十日,ji6 sap6 jat6,yih sahp yaht,20th,,Cantonese::Date&Time
二十一日,二十一日,ji6 sap6 jat1 jat6,yih sahp yāt yaht,21st,,Cantonese::Date&Time
二十二日,二十二日,ji6 sap6 ji6 jat6,yih sahp yih yaht,22nd,,Cantonese::Date&Time
二十三日,二十三日,ji6 sap6 saam1 jat6,yih sahp sāam yaht,23rd,,Cantonese::Date&Time
二十四日,二十四日,ji6 sap6 sei3 jat6,yih sahp sei yaht,24th,,Cantonese::Date&Time
二十五日,二十五日,ji6 sap6 ng5 jat6,yih sahp ngh yaht,25th,,Cantonese::Date&Time
二十六日,二十六日,ji6 sap6 luk6 jat6,yih sahp luhk yaht,26th,,Cantonese::Date&Time
二十七日,二十七日,ji6 sap6 cat1 jat6,yih sahp chāt yaht,27th,,Cantonese::Date&Time
二十八日,二十八日,ji6 sap6 baat3 jat6,yih sahp baat yaht,28th,,Cantonese::Date&Time
二十九日,二十九日,ji6 sap6 gau2 jat6,yih sahp gáu yaht,29th,,Cantonese::Date&Time
三十日,三十日,saam1 sap6 jat6,sāam sahp yaht,30th,,Cantonese::Date&Time
三十一日,三十一日,saam1 sap6 jat1 jat6,sāam sahp yāt yaht,31st,,Cantonese::Date&Time
星期日,星期日,sing1 kei4 jat6,sīng kèih yaht,Sunday,,Cantonese::Date&Time
星期一,星期一,sing1 kei4 jat1,sīng kèih yāt,Monday,,Cantonese::Date&Time
星期二,星期二,sing1 kei4 ji6,sīng kèih yih,Tuesday,,Cantonese::Date&Time
星期三,星期三,sing1 kei4 saam1,sīng kèih sāam,Wednesday,,Cantonese::Date&Time
星期四,星期四,sing1 kei4 sei3,sīng kèih sei,Thursday,,Cantonese::Date&Time
星期五,星期五,sing1 kei4 ng5,sīng kèih ngh,Friday,,Cantonese::Date&Time
星期六,星期六,sing1 kei4 luk6,sīng kèih luhk,Saturday,,Cantonese::Date&Time
一點,一点,jat1 dim2,yāt dím,1 o'clock,,Cantonese::Date&Time
兩點,两点,loeng5 dim2,léungh dím,2 o'clock,,Cantonese::Date&Time
三點,三点,saam1 dim2,sāam dím,3 o'clock,,Cantonese::Date&Time
四點,四点,sei3 dim2,sei dím,4 o’clock,,Cantonese::Date&Time
五點,五点,ng5 dim2,ngh dím,5 o’clock,,Cantonese::Date&Time
六點,六点,luk6 dim2,luhk dím,6 o’clock,,Cantonese::Date&Time
七點,七点,cat1 dim2,chāt dím,7 o’clock,,Cantonese::Date&Time
八點,八点,baat3 dim2,baat dím,8 o’clock,,Cantonese::Date&Time
九點,九点,gau2 dim2,gáu dím,9 o'clock,,Cantonese::Date&Time
十點,十点,sap6 dim2,sahp dím,10 o'clock,,Cantonese::Date&Time
十一點,十一点,sap6 jat1 dim2,sahp yāt dím,11 o'clock,,Cantonese::Date&Time
十二點,十二点,sap6 ji6 dim2,sahp yih dím,12 o'clock,,Cantonese::Date&Time
一點零五分,一点零五分,jat1 dim2 ling4 ng5 fan1,yāt dím lìngh ngh fān,1:05,,Cantonese::Date&Time
四點二十八分,四点二十八分,sei3 dim2 ji6 sap6 baat3 fan1,sei dím yih sahp baat fān,4:28,,Cantonese::Date&Time
八點四十四分,八点四十四分,baat3 dim2 sei3 sap6 sei3 fan1,baat dím sei sahp sei fān,8:44,,Cantonese::Date&Time
十一點五十一分,十一点五十一分,sap6 jat1 dim2 ng5 sap6 jat1 fan1,sahp yāt dím ngh sahp yāt fān,11:51,,Cantonese::Date&Time
十二點五十九分,十二点五十九分,sap6 ji6 dim2 ng5 sap6 gau2 fan1,sahp yih dím ngh sahp gáu fān,12:59,,Cantonese::Date&Time
上晝,上昼,soeng6 zau3,seungh jau,a.m.,,Cantonese::Date&Time
下晝,下昼,ha6 zau3,hah jau,afternoon,,Cantonese::Date&Time
下晝,下昼,haa6 zau3,hah jau,p.m.,,Cantonese::Date&Time
晚,晚,maan5,máanh,evening,,Cantonese::Date&Time
白天,白天,baak6 tin1,baahk tīn,daytime,,Cantonese::Date&Time
每日,每日,mui5 yat6,múih yaht,every day,,Cantonese::Date&Time
平日,平日,ping4 jat6,pìngh yaht,Weekday,,Cantonese::Date&Time
日期,日期,jat6 kei4,yaht kèih,date,,Cantonese::Date&Time
而家幾點,而家几点,ji4 gaa1 gei2 dim2,yìh gā géi dím,What time is it now?,,
点,点,dim2,dím,"time, o'clock",,
咧,咧,le1,lē,interrogative particle,,
而家幾點？,而家几点？,ji4 gaa1 gei2 dim2 ?,yìh gā géi dím ?,What time is it now?,,
而家六點半,而家六点半,ji4 gaa1 luk6 dim2 bun3,yìh gā luhk dím bun,It's half past six,,
你幾點返屋企？,你几点返屋企？,nei5 gei2 dim2 faan1 uk1 kei2?,néih géi dím fāan ūk kéi?,What time do you go home?,,
我鍾意呢個城市，因為佢有好靚嘅建築物。,我钟意呢个城市，因为佢有好靓嘅建筑物。,ngo5 zung1 ji3 ni1 go3 sing4 si5，jan1 wai6 keoi5 jau5 hou2 leng3 ge3 gin3 zuk1 mat6。,ngóh jūng yi nī go sìhng síh，yān waih kéuih yáuh hóu leng ge gin jūk maht。,I like this city because it has beautiful buildings.,,
我唔鍾意呢個城市，因為年輕人少。,我唔钟意呢个城市，因为年轻人少。,ngo5 m4 zung1 ji3 ni1 go3 sing4 si5，jan1 wai6 nin4 hing1 jan4 siu2。,ngóh m̀h jūng yi nī go sìhng síh，yān waih nìhn hīng yàhn síu。,I don't like this city because there are few young people.,,
呢個係馬丁路德住嘅城市。,呢个系马丁路德住嘅城市。,ne1 go3 hai6 maa5 ding1 lou6 dak1 zyu6 ge3 sing4 si5 。,nē go haih máh dīng louh dāk jyuh ge sìngh síh,This is the city where Martin Luther lived.,,
呢個係一個好有歷史嘅城市。,呢个系一个好有历史嘅城市。,ni1 go3 hai6 jat1 go3 hou2 jau5 lik6 si2 ge3 sing4 si5。,nī go haih yāt go hóu yáuh lihk sí ge sìngh síh,This is a very historical city.,,
呢個城市係基督徒嘅旅遊地點。,呢个城市系基督徒嘅旅游地点。,ni1 go3 sing4 si5 hai6 gei1 duk1 tou4 ge3 leoi5 jau4 dei6 dim2。,nī go sìngh síh haih gēi dūk tòuh ge léuih yàuh deih dím,This city is a tourist destination for Christians.,,
我鍾意去柏林同美國朋友玩。,我钟意去柏林同美国朋友玩。,ngo5 zung1 ji3 heoi3 paak3 lam4 tung4 mei5 gwok3 pang4 jau5 waan2 。,ngóh jūng yi heui paak làmh tùngh méih gwok pàngh yáuh wáan,I like to visit to Berlin to play with American friends.,,
我每朝都會踩單車返工。,我每朝都会踩单车返工。,ngo5 mui5 ziu1 dou1 wui5 caai2 daan1 ce1 faan1 gung1。,ngóh múih jīu dōu wúih cháai dāan chē fāan gūng,Every morning I ride my bicycle to work.,,
我每日教三堂。,我每日教三堂。,ngo5 mui5 jat6 gaau3 saam1 tong4。,ngóh múih yaht gaau sāam tòngh,I teach three classes everyday.,,
雖然呢個城市細，但係去柏林嘅火車連接好好。,虽然呢个城市细，但系去柏林嘅火车连接好好。,seoi1 jin4 ni1 go3 sing4 si5 sai3，daan6 hai6 heoi3 paak3 lam4 ge3 fo2 ce1 lin4 zip3 hou2 hou2。,sēui yìhn nī go sìhng síh sai，daahn haih heui paak làhm ge fó chē lìhn jip hóu hóu。,"Although the city is small, the train connection to Berlin is good.",,
今年想去西班牙同瑞典旅行。,今年想去西班牙同瑞典旅行。,gam1 nin4 soeng2 heoi3 sai1 baan1 ngaa4 tung4 seoi6 din2 leoi5 hang4。,gām nình séung heui sāi bāan ngàh tùngh seuih dín léuih hàngh,This year I would like to travel to Spain and Sweden.,,
雖然柏林好醜，但係我喺嗰度有好多朋友。,虽然柏林好丑，但系我喺𠮶度有好多朋友。,seoi1 jin4 paak3 lam4 hou2 cau2，daan6 hai6 ngo5 hai2 go2 dou6 jau5 hou2 do1 pang4 jau5。,sēui yìhn paak làhm hóu cháu，daahn haih ngóh hái gó douh yáuh hóu dō pàhng yáuh。,"Although Berlin is ugly, I have many friends there.",,
最近，我都諗緊下年會點做。,最近，我都谂紧下年会点做。,zeoi3 gan6 ， ngo5 dou1 nam2 gan2 haa6 nin2 wui6 dim2 zou6 。,jeui ganh ngóh dōu nám gán hah nín wuih dím jouh,"Lately, I have been thinking about what I will do next year.",,
下年想去東亞讀書或者做嘢。,下年想去东亚读书或者做嘢。,haa6 nin2 soeng2 heoi3 dung1 ngaa3 duk6 syu1 waak6 ze2 zou6 je5。,hah nín séung heui dūng nga duhk syū waahk jé jouh yéh,Next year I would like to study or work in east asia.,,
我希望喺中國南方搵到機會。,我希望喺中国南方揾到机会。,ngo5 hei1 mong6 hai2 zung1 gwok3 naam4 fong1 wan2 dou2 gei1 wui6。,ngóh hēi mongh hái jūng gwok nàamh fōng wán dóu gēi wuih,I hope to find opportunities in southern China.,,
雖然德國嘢唔好食，但係有好多好味嘅越南餐廳。,虽然德国嘢唔好食，但系有好多好味嘅越南餐厅。,seoi1 jin4 dak1 gwok3 je5 m4 hou2 sik6，daan6 hai6 jau5 hou2 do1 hou2 mei6 ge3 jyut6 naam4 caan1 teng1。,sēui yìhn dāk gwok yéh m̀h hóu sihk，daahn haih yáuh hóu dō hóu meih ge yuht nàahm chāan tēng。,"Although German food is not delicious, there are many delicious Vietnamese restaurants.",,
雖然我鍾意一個人去旅行，但係都會好寂寞。,虽然我钟意一个人去旅行，但系都会好寂寞。,seoi1 jin4 ngo5 zung1 ji3 jat1 go3 jan4 heoi3 leoi5 hang4，daan6 hai6 dou1 wui5 hou2 zik6 mok6。,sēui yìhn ngóh jūng yi yāt go yàhn heui léuih hàhng，daahn haih dōu wúih hóu jihk mohk。,"Although I like traveling alone, it can get lonely too.",,
閒時，我鍾意學廣東話、德文同吉他。,闲时，我钟意学广东话、德文同吉他。,haan4 si4，ngo5 zung1 ji3 hok6 gwong2 dung1 waa2、dak1 man2 tung4 gat1 taa1。,hàahn sìh，ngóh jūng yi hohk gwóng dūng wá、dāk mán tùhng gāt tā。,"In my free time, I like to study Cantonese, German, and Guitar.",,
當我有壓力嘅時候，我會聽音樂。,当我有压力嘅时候，我会听音乐。,dong1 ngo5 jau5 aat3 lik6 ge3 si4 hau6，ngo5 wui5 teng1 jam1 ngok6。,dōng ngóh yáuh aat lihk ge sìh hauh，ngóh wúih tēng yām ngohk。,"When I am stressed, I listen to music.",,
我最鍾意嘅廣東樂隊係「我的小機場」。,我最钟意嘅广东乐队系「我的小机场」。,ngo5 zeoi3 zung1 ji3 ge3 gwong2 dung1 ngok6 deoi2 hai6「ngo5 dik1 siu2 gei1 coeng4」。,ngóh jeui jūng yi ge gwóng dūng ngohk déui haih「ngóh dīk síu gēi chèuhng」。,"My favorite Cantonese band is ""My Little Airport"" .",,
我對文化、音樂、語言、戶外、運動、人類學同電腦都有興趣。,我对文化、音乐、语言、户外、运动、人类学同电脑都有兴趣。,ngo5 deoi3 man4 faa3、jam1 ngok6、jyu5 jin4、wu6 ngoi6、wan6 dung6、jan4 leoi6 hok6 tung4 din6 nou5 dou1 jau5 hing3 ceoi3。,ngóh deui màhn fa、yām ngohk、yúh yìhn、wuh ngoih、wahn duhng、yàhn leuih hohk tùhng dihn nóuh dōu yáuh hing cheui。,"I am interested in culture, music, languages, the outdoors, exercise, anthropology and computers.",,
我想學點樣彈奧卡里納。,我想学点样弹奥卡里纳。,ngo5 soeng2 hok6 dim2 joeng2 daan2 ou3 kaa1 lei5 naap6。,ngóh séung hohk dím yéung dáan ou kā léih naahp,I would like to learn how to play the Ocarina.,,
由細到大，我開頭都係怕羞，之後就講好多嘢。,由细到大，我开头都系怕羞，之后就讲好多嘢。,jau4 sai3 dou3 daai6，ngo5 hoi1 tau4 dou1 hai6 paa3 sau1，zi1 hau6 zau6 gong2 hou2 do1 je5。,yàuh sai dou daaih，ngóh hōi tàuh dōu haih pa sāu，jī hauh jauh góng hóu dō yéh。,"Since I was young, I am shy at first, then talk a lot.",,
最近，我訂咗我童年最鍾意嘅電影嘅廣東話版。佢哋大部分都係寶可夢電影。,最近，我订咗我童年最钟意嘅电影嘅广东话版。佢哋大部分都系宝可梦电影。,zeoi3 gan6，ngo5 ding6 zo2 ngo5 tung4 nin4 zeoi3 zung1 ji3 ge3 din6 jing2 ge3 gwong2 dung1 waa2 baan2。keoi5 dei6 daai6 bou6 fan6 dou1 hai6 bou2 ho2 mung6 din6 jing2。,jeui gahn，ngóh dihng jó ngóh tùhng nìhn jeui jūng yi ge dihn yíng ge gwóng dūng wá báan。kéuih deih daaih bouh fahn dōu haih bóu hó muhng dihn yíng。,"Recently, I ordered the Cantonese version of my favorite movies from my Childhood. Most of them are Pokemon movies.",,
維登堡嘅公寓好平。,维登堡嘅公寓好平。,wai4 dang1 bou2 ge3 gung1 jyu6 hou2 ping4。,wàih dāng bóu ge gūng yuh hóu pìngh,Wittenberg's apartments are cheap.,,
德國嘅價格低過美國。,德国嘅价格低过美国。,dak1 gwok3 ge3 gaa3 gaak3 dai1 gwo3 mei5 gwok3。,dāk gwok ge ga gaak dāi gwo méih gwok,Germany's prices are lower than the US.,,
我唔鍾意冬天，因為好凍。,我唔钟意冬天，因为好冻。,ngo5 m4 zung1 ji3 dung1 tin1，jan1 wai6 hou2 dung3。,ngóh m̀h jūng yi dūng tīn，yān waih hóu dung。,I don't like winter because it is very cold.,,
我唔飲酒，因為唔健康。,我唔饮酒，因为唔健康。,ngo5 m4 jam2 zau2，jan1 wai6 m4 gin6 hong1。,ngóh m̀h yám jáu，yān waih m̀h gihn hōng。,I don't drink alcohol because it is not healthy.,,
我飲咖啡、茶同水。,我饮咖啡、茶同水。,ngo5 jam2 gaa3 fe1、caa4 tung4 seoi2。,ngóh yám ga fē、chàh tùhng séui。,"I drink coffee, tea, and water.",,
我會讀書同埋溫書。,我会读书同埋温书。,ngo5 wui5 duk6 syu1 tung4 maai4 wan1 syu1。,ngóh wúih duhk syū tùngh màaih wān syū,I will read and study.,,
我去咗德國。,我去咗德国。,ngo5 heoi3 zo2 dak1 gwok3 。,ngóh heui jó dāk gwok,I went to Germany.,,
我識講英文同德文。,我识讲英文同德文。,ngo5 sik1 gong2 jing1 man4 tung4 dak1 man4 。,ngóh sīk góng yīng mành tùngh dāk mành,I speak English and German.,,
尋日，我去咗踩山地單車。,寻日，我去咗踩山地单车。,kam4 jat6，ngo5 heoi3 zo2 caai2 saan1 dei6 daan1 ce1。,kàhm yaht，ngóh heui jó cháai sāan deih dāan chē。,"Yesterday, I went mountain biking.",,
今日，我做咗運動。,今日，我做咗运动。,gam1 jat6，ngo5 zou6 zo2 wan6 dung6。,gām yaht，ngóh jouh jó wahn duhng。,"Today, I exercised.",,
我會喺德國教英文。,我会喺德国教英文。,ngo5 wui5 hai2 dak1 gwok3 gaau3 jing1 man4。,ngóh wúih hái dāk gwok gaau yīng mành,I will teach English in Germany.,,
你識唔識講英文？,你识唔识讲英文？,nei5 sik1 m4 sik1 gong2 jing1 man4？,néih sīk mh sīk góng yīng mành,Do you speak English?,,
你鍾唔鍾意喺戶外？,你钟唔钟意喺户外？,nei5 zung1 m4 zung1 ji3 hai2 wu6 ngoi6？,néih jūng mh jūng yi hái wuh ngoih,Do you like to be outdoors?,,
我鍾意試新食物。,我钟意试新食物。,ngo5 zung1 ji3 si3 san1 sik6 mat6。,ngóh jūng yi si sān sihk maht,I like trying new foods.,,
你最鍾意食咩？,你最钟意食咩？,nei5 zeoi3 zung1 ji3 sik6 me1 ？,néih jeui jūng yi sihk mē,What is your favorite food?,,
你最鍾意邊個音樂家？,你最钟意边个音乐家？,nei5 zeoi3 zung1 ji3 bin1 go3 jam1 ngok6 gaa1？,néih jeui jūng yi bīn go yām ngohk gā,Who is your favorite musician?,,
你想去邊度旅行？,你想去边度旅行？,nei5 soeng2 heoi3 bin1 dou6 leoi5 hang4 ？,néih séung heui bīn douh léuih hàngh,Where would you like to travel?,,
我食咗牛肉、西蘭花同薯仔。,我食咗牛肉、西兰花同薯仔。,ngo5 sik6 zo2 ngau4 juk6、sai1 laan4 faa1 tung4 syu4 zai2。,ngóh sihk jó ngàuh yuhk、sāi làahn fā tùhng syùh jái。,"I ate beef, broccoli, and potato.",,
我食咗三文魚、飯同青豆。,我食咗三文鱼、饭同青豆。,ngo5 sik6 zo2 saam1 man4 jyu2 、 faan6 tung4 cing1 dau6 。,ngóh sihk jó sāam mành yú faanh tùngh chīng dauh,"I ate salmon, rice, and green beans.",,
你最鍾意飲咩茶？,你最钟意饮咩茶？,nei5 zeoi3 zung1 ji3 jam2 me1 caa4？,néih jeui jūng yi yám mē chàh,What is your favorite kind of tea?,,
你鍾唔鍾意珍珠奶茶？,你钟唔钟意珍珠奶茶？,nei5 zung1 m4 zung1 ji3 zan1 zyu1 naai5 caa4？,néih jūng mh jūng yi jān jyū náaih chàh,Do you like bubble tea?,,
你鍾唔鍾意去行山？,你钟唔钟意去行山？,nei5 zung1 m4 zung1 ji3 heoi3 haang4 saan1？,néih jūng mh jūng yi heui hàangh sāan,Do you like to go hiking?,,
你鍾唔鍾意踩單車？,你钟唔钟意踩单车？,nei5 zung1 m4 zung1 ji3 caai2 daan1 ce1？,néih jūng mh jūng yi cháai dāan chē,Do you like to ride your bike?,,
你去邊度放鬆下？,你去边度放松下？,nei5 heoi3 bin1 dou6 fong3 sung1 haa6？,néih heui bīn douh fong sūng hah,Where do you go to relax?,,
我想去香港、澳門、越南、日本旅行。,我想去香港、澳门、越南、日本旅行。,ngo5 soeng2 heoi3 hoeng1 gong2、ou3 mun2、jyut6 naam4、jat6 bun2 leoi5 hang4。,ngóh séung heui hēung góng、ou mún、yuht nàahm、yaht bún léuih hàhng。,"I would like to travel to Hong Kong, Macau, Vietnam, and Japan.",,
我有一日會去中國。,我有一日会去中国。,ngo5 jau5 jat1 jat6 wui2 heoi3 zung1 gwok3,ngóh yáuh yāt yaht wúi heui jūng gwok,I will visit China one day,,
我鍾意中國文化同歷史,我钟意中国文化同历史,ngo5 zung1 ji3 zung1 gwok3 man4 faa3 tung4 lik6 si2,ngóh jūng yi jūng gwok màhn fa tùhng lihk sí,I love Chinese culture and history,,
我喺二零一六同二零一七年喺德國住過。,我喺二零一六同二零一七年喺德国住过。,ngo5 hai2 ji6 ling4 jat1 luk6 tung4 ji6 ling4 jat1 cat1 nin4 hai2 dak1 gwok3 zyu6 gwo3。,ngóh hái yih lìngh yāt luhk tùngh yih lìngh yāt chāt nình hái dāk gwok jyuh gwo,I lived in Germany in 2016 and 2017.,,
我二零二零年喺德國讀書。,我二零二零年喺德国读书。,ngo5 ji6 ling4 ji6 ling4 nin4 hai2 dak1 gwok3 duk6 syu1。,ngóh yih lìngh yih lìngh nình hái dāk gwok duhk syū,I studied in Germany in 2020.,,
我有好多貓同一隻狗，但係而家我冇寵物。,我有好多猫同一只狗，但系而家我冇宠物。,ngo5 jau5 hou2 do1 maau1 tung4 jat1 zek3 gau2，daan6 hai6 ji4 gaa1 ngo5 mou5 cung2 mat6。,ngóh yáuh hóu dō māau tùhng yāt jek gáu，daahn haih yìh gā ngóh móuh chúng maht。,"I had many cats and one dog, but now I have no pets.",,
你有冇彈任何樂器？,你有冇弹任何乐器？,nei5 jau5 mou5 daan2 jam6 ho4 ngok6 hei3？,néih yáuh móuh dáan yamh hòh ngohk hei,Do you play any instruments?,,
我彈少少結他。,我弹少少结他。,ngo5 taan2 siu2 siu2 git3 taa1。,ngóh táan siú siú git tā。,I play the guitar a little bit.,,
我鍾意學廣東話。,我钟意学广东话。,ngo5 zung1 ji3 hok6 gwong2 dung1 waa2。,ngóh jūng yi hohk gwóng dūng wá,I enjoy learning Cantonese.,,
我最鍾意嘅音樂家係 Still Woozy 。,我最钟意嘅音乐家系 Still Woozy 。,ngo5 zeoi3 zung1 ji3 ge3 jam1 ngok6 gaa1 hai6 Still Woozy 。,ngóh jeui jūng yi ge yām ngohk gā haih Still Woozy,My favorite musician is Still Woozy.,,
你幾歲？,你几岁？,nei5 gei2 seoi3？,néih géi seui,How old are you?,,
我鍾意玩寶可夢。,我钟意玩宝可梦。,ngo5 zung1 ji3 waan2 bou2 ho2 mung6。,ngóh jūng yi wáan bóu hó mungh,I like to play Pokémon,,
唔係，唔該，我唔食煙。,唔系，唔该，我唔食烟。,m4 hai6，m4 goi1，ngo5 m4 sik6 jin1。,m̀h haih，m̀h gōi，ngóh m̀h sihk yīn。,"No thank you, I don't smoke.",,
蛇年大吉！,蛇年大吉！,se4 nin4 daai6 gat1,sèh nìhn daaih gāt,Good fortune in the year of the snake!,,
"早晨 Mary , 去邊啊？","早晨 Mary , 去边啊？","zou2 san4 Mary, heoi3 bin1 aa3?","jóu sàhn Mary, heui bīn a?","Good morning Mary, where are you going?",,
鳳爪,凤爪,fung6 zaau2,fuhng jáau,chicken feet,,
飲早茶,饮早茶,jam3 zou2 caa4,yam jóu chàh,"Drinking
Morning Tea",,
啊,啊,aa3,aa,modal particle,,
您,你,nei5,néih,you,,
未,未,mei6,meih,not yet,,
請,请,ceng2,chéng,treat,,
早晨，去邊啊？,早晨，去边啊？,"zou2 san4, heoi3 bin1 aa3?","jóu sàhn, heui bīn a?","Good morning, where are you going?",,
早晨！我去飲茶。你食咗早餐未？,早晨！我去饮茶。你食咗早餐未？,zou2 san4. ngo5 heoi3 jam2 caa4. nei5 sik6 zo2 zou2 caan1 mei6?,jóu sàhn. ngóh heui yám chàh. néih sihk jó jóu chāan meih?,Good morning! I'm going to have some dim sum. Have you had breakfast?,,
未啊,未啊,mei6 aa3,meih a,not yet,,
一齊?,一齐?,jat cai4*2,jat chái,let's go together?,,
好啊，我請。,好啊，我请。,"hou2 aa3, ngo5 ceng2","hóu a, ngóh chéng","sure, my treat",,
咁好。多謝！,咁好。多谢！,gam3 hou2. do1 ze6.,gam hóu. dō jeh.,That's so nice. Thank you!,,
今日幾號,今日几号,gam1 jat6 gei2 hou6,gām yaht géi houh,What is the date today?,,
號,号,hou6,houh,date,,
今日8月7號。,今日8月7号。,gam1 jat6 8 jyut6 7 hou6 。,gām yaht 8 yuht 7 houh 。,Today is August 7th.,,
你幾號去上海？,你几号去上海？,nei2 gei2 hou6 heoi3 soeng6-hoi2?,néi géi houh heui seuhng-hói?,When are you going to Shanghai?,,
我10號去上海，13號返香港。,我10号去上海，13号返香港。,"ngo5 sap6-hou6 heoi3 soeng5-hoi2, sap6-saam1-hou6 faan2 heong1-gong2。","ngóh sahp-houh heui séuhng-hói, sahp-sāam-houh fáan hēong-góng。",I go to Shanghai on the 10th and return to Hong Kong on the 13th,,
13號系星期幾？,13号系星期几？,sap6 saam1 hou6 hai6 sing1 kei4 gei2?,sahp sāam houh haih sīng kèih géi?,What day of the week is the 13th?,,
13號係禮拜五。,13号係礼拜五。,sap6 saam1 hou6 hai6 lai5 baai3 ng5,sahp sāam houh haih láih baai ńgh,The 13th is Friday.,,
你幾時去上海 ？,你几时去上海 ？,nei5 gei2 si4 heoi3 soeng5-hoi2,néih géi sìh heui seúhng hói,When are you going to Shanghai?,,
你幾時生日？,你几时生日？,nei5 gei2 si4 saang1-jat6 ?,néih géi sìh sāang-yaht ?,When is your birthday?,,
你幾時返美國？,你几时返美国？,nei5 gei2-si4 faan1 mei5-gwok3,néih géi sìh fāan méih gwok,When will you go back to America?,,
我係中國人。,我系中国人。,ngo5 hai6 zung1-gwok3-jan4,ngóh haih jūng gwok yàhn,I'm Chinese,,
你係我朋友,你系我朋友,nei5 hai6 ngo5 pang4-jau5,néih haih ngóh pàhng yáuh,You are my friend,,
今朝,今朝,gam1 ziu1,gām jiū,This morning,,
今晚,今晚,gam1 maan5*1,gām máāhn,This evening,,
聽朝,听朝,ting1 ziu1,tīng jiū,tomorrow morning,,
聽晚,听晚,ting1 maan5*1,tīng máāhn,tomorrow evening,,
尋晚,寻晚,cam4 maan5*1,chàhm máāhn,last night,,
你什麼時候去了香港？,你什么时候去了香港？,nei5 sam6 mo1 si4 hau6 heoi3 liu5 hoeng1-gong2 ？,néih sahm mō sìh hauh heui liúh heūng góng ？,When did you go to Hong Kong?,,
我昨天早上去了香港,我昨天早上去了香港,ngo5 zok3-tin1 zou2-soeng6 heoi3 liu5 hoeng1-gong2,ngóh jok tīn jóu seuhng heui liúh heūng góng,I went to Hong Kong yesterday morning,,
你什麼時候回來？,你什么时候回来？,nei5 sam6-mo1 si4-hau6 wui4-loi4,néih sahm mō sìh hauh wuìh lòih,When will you come back?,,
我們明天晚上一起吃飯。,我们明天晚上一起吃饭。,ngo5 mun4 ming4 tin1 maan5 soeng5 jat1 hei2 hek3 faan6 。,ngóh mùhn mìhng tīn máahn seúhng yāt héi hek faahn 。,We have dinner together tomorrow night,,
今天是幾號？,今天是几号？,gam1 tin1 si6 gei2 hou6 ？,gām tīn sih géi houh ？,What day is it today?,,
今天是8月7日。,今天是8月7日。,gam1 tin1 si6 baat3 jyut6 cat1 jat6,gām tīn sih baat yuht chāt yaht,Today is August 7th,,
你什麼時候去上海？,你什么时候去上海？,nei5 sam6-mo1 si4-hau6 heoi3 soeng6-hoi2,néih sahm mō sìh hauh heui seuhng hói,When are you going to Shanghai?,,
我10號去上海，13號回香港,我10号去上海，13号回香港,ngo5 sap6 hou6 heoi3 soeng6-hoi2 ， sap6-saam1 hou6 wui4 hoeng1-gong2,ngóh sahp houh heui seuhng-hói ， sahp-sāam houh wùih hēung-góng,I will go to Shanghai on the 10th and return to Hong Kong on the 13th,,
13號是星期幾？,13号是星期几？,sap6-saam1 hou6 si6 sing1-kei4 gei1?,sahp sāam houh sih sīng kèih gēi?,What day of the week is the 13th?,,
是星期五,是星期五,si6 sing1 kei4 ng5,sih sīng kèih ńgh,It is a Friday,,
二十,二十,ji6 sap6 → jaa6,yih sahp → yah,twenty,,
三十,三十,sam1 sap6 → sa1-a6,sām sahp → sā-ah,thirty,,
四十,四十,sei3 sap6 → sei-a6,sei sahp → sei-ah,forty,,
五十,五十,ng5 sap6 → ng5-a6,ńgh sahp → ńgh ah,fifty,,
六十,六十,luk6 sap6 → luk6-a6,luhk sahp → luhk-ah,sixty,,
七十,七十,cat1 sap6 → cat1-a6,chāt sahp → chāt-ah,seventy,,
八十,八十,baat3 sap6 → baat3-a6,baat sahp → baat-ah,eighty,,
九十,九十,gau2 sap6 → gau2-a6,gáu sahp → gáu ah,ninety,,
水平,水平,seui2 ping4,séui pìhng,level (of achievement etc.),,
同事,同事,tung4 si3,tùhng si,co-workers,,
外國人,外国人,ngoi6 gwok3 jan4,ngoih gwok yàhn,foreigner,,
新嘅朋友,新嘅朋友,san1 ge3 pang4 jau5,sān ge pàhng yáuh,new friends,,
嚟自,嚟自,lai4 zi6,làih jih,to come from,,
唔同嘅,唔同嘅,m4 tung4 ge3,m̀h tùhng ge,different,,
相同嘅,相同嘅,seung1 tung4 ge3,seūng tùhng ge,same,,
項目,项目,hong6 muk6,hohng muhk,program,,
我嘅德文好過佢地,我嘅德文好过佢地,ngo5 ge3 dak1 man4 hou2 gwo3 keoi5 dei6,ngóh ge dāk màhn hóu gwo kéuih deih,My German is better than his,,
歐元,欧元,au1 jyun4,āu yùhn,euro,,
美金,美金,mei5 gam1,méih gām,USD ($),,
鍾,钟,zung1,jūng,hour,,
流浪貓,流浪猫,lau4 long4 maau1,làuh lòhng māau,stray cat,,
只,只,zek3,jek,measure word for some animals,,
披薩,披萨,pei1 saat3,pēi saat,pretzel,,
印度,印度,jan3 dou6,yan douh,India,,
泰國,泰国,taai3 gwok3,taai gwok,Thailand,,
牛肉粉,牛肉粉,ngau4 juk6 fan2,ngàuh yuhk fán,Beef Phở,,
春捲,春卷,ceon1 gyun2,cheūn gyún,spring roll,,
店,店,dim3,dim,shop,,
呢 個 女 仔 十 一 歲。,呢 个 女 仔 十 一 岁。,ni1 go3 neui5 jai2 sap6 yat1 seui3。,nī go néuih yái sahp yāt seui,The girl is 11 years old,,
佢 二 十 歲。,佢 二 十 岁。,keui5 yi6 sap6 seui3,kéuih yih sahp seui,He is 20 years old,,
佢 三 十 歲。,佢 三 十 岁。,keui5 saam1 sap6 seui3,kéuih sāam sahp seui,She is thirty years old,,
喺你嘅城市,喺你嘅城市,hai2 nei5 ge3 sing4 si5,hái néih ge sìngh síh,In your city,,
今日天氣點樣,今日天气点样,gam1 jat6 tin1 hei6 dim2 joeng2,gām yaht tīn heih dím yéung,What's today's weather like?,,
系好天定系,系好天定系,hai6 hou2 tin1 ding6 hai6 lok6 jyu5,haih hóu tīn dingh haih lohk yúh,Is the weather good or is it bound to rain?,,
系熱定系凍?,系热定系冻?,hai6 ji6 ding6 hai6 dung3?,haih yih dihng haih dung?,Is it hot or cold?,,
氣溫,气温,hei3 wan1,hei wān,(weather) temperature,,
温度,温度,wan1 dou6,wān douh,temperature,,
温,温,dou6,douh,degree (temperature),,
左右,左右,zo2 jau6,jó yauh,around,,
聽講,听讲,teng1 gong2,tēng góng,be told,,
會,会,wui5,wúih,will,,
落雨,落雨,lok6 jyu5,lohk yúh,Rain,,
涼爽,凉爽,loeng4 song2,lèungh sóng,pleasantly cool,,
呢排,呢排,ni1 paai2,nī páai,recently,,
過幾日,过几日,gwo3 gei2 jat6,gwo géi yaht,in a couple of days,,
可能,可能,ho2 nang4,hó nàhng,Maybe,,
颱風,台风,toi4 fung1,tòih fūng,typhoon,,
記得,记得,gei3 dak1,gei dāk,remember,,
閂窗,闩窗,saan1 coeng1,sāan chēung,close the window,,
聽日天氣點樣,听日天气点样,ting1 jat6 tin1 hei3 dim2 joeng2,tīng yaht tīn hei dím yéung,what's the weather like tomorrow?,,
"氣溫二十八度左右, 聽講會落雨。","气温二十八度左右, 听讲会落雨。","hei3 wan1 ji6 sap6 baat3 dou6 zo2 jau6, teng1 gong2 wui5 lok6 jyu5.","hei wān yih sahp baat douh jó yauh, tēng góng wúih lohk yúh.","The temperature is 28 to 32 degrees, I heard it'll rain tomorrow.",,
落雨好啊，會涼爽啲。,落雨好啊，会凉爽啲。,"lok6 jyu5 hou2 aa3, wui3 loeng4 song2 di1","lohk yúh hóu a, wui lèuhng sóng dī",Raining is good. It'll be cooler.,,
系啊，呢排太熱了。過幾日可能會有颱風。,系啊，呢排太热了。过几日可能会有台风。,"hai6 aa3, ni1 paai2 taai3 jit6 lak3. gwo3 gei2 jat6 hou2 nang4 wui5 jau5 toi4 fung1","haih a, nī páai taai yiht lak. gwo géi yaht hóu nàhng wúih yáuh tòih fūng","Yes, it's too hot recently. There might be a typhoon in a few days.",,
記得閂窗。,记得闩窗。,gei3 dak1 saan1 coeng1,gei dāk sāan chēung,Remember to close the window,,
冇問題。,冇问题。,mou5 man6 tai4,móuh manh tàih,No problem,,
聽日會好凍。,听日会好冻。,ting1 jat6 wui6 hou2 dung3 。,tīng yaht wuih hóu dung,Tomorrow it will be very cold,,
落雪,落雪,lok6 syut3,lohk syut,snow,,
落車,下车,lok6 ce1,lohk chē,get off (vehicle),,
落嚟,落嚟,lok6 lai4,lohk làih,to come down (here/there),,
落去,落去,lok6 heoi3,lohk heui,to go down,,
呢件衫靚啲，嗰件唔靚。,呢件衫靓啲，嗰件唔靓。,"ni1 gin6 saam1 leng3 di1, go2 gin5 m4 leng3","nī gihn sāam leng dī, gó gíhn m̀h leng",This shirt is prettier than that one,,
你記得聽晚七點要同黃先生食飯。,你记得听晚七点要同黄先生食饭。,nei5 gei3 dak1 ting1 maan5 cat1 dim2 jiu3 tung4 Wong4 sin1 saang1 sik6 faan6,néih gei dāk tīng máahn chāt dím yiu tùhng Wòhng sīn sāang sihk faahn,Remember to have dinner with Mr.Wong at seven o'clock in the evening.,,
你記唔記得佢叫乜嘢名?,你记唔记得佢叫乜嘢名?,nei5 gei3 m4 gei3 dak1 keoi5 giu3 mat1 je5 meng2?,néih gei m̀h gei dāk kéuih giu māt yéh méng?,Do you remember his name?,,
喺你嘅城市，每個季節有乜嘢特色？有乜嘢常見嘅天氣現象？,喺你嘅城市，每个季节有乜嘢特色？有乜嘢常见嘅天气现象？,"hai2 nei5 ge3 sing4 si5, mui5 go3 gwai3 zit3 jau5 mat1 je5 dak6 sik1? jau5 mat1 je5 soeng4 gin3 ge3 tin1 hei3 jin6 zoeng6?","hái néih ge sìhng síh, múih go gwai jit yáuh māt yéh dahk sīk? yáuh māt yéh sèuhng gin ge tīn hei yihn jeuhng?","In your city, what does each season feature? What are the common weather phenomena?",,
暴風雪,暴风雪,bou6 fung1 syut3,bouh fūng syut,Blizzard,,
好凍,好冻,hou2 dung3,hóu dung,Very cold,,
陰天,阴天,jam1 tin1,yām tīn,cloudy,,
多雲,多云,do1 wan4,dō wành,cloudy,,
就嚟落雨,就嚟落雨,zau6 lai4 lok6 jyu5,jauh làih lohk yúh,It's going to rain,,
晴天,晴天,cing4 tin1,chìngh tīn,sunny,,
潮溼,潮湿,ciu4 sap1,chìuh sāp,humid,,
乾燥,干燥,gon1 cou3,gōn chou,dry,,
你平時幾點起身？,你平时几点起身？,nei4 ping4 si4 gei2 dim2 hei2 san1,nèih pìngh sìh géi dím héi sān,What time do you usually get up,,
會唔會因爲唔想返工/返學詐病？,会唔会因为唔想返工/返学诈病？,"wui5 m4 wui5 jan1 wai6 m4 soeng2 faan1 gung1, so2 ji5 zaa3 beng6?","wúih m̀h wúih yān waih m̀h séung fāan gūng, só yíh ja behng?",Would you pretend to be sick because you don't want to go to work/school?,,
咳嗽,咳嗽,kat1 sau3,kāt sau,cough,,
發燒,发烧,faat3 siu1,faat sīu,to have a fever,,
肚痛,肚痛,tou5 tung3,tóuh tung,stomach ache,abdominal pain,
唔舒服,m4 syu1 fuk6,不舒服,不舒服,Uncomfortable / Sick,,
感冒,感冒,gam2 mou6,gám mouh,cold/flu,,
鼻,bei6,鼻,鼻,Nose,,
口,hau2,口,口,Mouth,,
耳,ji5,耳,耳,Ear,,
你邊度唔舒服？,nei5 bin1 dou6 m4 syu1 fuk6,你哪里不舒服？,你哪里不舒服？,Where do you feel unwell?,,
你發燒喇。,nei5 faat3 siu1 laa3,你发烧了。,你发烧了。,You have a fever.,,
你感冒喇。,nei5 gam2 mou6 laa3,你感冒了。,你感冒了。,You have a cold.,,
要唞吓。,jiu3 tau2 haa5,要休息一下。,要休息一下。,You need to rest.,,
飲多啲水。,jam2 do1 di1 seoi2,多喝水。,多喝水。,Drink more water.,,
食藥喇。,sik6 joek6 laa3,吃药了。,吃药了。,Take some medicine.,,
Traditional,Simplified,Jyutping,Yale,English,,
你最近點呀？,你最近点呀？,nei5 zeoi3 gan6 dim2 aa3?,néih jeui gahn dím a?,How have you been recently?,,
你做緊咩呀？,你做紧咩呀？,nei5 zou6 gan2 me1 aa3?,néih jouh gán mē a?,What are you doing?,,
我最近去咗行山。,我最近去咗行山。,ngo5 zeoi3 gan6 heoi3 zo2 haang4 saan1.,ngóh jeui gahn heui jó hàahng sāan.,I went hiking recently.,,
你返咗嚟香港幾耐？,你返咗嚟香港几耐？,nei5 faan1 zo2 lei4 Hoeng1 Gong2 gei2 noi6?,néih fāan jó lèih Hōeng Góng géi noih?,How long have you been back in Hong Kong?,,
你會唔會掛住英國？,你会唔会挂住英国？,nei5 wui5 m4 wui5 gwaa3 zyu6 Jing1 Gwok3?,néih wúih m̀h wúih gwa jyuh Jīng Gwok?,Do you miss the UK?,,
係咪真㗎？,係咪真㗎？,hai6 mai6 zan1 gaa3?,haih maih jān ga?,Is that true?,,
咁啱呀！,咁啱呀！,gam3 aap1 aa3!,gam āap a!,What a coincidence!,,
影相幾好玩㗎。,影相几好玩㗎。,jing2 soeng2 gei2 hou2 waan2 gaa3.,yíng séung géi hóu wáan ga.,Photography is really fun.,,
香港啲風景真係好靚。,香港啲风景真係好靚。,Hoeng1 Gong2 di1 fung1 ging2 zan1 hai6 hou2 leng3.,Hōeng Góng dī fūng gíng jān haih hóu leng.,The scenery in Hong Kong is beautiful.,,
你想唔想一齊去旅行？,你想唔想一齐去旅行？,nei5 soeng2 m4 soeng2 jat1 cai4 heoi3 leoi5 hang4?,néih séung m̀h séung yāt chàih heui léuih hàhng?,Do you want to travel together?,,
飲,喝,jam2,yám,Drink,,
行,走,haang4,hàahng,Walk,,
買,买,maai5,máaih,Buy,,
聽,听,teng1,tēng,Listen,,
講,讲,gong2,góng,Speak / Talk,,
笑,笑,siu3,siu,Laugh / Smile,,
跳舞,跳舞,tiu3 mou5,tiu móuh,Dance,,
国家,国家,gwok3 gaa1,gwok gā,Country,,
中意,中意,zung1 ji3,jūng yi,like,,
点解,点解,dim2 gaai2,dím gáai,why,,
唔同,不同,m4 tung4,m̀h tùhng,Different,,
锺意,钟意,zung1 yi3,jūng yi,Like/Enjoy,,
旅游,旅游,leoi5 jau4,léuih yàuh,Travel,,
文化,文化,man4 faa3,màhn fa,Culture,,
美食,美食,mei5 sik6,méih sihk,Delicious food,,
春卷,春卷,ceon1 gyun2,chēun gyún,Spring roll,,
煮饭,煮饭,zyu2 faan6,jyú faahn,Cook rice / Cook,,
脚趾,脚趾,goek3 zi2,geuk jí,Toes,,
厕所,厕所,ci3 so2,chi só,Toilet,,
咖啡店,咖啡店,gaa3 fe1 dim3,ga fē dim,Cafe,,
医生,医生,ji1 sang1,yī sāng,Doctor,,
书店,书店,syu1 dim3,syū dim,Bookstore,,
搭飞机,搭飞机,daap3 fei1 gei1,daap fēi gēi,Take a plane,,
地铁,地铁,dei6 tit3,deih tit,Metro/Subway,,
买嘢,买嘢,maai5 ye5,máaih yéh,Shop / Buy things,,
因为,因为,jan1 wai6,yān waih,because,,
便利,便利,bin6 lei6,bihn leih,Convenient,,
有名,有名,jau5 meng4,yáuh mèhng,Famous,,
地标,地标,dei6 biu1,deih bīu,Landmark,,
景点,景点,ging2 dim2,gíng dím,Attraction,,
特别,特别,dak6 bit6,dahk biht,Special / Unique,,
风景,风景,fung1 ging2,fūng géng,Scenery,,
历史,历史,lik6 si2,lihk sí,History,,
喜欢,喜欢,zung1 ji3,jūng yi,Like (Mandarin synonym),,
睇书,看书,tai2 syu1,tái syū,Read books,,
听音乐,听音乐,teng1 jam1 ngok6,tēng yām ngohk,Listen to music,,
跑步,跑步,paau2 bou6,páau bouh,Running,,
行山,行山,haang4 saan1,hàahng sāan,Hiking,,
锻炼,锻炼,dyun3 lin6,dyun lihn,Exercise,,
海滩,海滩,hoi2 taan1,hói tāan,Beach,,
天气,天气,tin1 hei3,tīn hei,Weather,,
冷,冷,laang5,láahng,Cold,,
热,热,jit6,yiht,Hot,,
开心,开心,hoi1 sam1,hōi sām,Happy,,
唔该,不该,m4 goi1,m̀h gōi,Please / Thank you,,
多谢,多谢,do1 ze6,dō jeh,thank you,,
对唔住,对不起,deoi3 m4 zyu6,deui m̀h jyuh,Sorry,,
冇问题,没问题,mou5 man6 tai4,móuh màhn tàih,No problem,,
唔舒服,不舒服,m4 syu1 fuk6,m̀h syū fuhk,Uncomfortable / Sick,,
頭,头,tau4,tàuh,Head,,
眼,眼,ngaan5,ngáahn,Eye,,
鼻,鼻,bei6,beih,Nose,,
口,口,hau2,háu,Mouth,,
耳,耳,ji5,yíh,Ear,,
手,手,sau2,sáu,Hand,,
肚,肚,tou5,tóuh,Stomach (belly),,
背脊,背脊,bui3 zek3,bui jek,Back,,
心,心,sam1,sām,Heart,,
你邊度唔舒服？,你哪里不舒服？,nei5 bin1 dou6 m4 syu1 fuk6,néih bīn douh m̀h syū fuhk,Where do you feel unwell?,,
你發燒喇。,你发烧了。,nei5 faat3 siu1 laa3,néih faat sīu la,You have a fever.,,
你感冒喇。,你感冒了。,nei5 gam2 mou6 laa3,néih gám mouh la,You have a cold.,,
要唞吓。,要休息一下。,jiu3 tau2 haa5,yiu táu háh,You need to rest.,,
飲多啲水。,多喝水。,jam2 do1 di1 seoi2,yám dō dī séui,Drink more water.,,
食藥喇。,吃药了。,sik6 joek6 laa3,sihk yeuhk la,Take some medicine.,,
你喺邊度來噶,你喺边度来噶,nei5 hai2 bin1 dou6 loi4 got3,néih hái bīn douh lòih got,Where are you from?,,
你鍾意去邊度?,你钟意去边度?,nei5 zung1 ji3 heoi3 bin1 dou6 ?,néih jūng yi heui bīn douh ?,Where do you like to go?,,
公園,公园,gung1 jyun4,gūng yùnh,park,,
我鍾意去公園。,我钟意去公园。,ngo5 zung1 ji3 heoi3 gung1 jyun2,ngóh jūng yi heui gūng yún,I like to go to parks,,
我鍾意去中央公園。,我钟意去中央公园。,ngo5 zung1 ji3 heoi3 zung1 jeong1 gung1 jyun2,ngóh jūng yi heui jūng yēong gūng yún,I like to go to Central Park,,
中央公園喺邊度?,中央公园喺边度?,zung1 joeng1 gung1 jyun2 hai2 bin1 dou6?,jūng yēung gūng yún hái bīn douh?,Where is Central Park?,,
我喺咖啡廳。,我喺咖啡厅。,ngo5 hai2 gaa3 fe1 teng1,ngóh hái ga fē tēng,I am at a coffee shop,,
廣東嘅茶正唔正?,广东嘅茶正唔正?,gwong2 dung1 ge3 caa4 zeng3 ng4 zeng3,gwóng dūng ge chàh jeng ngh jeng,Is Guangdong's tea good?,,
紐約嘅咖啡正唔正?,纽约嘅咖啡正唔正?,lau2 jeok3 ge3 gaa3 fe1 zeng3 ng4 zeng3?,láu yeok ge ga fē jeng ǹgh jeng?,Is New York's coffee good?,,
容易,容易,jung4 ji6,yùngh yih,easy,,
學中⽂好難,学中⽂好难,hok6 zung1 man2 hou2 naan4,hohk zūng mán hóu naàhn,Learning Chinese is very difficult,,
學英文容易過學中文,学英文容易过学中文,hok6 jing1 man2 jung4 ji6 gwo3 hok6 zung1 man2,hohk yīng mán yùhng yih gwo hohk zūng mán,Learning English is easier than learning Chinese,,
煮雞⾁拉麵容易過煮火雞拉麵。,煮鸡⾁拉面容易过煮火鸡拉面。,zyu2 gai1 juk6 laai1 min6 jung4 ji6 gwo3 zyu2 fo2 gai1 laai min6,zyú gāi yuhk lāai mihn yùhng yih gwo zyú fó gāi lāi mihn,Cooking chicken ramen is easier than cooking turkey ramen,,
丹尼爾鍾意食麪多過食粥,丹尼尔钟意食面多过食粥,daan1 nei4 ji5 zung1 ji3 sik6 min6 do1 gwo3 sik6 zuk1,dāan-nèih-yíh zūng-yi sihk mihn dō gwo sihk zūk,Daniel likes to eat noodles more than congee,,
阿偉鍾意食麪多啲,阿伟钟意食面多啲,Aa3 Wai5 zung1 ji3 sik6 min6 do1 di1,Aa Wáih zūng yi sihk mihn dō dī,Aa Wai likes to eat noodles more,,
阿強鍾意你多過佢,阿强钟意你多过佢,Aa3 Koeng4 zung1 ji3 nei5 do1 gwo3 keoi5.,Aa Kòehng jūng yi néih dō gwo kéuih.,Aa Koeng likes you more than him,,
阿芳鍾意你多啲,阿芳钟意你多啲,Aa3 Fong1 zung1 ji3 nei5 do1 di1,Aa Fōng jūng yi néih dō dī,Aa Fong likes you more,,
你有冇咩推介?,你有冇咩推介?,nei5 jau5 mou5 me1 teoi1 gaai3,néih yáuh móuh mē tēui gaai,What do you recommend?,,
唔該，我想要杯水。,唔该，我想要杯水。,m4 goi1 ， ngo5 soeng2 jiu3 bui1 seoi2 。,mh gōi ngóh séung yiu būi séui,"Water, please",,
唔該，埋單。,唔该，埋单。,m4 goi1 ， maai4 daan1 。,mh gōi màaih dāan,"The bill, please.",,
我訂咗房。,我订咗房。,ngo5 ding6 zo2 fong4 。,ngóh dingh jó fòngh,I have a reservation,,
我間房好污糟。,我间房好污糟。,ngo5 haan4 fong4 hou2 wu1 zou1 。,ngóh hàanh fòngh hóu wū jōu,My room is dirty,,
唔該，我想要多幾條毛巾。,唔该，我想要多几条毛巾。,m4 goi1 ， ngo5 soeng2 jiu3 do1 gei2 tiu4 mou4 gan1 。,mh gōi ngóh séung yiu dō géi tìuh mòuh gān,"Some more towels, please.",,
呢個幾錢?,呢个几钱?,ne1 go3 gei2 cin2 ?,nē go géi chín ?,How much is this?,,
唔該，要呢個。,唔该，要呢个。,m4 goi1 ， jiu3 ne1 go3 。,mh gōi yiu nē go,"This, please.",,
可唔可以試嚇?,可唔可以试吓?,ho2 m4 ho2 ji5 si3 haak3 ?,hó mh hó yíh si haak ?,Can I try this on?,,
可唔可以用信用卡?,可唔可以用信用卡?,ho2 m4 ho2 ji5 jung6 seon3 jung6 kaat1 ?,hó mh hó yíh yungh seun yungh kāat ?,Can I use a credit card?,,
唔該，要紅色。,唔该，要红色。,m4 goi1 ， jiu3 hung4 sik1 。,mh gōi yiu hùngh sīk,"The red one, please",,
教堂,教堂,gaau3 tong2,gaau tóng,church,,
醫院,医院,ji1 jyun2,yī yún,hospital,,
大會堂,大会堂,daai6 wui2 tong4,daaih wúi tòngh,city hall,,
警察局,警察局,ging2 caat3 guk2,gíng caat gúk,police station,,
學校,学校,hok6 haau6,hohk haauh,School,,
圖書館,图书馆,tou4 syu1 gun2,tòuh syū gún,Library,,
戲院,戏院,hei3 jyun2,hei yún,movie theater,,
轉左,转左,zyun3 zo2,jyun jó,turn left,,
轉右,转右,zyun3 jau6,jyun yauh,turn right,,
直行,直行,zik6 haang4,jihk hàahng,go straight,,
喺轉角位,喺转角位,hai2 zyun3 gok3 wai6,hái jyun gok waih,at the corner of...,,
旁邊,旁边,pong4 bin1,pòhng bīn,next to,,
對面,对面,deoi3 min6,deui mihn,opposite,across from,
中間,中间,zung1 gaan1,jūng gāan,between,,
附近有冇廁所呀？,附近有冇厕所呀？,fuk6 gan6 jau5 mou5 ci3 so2 aa3?,fuhk gahn yáuh móuh chi só a?,Is there a bathroom nearby,,
附近有冇酒店呀？,附近有冇酒店呀？,fuk6 gan6 jau5 mou5 zau2 dim3 aa3?,fuhk gahn yáuh móuh jáu dim a?,Is there a hotel nearby?,,
附近有冇廁所呀？,附近有冇厕所呀？,fuk6 gan6 jau5 mou5 ci3 so2 aa3?,fuhk gahn yáuh móuh chi só a?,Is there a bathroom nearby?,,
附近有冇博物館呀？,附近有冇博物馆呀？,fuk6 gan6 jau5 mou5 bok3 mat6 gun2 aa3?,fuhk gahn yáuh móuh bok maht gún a?,Is there a museum nearby?,,
附近有冇火車站呀？,附近有冇火车站呀？,fuk6 gan6 jau5 mou5 fo2 ce1 zaam6 aa3?,fuhk gahn yáuh móuh fó chē jaahm a?,Is there a train station nearby?,,
圖書館離呢度遠唔遠呀？,图书馆离呢度远唔远呀？,tou4 syu1 gun2 lei4 ni1 dou6 jyun5 m4 jyun5 aa3?,tòuh syū gún lèih nī douh yúhn m̀h yúhn a?,Is the library far from here?,,
警察局離呢度遠唔遠呀？,警察局离呢度远唔远呀？,ging2 caat3 guk6 lei4 ni1 dou6 jyun5 m4 jyun5 aa3?,gíng chaat guhk lèih nī douh yúhn m̀h yúhn a?,Is the police station far from here?,,
火車站離呢度遠唔遠呀？,火车站离呢度远唔远呀？,fo2 ce1 zaam6 lei4 ni1 dou6 jyun5 m4 jyun5 aa3?,fó chē jaahm lèih nī douh yúhn m̀h yúhn a?,Is the train station far from here?,,
旅遊資訊中心離呢度遠唔遠呀？,旅游资讯中心离呢度远唔远呀？,leoi5 jau4 zi1 seon3 zung1 sam1 lei4 ni1 dou6 jyun5 m4 jyun5 aa3?,léuih yàuh jī seun jūng sām lèih nī douh yúhn m̀h yúhn a?,Is the tourist info center far from here?,,
你叫咩名?,你叫咩名?,nei5 giu3 me1 meng2?,néih giu mē méng?,What's your name?,,
你鍾唔鍾意廣東菜?,你钟唔钟意广东菜?,nei5 zung1 m4 zung1 ji3 gwong2 dung1 coi3 ?,néih jūng m̀h jūng yi gwóng dūng choi ?,Do you like Cantonese food?,,
你得闲嘅时候锺意做乜嘢爱好啊？,你得闲嘅时候锺意做乜嘢爱好啊？,nei5 dak1 haan4 ge3 si4 hau6 zung1 ji3 zou6 mat1 je5 oi3 hou3 aa3?,néih dāk hàahn ge sìh hauh jūng yi jouh māt yéh oi hou a?,What hobbies do you like to do when you're free?,,
"我得闲嘅时候, 锺意睇书同埋听音乐。","我得闲嘅时候, 锺意睇书同埋听音乐。","ngo5 dak1 haan4 ge3 si4 hau6, zung1 ji3 tai2 syu1 tung4 maai4 teng1 jam1 ngok6.","ngóh dāk hàahn ge sìh hauh, jūng yi tái syū tùhng màaih tēng yām ngohk.","When I’m free, I like reading and listening to music.",,
你对你嘅爱好有兴趣几耐啦？,你对你嘅爱好有兴趣几耐啦？,nei5 deoi3 nei5 ge3 oi3 hou3 jau5 hing3 ceoi3 gei2 noi6 laa1?,néih deui néih ge oi hou yáuh hing cheui géi noih lā?,How long have you been interested in your hobby?,,
我对画画有兴趣五年。,我对画画有兴趣五年。,ngo5 deoi3 waa6 waa2 jau5 hing3 ceoi3 ng5 nin4.,ngóh deui wah wá yáuh hing cheui ńgh nìhn.,I’ve been interested in drawing for five years.,,
我对音乐感兴趣。,我对音乐感兴趣。,ngo5 deoi3 jam1 ngok6 gam2 hing3 ceoi3.,ngóh deui yām ngohk gám hing cheui.,I’m interested in music.,,
我从细个开始喜欢音乐。,我从细个开始喜欢音乐。,ngo5 cung4 sai3 go3 hoi1 ci2 hei2 fun1 jam1 ngok6.,ngóh chùhng sai go hōi chí héi fūn yām ngohk.,I’ve liked music since I was little.,,
你锺意室内定係户外活动？,你锺意室内定系户外活动？,nei5 zung1 ji3 sat1 noi6 ding6 hai6 wu6 ngoi6 wut6 dung6?,néih jūng yi sāt noih dihng haih wuh ngoih wuht duhng?,Do you prefer indoor or outdoor activities?,,
我锺意户外活动，比如话行山或者跑步。,我锺意户外活动，比如话行山或者跑步。,"ngo5 zung1 ji3 wu6 ngoi6 wut6 dung6, bei2 jyu4 waa6 haang4 saan1 waak6 ze2 paau2 bou6.","ngóh jūng yi wuh ngoih wuht duhng, béi yùh wah hàahng sāan waahk jé páau bouh.","I like outdoor activities, like hiking or jogging.",,
我想试吓学打网球。,我想试吓学打网球。,ngo5 soeng2 si3 haa5 hok6 daa2 mong5 kau4.,ngóh séung si háh hohk dá móhng kàuh.,I want to try learning tennis.,,
有冇啲以前锺意嘅爱好而家唔再锺意？,有冇啲以前锺意嘅爱好而家唔再锺意？,jau5 mou5 di1 ji5 cin4 zung1 ji3 ge3 oi3 hou3 ji4 gaa1 m4 zoi3 zung1 ji3?,yáuh móuh dī yíh chìhn jūng yi ge oi hou yìh gā m̀h joi jūng yi?,Are there any hobbies you used to like but don’t anymore?,,
得闲嘅时候，我会同朋友去睇电影。,得闲嘅时候，我会同朋友去睇电影。,"dak1 haan4 ge3 si4 hau6, ngo5 wui5 tung4 pang4 jau5 heoi3 tai2 din6 jing2.","dāk hàahn ge sìh hauh, ngóh wúih tùhng pàhng yáuh heui tái dihn yíng.","When I’m free, I go watch movies with friends.",,
你中唔中意你嘅城市啊？点解？,你中唔中意你嘅城市啊？点解？,nei5 zung1 m4 zung1 ji3 nei5 ge3 sing4 si5 aa3? dim2 gaai2?,néih jūng m̀h jūng yi néih ge sìhng síh a? dím gáai?,Do you like your city? Why?,,
我锺意我嘅城市，因为呢度好方便。,我锺意我嘅城市，因为呢度好方便。,"ngo5 zung1 ji3 ngo5 ge3 sing4 si5, jan6 wai6 ni1 dou6 hou2 fong1 bin6.","ngóh jūng yi ngóh ge sìhng síh, yahn waih nī douh hóu fōng bihn.",I like my city because it’s convenient.,,
我锺意呢度，因为呢度啲人好好。,我锺意呢度，因为呢度啲人好好。,"ngo5 zung1 ji3 ni1 dou6, jan6 wai6 ni1 dou6 di1 jan4 hou2 hou2.","ngóh jūng yi nī douh, yahn waih nī douh dī yàhn hóu hóu.",I like it here because the people are nice.,,
因为交通方便，所以我锺意呢个城市。,因为交通方便，所以我锺意呢个城市。,"jan6 wai6 gaau1 tung1 fong1 bin6, so2 ji5 ngo5 zung1 ji3 ni1 go3 sing4 si5.","yahn waih gāau tūng fōng bihn, só yíh ngóh jūng yi nī go sìhng síh.","Because the transportation is convenient, I like this city.",,
你嘅城市有乜嘢有名嘅地标或者景点？,你嘅城市有乜嘢有名嘅地标或者景点？,nei5 ge3 sing4 si5 jau5 mat1 je5 jau5 meng4 ge3 dei6 biu1 waak6 ze2 ging2 dim2?,néih ge sìhng síh yáuh māt yéh yáuh mèhng ge deih bīu waahk jé gíng dím?,What famous landmarks or attractions are in your city?,,
比起其他城市，你觉得你嘅城市有乜嘢特别嘅地方？,比起其他城市，你觉得你嘅城市有乜嘢特别嘅地方？,"bei2 hei2 kei4 taa1 sing4 si5, nei5 gok3 dak1 nei5 ge3 sing4 si5 jau5 mat1 je5 dak6 bit6 ge3 dei6 fong1?","béi héi kèih tā sìhng síh, néih gok dāk néih ge sìhng síh yáuh māt yéh dahk biht ge deih fōng?","Compared to other cities, what do you think is special about yours?",,
我觉得呢度嘅文化同埋历史好特别。,我觉得呢度嘅文化同埋历史好特别。,ngo5 gok3 dak1 ni1 dou6 ge3 man4 faa3 tung4 maai4 lik6 si2 hou2 dak6 bit6.,ngóh gok dāk nī douh ge màhn fa tùhng màaih lihk sí hóu dahk biht.,I think the culture and history here are special.,,
你喺你嘅城市锺意做乜嘢？,你喺你嘅城市锺意做乜嘢？,nei5 hai2 nei5 ge3 sing4 si5 zung1 ji3 zou6 mat1 je5?,néih hái néih ge sìhng síh jūng yi jouh māt yéh?,What do you like doing in your city?,,
我锺意去街市买嘢同埋同朋友饮茶。,我锺意去街市买嘢同埋同朋友饮茶。,ngo5 zung1 ji3 heoi3 gaai1 si5 maai5 je5 tung4 maai4 tung4 pang4 jau5 jam2 caa4.,ngóh jūng yi heui gāai síh máaih yéh tùhng màaih tùhng pàhng yáuh yám chàh.,I like going to the market and having dim sum with friends.,,
除咗旅游，我仲锺意买嘢。,除咗旅游，我仲锺意买嘢。,"ceoi4 zo2 leoi5 jau4, ngo5 zung6 zung1 ji3 maai5 je5.","chèuih jó léuih yàuh, ngóh juhng jūng yi máaih yéh.","Besides traveling, I also like shopping.",,
你唔锺意你嘅城市嘅乜嘢？点解？,你唔锺意你嘅城市嘅乜嘢？点解？,nei5 m4 zung1 ji3 nei5 ge3 sing4 si5 ge3 mat1 je5? dim2 gaai2?,néih m̀h jūng yi néih ge sìhng síh ge māt yéh? dím gáai?,What don’t you like about your city? Why?,,
因为我住喺呢度太耐，所以好无聊。,因为我住喺呢度太耐，所以好无聊。,"jan6 wai6 ngo5 zyu6 hai2 ni1 dou6 taai3 noi6, so2 ji5 hou2 mou4 liu4.","yahn waih ngóh jyuh hái nī douh taai noih, só yíh hóu mòuh lìuh.","Because I’ve lived here too long, it’s boring.",,
我唔锺意城市嘅空气污染，因为对健康唔好。,我唔锺意城市嘅空气污染，因为对健康唔好。,"ngo5 m4 zung1 ji3 sing4 si5 ge3 hung1 hei3 wu1 jin5, jan6 wai6 deoi3 gin6 hong1 m4 hou2.","ngóh m̀h jūng yi sìhng síh ge hūng hei wū yíhn, yahn waih deui gihn hōng m̀h hóu.",I don’t like the air pollution in the city because it’s bad for health.,,
虽然呢度人多，但系环境好。,虽然呢度人多，但系环境好。,"seoi1 jin4 ni1 dou6 jan4 do1, daan6 hai6 waan4 ging2 hou2.","sēui yìhn nī douh yàhn dō, daahn haih wàahn gíng hóu.","Although there are many people here, the environment is good.",,
Cantonese (Traditional),Cantonese (Simplified),Jyutping,Yale,English,,
你最近點呀，Derik？,你最近点呀，Derik？,nei5 zeoi3 gan6 dim2 aa3?,néih jeui gahn dím a?,"How have you been doing recently, Derik?",,
我最近…都係咁啦。做緊影相囉。,我最近…都係咁啦。做紧影相囉。,ngo5 zeoi3 gan6…dou1 hai6 gam2 laa1. zou6 gan2 jing2 soeng2 lo1.,ngóh jeui gahn…dōu haih gám lā. jouh gán yíng séung lō.,"So far, I'm just working on photography.",,
你做緊影相呀？,你做紧影相呀？,nei5 zou6 gan2 jing2 soeng2 aa4?,néih jouh gán yíng séung àh?,You're doing photography?,,
影啲乜嘢㗎多數？,影啲什么㗎多數？,jing2 di1 mat1 je5 gaa3 do1 sou3?,yíng dī māt yéh ga dō sou?,What do you usually shoot?,,
影雜誌封面嘅，主要嘅工作係。,影杂志封面嘅，主要嘅工作係。,"jing2 zaap6 zi3 fung1 min2 ge3, zyu2 jiu3 ge3 gung1 zok3 hai6.","yíng jaahp ji fūng mín ge, jyú yiu ge gūng jok haih.",I shoot magazine covers mainly.,,
你最近做咩呀？,你最近做咩呀？,nei5 zeoi3 gan6 zou6 me1 aa3?,néih jeui gahn jouh mē a?,What are you up to recently?,,
最近呢排都係去咗行山囉。,最近这排都係去咗爬山囉。,zeoi3 gan6 ni1 paai4 dou1 hai6 heoi3 zo2 haang4 saan1 lo1.,jeui gahn nī pàaih dōu haih heui jó hàahng sāan lō.,I've just been hiking lately.,,
因為發覺做咗嘢太耐。,因为发觉做了东西太耐。,jan1 wai6 faat3 gok3 zou6 zo2 je5 taai3 noi6.,yān waih faat gok jouh jó yéh taai noih.,Because I realized I've been working for too long.,,
不如試吓行山、吸吓啲新鮮空氣。,不如試吓爬山、吸吓啲新鲜空气。,"bat1 jyu4 si3 haa5 haang4 saan1, kap1 haa5 di1 san1 sin1 hung1 hei3.","bāt yùh si háh hàahng sāan, kāp háh dī sān sīn hūng hei.",I thought I’d try hiking and get some fresh air.,,
我每個星期日都會行山。,我每个星期天都會爬山。,ngo5 mui5 go3 sing1 kei4 jat6 dou1 wui5 haang4 saan1.,ngóh múih go sīng kèih yaht dōu wúih hàahng sāan.,I go hiking every Sunday.,,
你有冇掛住英國呢？,你有冇掛住英國呢？,nei5 jau5 mou5 gwaa3 zyu6 Jing1 Gwok3 ne1?,néih yáuh móuh gwa jyuh Jīng Gwok nē?,Do you miss the UK?,,
我覺得聖誕節會掛住英國囉。,我覺得圣诞节會掛住英國囉。,ngo5 gok3 dak1 Sing3 Daan3 Zit3 wui5 gwaa3 zyu6 Jing1 Gwok3 lo1.,ngóh gok dāk Sing Daan Zit wúih gwa jyuh Jīng Gwok lō.,I think I miss the UK most during Christmas.,,
你會唔會想返去英國做嘢呢？,你會唔會想回去英國做东西呢？,nei5 wui5 m4 wui5 soeng2 faan1 heoi3 Jing1 Gwok3 zou6 je5 ne1?,néih wúih m̀h wúih séung fāan heui Jīng Gwok jouh yéh nē?,Would you want to go back to the UK to work?,,
我唔一定要喺香港做嘢囉。,我唔一定要喺香港做东西囉。,ngo5 m4 jat1 ding6 jiu3 hai2 Hoeng1 Gong2 zou6 je5 lo1.,ngóh m̀h yāt dihng yiu hái Hōeng Góng jouh yéh lō.,I don't necessarily have to work in Hong Kong.,,
我覺得都可以重新嚟過。,我覺得都可以重新来过。,ngo5 gok3 dak1 dou1 ho2 ji5 cung4 san1 lei4 gwo3.,ngóh gok dāk dōu hó yíh chùhng sān lèih gwo.,I think I can start over.,,
飲水,饮水,jam2 seoi2,yám séui,To drink water,,
愛,爱,oi3,oi,To love,,
時間,时间,si4 gaan3,sìh gaan,Time,,
突然,突然,dak6 jin4,daht yìhn,Suddenly,,
尤其,尤其,jau4 kei4,yàuh kèih,Especially,,
決定,决定,kyut3 ding6,kyut dihng,To decide,,
拒絕,拒绝,keoi4 zyut6,keuih jyuht,To refuse,,
建議,建议,gin3 ji5,gin yih,Suggestion,,
後悔,后悔,hau6 fui3,hauh fui,regret,remorse,
誤會,误会,ng6 wui6,ng wuih,Misunderstanding,,
比較,比较,bei2 gaau3,béi gaau,To compare,,
寧願,宁愿,ning4 jyun6,nìhng yuhn,Would rather,,
似乎,似乎,ci5 fu4,chíh fùh,It seems,,
估計,估计,gu2 gai3,gú gaai,To estimate,,
絕對,绝对,zyut6 deoi3,jyuht deui,Absolutely,,
相對,相对,soeng1 deoi3,sēung deui,Relatively,,
複雜,复杂,fuk1 zaap6,fūk jaahp,Complicated,,
簡單,简单,gaan2 daan1,gáan dāan,Simple,,
尷尬,尴尬,gaam3 gaai3,gáam gaai,awkward,embarrassed,
後果,后果,hau6 gwo2,hauh gwó,Consequence,,
責任,责任,zaak3 jam6,jaak yahm,Responsibility,,
明白,明白,ming4 baak6,mìhng baahk,To understand,,
誤解,误解,ng6 gaai2,ng gáai,Misunderstanding,,
同意,同意,tung4 ji3,tùhng yi,To agree,,
反對,反对,faan2 deoi3,fáan deui,To oppose,,
批評,批评,pai1 ping4,pāi pìhng,To criticize,,
稱讚,称赞,cing1 zaan3,chīng jaan,To praise,,
家庭,家庭,gaa1 ting4,gā tìhng,Family,,
食物,食物,sik6 mat6,sihk maht,Food,,
飲品,饮品,jam2 ban2,yám bán,Drink,,
問題,问题,man6 tai4,mahn tàih,Problem,,
答案,答案,daap3 on3,daap on,Answer,,
金錢,金钱,gam1 cin4,gām chìhn,Money,,
愛情,爱情,oi3 cing4,oi chìhng,Love,,
悲傷,悲伤,bei1 soeng1,bēi sēung,Sadness,,
安全,安全,on1 cyun4,ōn chyùhn,safe,,
自由,自由,zi6 jau4,jih yàuh,Freedom,,
規則,规则,kwai1 zak1,kwāi jāk,Rule,,
藝術,艺术,ngai6 seot6,ngaih seuht,Art,,
電影,电影,din6 jing2,dihn yíng,Movie,,
動物,动物,dung6 mat6,duhng maht,Animal,,
植物,植物,zik6 mat6,jihk maht,Plant,,
鄉村,乡村,hoeng1 cyun1,hēung chyūn,Village,,
世界,世界,sai3 gaai3,sai gaai,World,,
自然,自然,zi6 jin4,jih yìhn,Nature,,
空氣,空气,hung1 hei3,hūng hei,Air,,
火,火,fo2,fó,Fire,,
風,风,fung1,fūng,Wind,,
雨,雨,jyu5,yúh,Rain,,
菜單,菜单,coi3 daan1,choi dāan,Menu,,
點心,点心,dim2 sam1,dím sām,Dim sum,,
燒,烧,siu1,sīu,To roast,,
麵,面,min6,mihn,noodles,,
叉燒,叉烧,caa1 siu1,chā sīu,Char siu,,
鹽,盐,jim4,yìhm,Salt,,
醋,醋,cou3,chou,Vinegar,,
辣椒,辣椒,laat6 ziu1,laht jīu,Chili pepper,,
蒜,蒜,syun3,syun,Garlic,,
飯碗,饭碗,faan6 wun2,faahn wún,Rice bowl,,
匙羹,匙羹,ci4 gang1,chìh gāng,Spoon,,
碟,碟,dip6,dihp,Plate,,
自助餐,自助餐,zi6 zo6 caan1,jih joh chāan,Buffet,,
甜品,甜品,tim4 ban2,tìhm bán,Dessert,,
糖水,糖水,tong4 seoi2,tòhng séui,Sweet soup,,
買單,买单,maai5 daan1,máai dāan,pay the bill,,
小費,小费,siu2 fai3,síu fai,Tip,,
味道,味道,mei6 dou6,meih douh,Taste,,
香,香,hoeng1,hēung,fragrant,,
臭,臭,cau3,chau,Smelly,,
鮮,鲜,sin1,sīn,fresh,,
燶,燶,nung1,nūng,Burnt,,
生,生,saang1,sāang,Raw,,
熟,熟,suk6,suhk,Cooked,,
運動,运动,wan6 dung6,wahn duhng,Exercise,,
健身,健身,gin6 san1,gihn sān,Fitness,,
單車,单车,daan1 ce1,dāan chē,Bicycle,,
游水,游水,jau4 seoi2,yàuh séui,Swimming,,
露營,露营,lou6 jing4,louh yìhng,camping,,
爬山,爬山,paa4 saan1,pàh sāan,Mountain climbing,,
伸展,伸展,san1 zin2,sān jín,Stretching,,
舉重,举重,geoi2 cung5,géui chúhng,Weightlifting,,
拉筋,拉筋,laai1 gan1,lāai gān,Stretching,,
熱身,热身,jit6 san1,yiht sān,Warm-up,,
冷卻,冷却,laang5 koek3,láahng keuk,Cool-down,,
呼吸,呼吸,fu1 kap1,fū hāp,Breathing,,
心跳,心跳,sam1 tiu3,sām tiu,Heartbeat,,
肌肉,肌肉,gei1 juk6,gēi yuhk,Muscle,,
脂肪,脂肪,zi1 fong1,jī fōng,Fat,,
減肥,减肥,gaam2 fei4,gáam fèih,Weight loss,,
增肌,增肌,zang1 gei1,jāng gēi,Muscle gain,,
營養,营养,jing4 joeng5,yìhng yéuhng,Nutrition,,
蛋白質,蛋白质,daan6 baak6 zat1,daahn baahk jāt,Protein,,
碳水化合物,碳水化合物,taan3 seoi2 faa3 hap6 mat6,taan séui fa hahp maht,Carbohydrates,,
維生素,维生素,wai4 sang1 sou3,wàih sāng sou,Vitamin,,
礦物質,矿物质,kwong3 zat1 sat1,kwong jāt sāt,Minerals,,
能量,能量,nang4 loeng6,nàhng leuhng,Energy,,
卡路里,卡路里,kaa1 lou6 lei5,kā louh léih,Calories,,
新陳代謝,新陈代谢,san1 can4 doi6 ze6,sān chàhn doih jeh,Metabolism,,
出汗,出汗,ceot1 hon5,chēut hóhn,Sweating,,
心跳率,心跳率,sam1 tiu3 leot2,sām tiu leut,Heart rate,,
血壓,血压,hyut3 aat3,hyut aat,Blood pressure,,
氧氣,氧气,joeng5 hei3,yéuhng hei,Oxygen,,
二氧化碳,二氧化碳,ji6 yang3 faa3 taan3,yih yeung fa taan,Carbon dioxide,,
深呼吸,深呼吸,sam1 fu1 kap1,sām fū hāp,Deep breath,,
伸展運動,伸展运动,san1 zin2 wan6 dung6,sān jín wahn duhng,Stretching,,
熱身運動,热身运动,jit6 san1 wan6 dung6,yiht sān wahn duhng,Warm-up exercise,,
緩步跑,缓步跑,wun4 bou6 paau2,wùhn bouh páau,Jogging,,
衝刺,冲刺,cung1 ci1,chūng chī,Sprint,,
馬拉松,马拉松,maa5 laai1 cung1,máh lāai chūng,Marathon,,
單車徑,单车径,daan1 ce1 ging3,dāan chē ging,Bike path,,
泳池,泳池,wing6 ci4,wihng chìh,Swimming pool,,
更衣室,更衣室,gang1 ji1 sat1,gāng yī sāt,Changing room,,
泳鏡,泳镜,wing6 geng3,wihng geng,Swimming goggles,,
泳帽,泳帽,wing6 mou6,wihng mouh,Swim cap,,
浮板,浮板,fau4 baan2,fàuh báan,Kickboard,,
自由式,自由式,zi6 jau4 sik1,jih yàuh sīk,Freestyle,,
蛙式,蛙式,waa1 sik1,wā sīk,Breaststroke,,
背泳,背泳,bui3 wing6,buí wihng,Backstroke,,
蝶式,蝶式,dip6 sik1,dihp sīk,Butterfly,,
滑雪,滑雪,waat6 syut3,waaht syut,Skiing,,
滑板,滑板,waat6 baan2,waaht báan,Skateboard,,
攀岩,攀岩,paan1 ngaam4,pāan ngàahm,Rock climbing,,
露營帳篷,露营帐篷,lou6 jing4 zoeng6 dung4,louh yìhng jeuhng duhng,Camping tent,,
睡袋,睡袋,seoi6 doi6,seuih doih,sleeping bag,,
營火,营火,jing4 fo2,yìhng fó,Campfire,,
指南針,指南针,zi2 naam4 zam1,jí nàahm jām,Compass,,
地圖,地图,dei6 tou4,deih tòuh,Map,,
水壺,水壶,seoi2 wu4,séui wùh,Water bottle,,
能量棒,能量棒,nang4 loeng6 paang5,nàhng leuhng páahng,Energy bar,,
防曬霜,防晒霜,fong4 saai3 soeng1,fòhng saai sēung,Sunscreen,,
蚊怕水,蚊怕水,man1 paa3 seoi2,mān pa séui,Insect repellent,,
急救包,急救包,gap1 gau3 baau1,gāp gau bāau,First aid kit,,
行山杖,行山杖,haang4 saan1 zoeng6,hàahng sāan jeuhng,Hiking pole,,
運動鞋,运动鞋,wan6 dung6 haai4,wahn duhng hàaih,Sports shoes,,
泳衣,泳衣,wing6 ji1,wihng yī,Swimsuit,,
運動衫,运动衫,wan6 dung6 saam1,wahn duhng sāam,Athletic shirt,,
運動褲,运动裤,wan6 dung6 fu3,wahn duhng fu,Athletic pants,,
毛巾,毛巾,mou4 gan1,mòuh gān,Towel,,
防滑,防滑,fong4 waat6,fòhng waaht,Non-slip,,
安全帶,安全带,on1 cyun4 daai2,ōn chyùhn dáai,Safety harness,,
頭盔,头盔,tau4 kwai1,tàuh kwāi,Helmet,,
護膝,护膝,wu6 sat1,wuh sāt,Knee pad,,
護腕,护腕,wu6 wun2,wuh wún,Wristband,,
耐力,耐力,noi6 lik6,noih lihk,Endurance,,
速度,速度,cuk1 dou6,chūk douh,Speed,,
力量,力量,lik6 loeng6,lihk leuhng,Strength,,
靈活性,灵活性,ling4 wat6 sing1,lìhng waht sīng,Flexibility,,
平衡,平衡,ping4 hang4,pìhng hàhng,Balance,,
協調,协调,hip3 tiu4,hip tìuh,Coordination,,
爆發力,爆发力,baau3 faat3 lik6,baau faat lihk,Explosive power,,
持久力,持久力,ci4 gau2 lik6,chìh gáu lihk,Stamina,,
恢復,恢复,fui1 fuk6,fūi fuhk,Recovery,,
睡眠,睡眠,seoi6 min4,seuih mìhn,Sleep,,
補充,补充,bou2 cung1,bóu chūng,Replenish,,
水分,水分,seoi2 fan6,séui fahn,Hydration,,
運動飲料,运动饮料,wan6 dung6 jam2 liu6,wahn duhng yám liuh,Sports drink,,
蛋白粉,蛋白粉,daan6 baak6 fan2,daahn baahk fán,Protein powder,,
健身教練,健身教练,gin6 san1 gaau3 lin6,gihn sān gaau lihn,Fitness trainer,,
運動計劃,运动计划,wan6 dung6 gai3 waak6,wahn duhng gai waahk,Workout plan,,
跑步機,跑步机,paau2 bou6 gei1,páau bouh gēi,Treadmill,,
啞鈴,哑铃,aa2 ling4,á lìhng,Dumbbell,,
槓鈴,杠铃,gong3 ling4,gong lìhng,Barbell,,
拉力帶,拉力带,laai1 lik6 daai3,lāai lihk daai,Resistance band,,
瑜伽墊,瑜伽垫,jyu4 gaa1 zin2,yùh gā jín,Yoga mat,,
運動襪,运动袜,wan6 dung6 mat6,wahn duhng maht,Athletic socks,,
心率帶,心率带,sam1 leot2 daai3,sām leut daai,Heart rate monitor,,
計步器,计步器,gai3 bou6 hei3,gai bouh hei,Pedometer,,
智能手錶,智能手表,zi3 nang4 sau2 biu1,ji nàhng sáu bīu,Smartwatch,,
運動應用,运动应用,wan6 dung6 jing3 jung6,wahn duhng ying yuhng,Fitness app,,
健身日記,健身日记,gin6 san1 jat6 gei3,gihn sān yaht gei,Fitness journal,,
運動社群,运动社群,wan6 dung6 se5 kwan4,wahn duhng séh kwàhn,Fitness community,,
比賽,比赛,bei2 coi3,béi choi,Competition,,
獎牌,奖牌,zoeng2 paai4,jéung pàaih,Medal,,
冠軍,冠军,gun3 gwan1,gun gwān,Champion,,
亞軍,亚军,aa3 gwan1,a gwān,Runner-up,,
季軍,季军,gwai3 gwan1,gwai gwān,Third place,,
紀錄,记录,gei3 luk6,gei luhk,Record,,
進步,进步,zeon3 bou6,jeun bouh,Improvement,,
挑戰,挑战,tiu1 zin3,tīu jin,Challenge,,
成功,成功,sing4 gung1,sìhng gūng,Success,,
失敗,失败,sat1 baai6,sāt baaih,Failure,,
堅持,坚持,gin1 ci4,gīn chìh,Persist,,
毅力,毅力,ngai6 lik6,ngaih lihk,Determination,,
動機,动机,dung6 gei1,duhng gēi,Motivation,,
鼓勵,鼓励,gu2 lai6,gú laih,Encourage,,
團隊,团队,tyun4 deoi6,tyùhn deuih,Team,,
隊友,队友,deoi6 jau5,deuih yáuh,Teammate,,
對手,对手,deoi3 sau2,deui sáu,Opponent,,
友誼賽,友谊赛,jau5 ji4 coi3,yáuh yih choi,Friendly match,,
訓練營,训练营,fan3 lin6 jing4,fan lihn yìhng,Training camp,,
教練,教练,gaau3 lin6,gaau lihn,Coach,,
戰術,战术,zin3 seot6,jin seuht,Strategy,,
技巧,技巧,gei6 haau2,geih háau,Technique,,
策略,策略,caak3 loek6,chaak leuhk,Strategy,,
心理素質,心理素质,sam1 lei5 sou3 zat1,sām léih sou jāt,Mental toughness,,
放鬆,放松,fong3 sung1,fong sūng,Relax,,
冥想,冥想,ming4 soeng2,mìhng séung,Meditation,,
專注,专注,zyun1 zyu3,jyūn jyu,Focus,,
決心,决心,kyut3 sam1,kyut sām,Determination,,
自信,自信,zi6 seon3,jih seun,Confidence,,
自律,自律,zi6 leot6,jih leuht,Self-discipline,,
習慣,习惯,zaap6 gwaan3,jaahp gwaan,Habit,,
紀律,纪律,gei2 leot6,géi leuht,Discipline,,
責任感,责任感,zaak3 jam6 gam2,jaak yahm gám,Sense of responsibility,,
領導力,领导力,ling5 dou6 lik6,líhng douh lihk,Leadership,,
合作,合作,hap6 zok3,hahp jok,Cooperation,,
信任,信任,seon3 jam6,seun yahm,Trust,,
尊重,尊重,zyun1 zung6,jyūn juhng,Respect,,
體育精神,体育精神,tai2 juk6 zing1 san4,tái yuhk jīng sàhn,Sportsmanship,,
公平,公平,gung1 ping4,gūng pìhng,Fairness,,
健康生活,健康生活,gin6 hong1 sang1 wut6,gihn hōng sāng wuht,Healthy lifestyle,,
均衡飲食,均衡饮食,wan4 hang1 jam2 sik6,wàhn hāng yám sihk,Balanced diet,,
充足睡眠,充足睡眠,cung1 zuk1 seoi6 min4,chūng jūk seuih mìhn,Adequate sleep,,
積極態度,积极态度,zik1 gik6 taai3 dou6,jīk gik taai douh,Positive attitude,,
毅力訓練,毅力训练,ngai6 lik6 fan3 lin6,ngaih lihk fan lihn,Mental toughness training,,
團隊合作,团队合作,tyun4 deoi6 hap6 zok3,tyùhn deuih hahp jok,Teamwork,,
自我提升,自我提升,zi6 ngo5 tai4 sing1,jih ngóh tàih sīng,Self-improvement,,
健康體魄,健康体魄,gin6 hong1 tai2 paak3,gihn hōng tái paak,Physical fitness,,
心理韌性,心理韧性,sam1 lei5 jan6 sing3,sām léih yahn sing,Mental resilience,,
全面發展,全面发展,cyun4 min6 faat3 zin2,chyùhn mihn faat jín,Holistic development,,
運動科學,运动科学,wan6 dung6 fo1 hok6,wahn duhng fō hohk,Sports science,,
訓練計劃,训练计划,fan3 lin6 gai3 waak6,fan lihn gai waahk,Training plan,,
營養計劃,营养计划,jing4 joeng5 gai3 waak6,yìhng yéuhng gai waahk,Nutrition plan,,
恢復計劃,恢复计划,fui1 fuk6 gai3 waak6,fūi fuhk gai waahk,Recovery plan,,
長期目標,长期目标,coeng4 kei4 muk6 biu1,chèuhng kèih muhk bīu,Long-term goal,,
短期目標,短期目标,dyun2 kei4 muk6 biu1,dyún kèih muhk bīu,Short-term goal,,
進步空間,进步空间,zeon3 bou6 hung1 gaan1,jeun bouh hūng gāan,Room for improvement,,
表現評估,表现评估,biu2 jin6 ping1 gu2,bíu yihn pīng gú,Performance evaluation,,
技術分析,技术分析,gei6 seot6 fan1 sik1,geih seuht fān sīk,Technical analysis,,
策略調整,策略调整,caak3 loek6 diu6 zing2,chaak leuhk diuh jíng,Strategy adjustment,,
心理準備,心理准备,sam1 lei5 zeon2 bei6,sām léih jéun beih,Mental preparation,,
身體準備,身体准备,san1 tai2 zeon2 bei6,sān tái jéun beih,Physical preparation,,
比賽策略,比赛策略,bei2 coi3 caak3 loek6,béi choi chaak leuhk,Game plan,,
戰術執行,战术执行,zin3 seot6 zap1 hang4,jin seuht jāp hàhng,Tactical execution,,
臨場發揮,临场发挥,lam4 coeng4 faat3 fai1,làhm chèuhng faat fāi,On-site performance,,
賽後分析,赛后分析,coi3 hau6 fan1 sik1,choi hauh fān sīk,Post-game analysis,,
經驗總結,经验总结,ging1 jim6 zung2 git3,gīng yihm júng git,Experience summary,,
持續改進,持续改进,ci4 zuk6 goi2 zeon3,chìh juhk gói jeun,Continuous improvement,,
專業知識,专业知识,zyun1 jip6 zi1 sik1,jyūn yihp jī sīk,Expertise,,
技術訓練,技术训练,gei6 seot6 fan3 lin6,geih seuht fan lihn,Technical training,,
體能訓練,体能训练,tai2 nang4 fan3 lin6,tái nàhng fan lihn,Physical conditioning,,
課本,课本,fo3 bun2,fo bún,Textbook,,
筆記,笔记,bat1 gei3,bāt gei,Notes,,
功課,功课,gung1 fo3,gūng fo,Homework,,
學費,学费,hok6 fai3,hohk fai,Tuition,,
教室,教室,gaau3 sat1,gaau sāt,Classroom,,
黑板,黑板,hak1 baan2,hāk báan,Blackboard,,
書包,书包,syu1 baau1,syū bāau,Backpack,,
校長,校长,haau6 zoeng2,haauh jéung,Principal,,
課程,课程,fo3 cing4,fo chìhng,Curriculum,,
學習,学习,hok6 zaap6,hohk jaahp,study,,
練習,练习,lin6 zaap6,lihn jaahp,practice,,
錯誤,错误,co3 ng6,cho ngh,Mistake,,
吉他,吉他,git6 taa1,giht tā,Guitar,,
和弦,和弦,wo4 jin4,wòh yìhn,Chord,,
節奏,节奏,zit3 zau3,jit jau,Rhythm,,
編程,编程,pin1 cing4,pīn chìhng,Coding,,
德語,德语,dak1 jyu5,dāk yúh,German language,,
移民,移民,ji4 man4,yìh màhn,To immigrate,,
簽證,签证,cim1 zing3,chīm jing,Visa,,
護照,护照,wu6 ziu3,wuh jiu,Passport,,
機票,机票,gei1 piu3,gēi piu,Airplane ticket,,
銀行,银行,ngan4 hong4,ngàhn hòhng,Bank,,
語言班,语言班,jyu5 jin4 baan1,yúh yìhn bāan,Language class,,
工作許可證,工作许可证,gung1 zok3 heoi2 zo2,gūng jok héui jó,Work permit,,
稅號,税号,seoi3 hou6,seui houh,Tax ID,,
公共交通,公共交通,gung1 gung6 gaau1 tung1,gūng guhng gāau tūng,Public transport,,
季節,季节,gwai3 zit3,gwai jit,Season,,
文化差異,文化差异,man4 faa3 caa1 ji6,màhn fa chā yih,Cultural difference,,
思鄉,思乡,si1 hoeng1,sī hēung,Homesickness,,
社交,社交,se5 gaau1,séh gāau,Socializing,,
節日,节日,zit3 jat6,jit yaht,Festival,,
聚會,聚会,zeoi6 wui6,jeuih wuih,Gathering,,
燒烤,烧烤,siu1 haau1,sīu hāau,Barbecue,,
相機,相机,soeng1 gei1,sēung gēi,Camera,,
記憶,记忆,gei3 jik1,gei yīk,Memory,,
日記,日记,jat6 gei3,yaht gei,diary,,
夢想,梦想,mung6 soeng2,muhng séung,Dream,,
努力,努力,nou5 lik6,nóuh lihk,Effort,,
父母,父母,fu6 mou5,fuh móuh,Parents,,
兄弟,兄弟,hing1 dai6,hīng daih,brothers,,
孩子,孩子,haai4 zi2,hàaih jí,Children,,
外公,外公,ngoi6 gung1,ngoih gūng,Maternal grandfather,,
外婆,外婆,ngoi6 po4,ngoih pòh,Maternal grandmother,,
阿姨,阿姨,aa3 ji1,a yī,Aunt,,
表兄弟,表兄弟,biu2 hing1 dai6,bíu hīng daih,Cousins (male),,
表姐妹,表姐妹,biu2 ze2 mui6,bíu jé muih,Cousins (female),,
家庭聚會,家庭聚会,gaa1 ting4 zeoi6 wui6,gā tìhng jeuih wuih,Family gathering,,
團圓,团圆,tyun4 jyun4,tyùhn yùhn,Reunion,,
孝順,孝顺,haau3 seon6,haau seuhn,Filial piety,,
平安,平安,ping4 on1,pìhng ōn,Safety,,
祝福,祝福,zuk1 fuk1,jūk fūk,Blessing,,
幸福,幸福,hang6 fuk1,hahng fūk,Happiness,,
夢想成真,梦想成真,mung6 soeng2 sing4 zan1,muhng séung sìhng jān,Dream come true,,
去邊度,去边度,heoi3 bin1 dou6,heui bīn douh,Where are you going?,,
好貴,好贵,hou2 gwai3,hóu gwai,Too expensive,,
好攰,好累,hou2 gui6,hóu guih,Tired,,
等陣,等阵,dang2 zan6,dáng jahn,Wait a moment,,
快啲,快点,faai3 di1,faai dī,quickly,,
慢慢,慢慢,maan6 maan6,maahn maahn,Slowly,,
生日快樂,生日快乐,saang1 jat6 faai3 lok6,sāng yaht faai lohk,happy birthday,,
飲杯,饮杯,jam2 bui1,yám bēi,Cheers,,
難食,难食,naan4 sik6,nàahn sihk,Bad tasting,,
飽啦,饱啦,baau2 laa1,báau lā,Full,,
好熱,好热,hou2 jit6,hóu yiht,Hot,,
塞車,塞车,sak1 ce1,sāk chē,traffic jam,,
八達通,八达通,baat3 daat6 tung1,baat daaht tūng,Octopus card,,
電子支付,电子支付,din6 zi2 zi1 fu6,dihn jí jī fuh,E-payment,,
Wi-Fi,Wi-Fi,waai1 fai1,wāai fāi,Wi-Fi,,
密碼,密码,mat6 maa5,maht máah,password,PIN; secret code,
充電,充电,cung1 din6,chūng dihn,charge (battery),recharge,
影相,影相,jing2 soeng2,yíng séung,Take photos,,
自拍,自拍,zi6 paak3,jih paak,Selfie,,
可愛,可爱,ho2 oi3,hó oi,Cute,,
犀利,犀利,sai1 lei6,sāi leih,Amazing,,
加油,加油,gaa1 jau2,gā yáu,Go for it,,
好叻,好叻,hou2 lek1,hóu lēk,Very capable,,
好勁,好劲,hou2 ging6,hóu gihng,Very strong,,
好彩,好彩,hou2 coi2,hóu chói,lucky,,
黑仔,黑仔,haak1 zai2,hāak jái,Unlucky,,
黐線,痴线,ci1 sin3,chī sin,Crazy / nuts (slang),,
傻嘅,傻嘅,so4 ge3,sòh ge,Silly,,
正,正,zeng3,jeng,excellent,perfect; top-notch,
伏,伏,fuk6,fuhk,Trap,,
Hea,Hea,hi1,hēi,To chill,,
吹水,吹水,ceoi1 seoi2,chēui séui,Chat idly,,
食花生,食花生,sik6 faa1 sang1,sihk fā sāng,Watch drama (lit. eat peanuts),,
GG,GG,zi1 zi1,jī jī,Game over,,
佛系,佛系,fat6 hai6,foht hái,Buddha-like (carefree attitude),,
躺平,躺平,tong2 ping4,tóng pìhng,Lie flat (reject hustle culture),,
內卷,内卷,noi6 gyun2,noih gyún,Involution,,
社畜,社畜,se5 cuk1,séh chūk,Corporate slave,,
毒男,毒男,duk6 naam4,duhk nàahm,Otaku,,
毒女,毒女,duk6 neoi5,duhk néuih,Female otaku,,
MK,MK,em1 kei1,ēm kēi,Mong Kok style (tacky),,
廢青,废青,fai3 ceng1,fai chēng,Useless youth,,
收皮,收皮,sau1 pei4,sāu pèih,Shut up,,
on9,on9,on6 gau2,ohn gáu,Stupid,,
柒,柒,cat6,chaht,Stupid,,
屌,屌,diu2,díu,Fuck,,
頂,顶,ding2,díng,Damn,,
硬膠,硬胶,ngaang6 gaau1,ngaahng gāau,Idiotic,,
金翅仆街,金翅仆街,gam1 ci3 puk1 gaai1,gām chi pūk gāai,Total failure (lit. golden wings fall on street),,
食屎,食屎,sik6 si2,sihk sí,Eat shit,,
死開,死开,sei2 hoi1,séi hōi,Get lost,,
廢老,废老,fai3 lou5,fai lóuh,Useless old person,,
老seafood,老seafood,lou5 si1 fu6,lóuh sī fuh,Old seafood (derogatory for elders),,
港女,港女,gong2 neoi5,góng néuih,Hong Kong girl (stereotype),,
港男,港男,gong2 naam4,góng nàahm,Hong Kong guy (stereotype),,
公主病,公主病,gung1 zyu2 beng6,gūng jyú behng,Princess syndrome (high maintenance),,
兵,兵,bing1,bīng,Simp (male pursuer),,
收兵,收兵,sau1 bing1,sāu bīng,Lead simps on,,
觀音兵,观音兵,gun1 jam1 bing1,gūn yām bīng,Devoted simp (lit. Guanyin's soldier),,
毒L,毒L,duk6 el1,duhk el,Loser (online slang),,
巴打,巴打,baa1 daa2,bā dá,Brother (forum slang),,
絲打,丝打,si1 daa2,sī dá,Sister (forum slang),,
CD-ROM,CD-ROM,si1 di1 rom1,sī dī rōm,Lurker (read but don't post),,
花生友,花生友,faa1 sang1 jau5,fā sāng yáuh,Spectator (lit. peanut friend),,
鍵盤戰士,键盘战士,gin3 pun4 zin3 si6,gín pùhn jin sih,Keyboard warrior,,
佛系玩家,佛系玩家,fat6 hai6 wun6 gaa1,foht hái wuhn gā,Buddha-style gamer (casual),,
課金,课金,fo3 gam1,fo gām,Pay-to-win (games),,
外掛,外挂,ngoi6 gwaa3,ngoih gwa,Cheat (games),,
雷隊友,雷队友,leoi4 deoi6 jau5,lèuih deuih yáuh,Useless teammate (lit. thunder teammate),,
Carry,Carry,ke1 ri1,kē rī,Carry (to lead team to victory),,
GG,GG,zi1 zi1,jī jī,Good game (ironic for failure),,
AFK,AFK,ei1 ef1 kei1,ēi ēf kēi,Away from keyboard,,
Noob,Noob,nu1 bu4,nū buh,Newbie,,
Pro,Pro,pou1,pōu,Professional,,
OP,OP,ou1 pi1,ōu pī,Overpowered,,
Nerf,Nerf,no1 fu1,nō fū,Nerf (weaken in games),,
Buff,Buff,ba1 fu1,bā fū,Buff (strengthen in games),,
Meta,Meta,mi1 taa1,mī tā,Meta (current optimal strategy),,
Troll,Troll,tou1 lou1,tōu lōu,Troll (intentionally bad play),,
Salt,Salt,sou1 tou1,sōu tōu,Salt (bitterness after losing),,
Tilt,Tilt,tiu1 tou1,tīu tōu,Tilt (emotional frustration),,
Clutch,Clutch,klo1 ci1,klō chī,Clutch (last-minute win),,
Throw,Throw,tou1 lou1,tōu lōu,Throw (intentionally lose),,
Boost,Boost,bu1 si1,bū sī,Boost (artificially increase rank),,
Smurf,Smurf,si1 mo1 fu1,sī mō fū,Smurf (high-skilled player on new account),,
Leak,Leak,lik1,līk,Leak (unauthorized info release),,
Patch,Patch,pe1 ci1,pē chī,Patch (game update),,
Hotfix,Hotfix,hot1 fik1,hōt fīk,Hotfix (urgent patch),,
Ban,Ban,ben1,bēn,Ban (prohibit in game),,
Report,Report,ri1 port1,rī pōt,Report (submit complaint),,
VOD,VOD,wi1 ou1 di1,wī ōu dī,Video on demand,,
Stream,Stream,si1 tim1,sī tīm,Livestream,,
Sub,Sub,sap1,sāp,Subscribe,,
Donate,Donate,do1 neit1,dō nēt,Donate,,
Clip,Clip,klip1,klīp,Highlight clip,,
Mod,Mod,mot1,mōt,Moderator,,
Pepega,Pepega,pi1 pi1 gaa1,pī pī gā,Pepega (derogatory for dumb),,
MonkaS,MonkaS,mong1 kaa1 es1,mōng kā ēs,MonkaS (anxiety emote),,
Kappa,Kappa,kaa1 paa1,kā pā,Kappa (sarcasm emote),,
Pog,Pog,pog1,pōg,Pog (excitement),,
LUL,LUL,lul1,lūl,LUL (laughing emote),,
FeelsBadMan,FeelsBadMan,fi1 zou1 baa1 maan1,fī jōu bā mān,FeelsBadMan (sad emote),,
請問,请问,cing2 man6,chíng mahn,Excuse me,,
唔該曬,唔该晒,m4 goi1 saai3,m̀h gōi saai,Thank you very much,,
慢慢行,慢慢行,maan6 maan6 haang4,maahn maahn hàahng,Walk slowly,,
小心啲,小心D,siu2 sam1 di1,síu sām dī,Be careful,,
使唔使幫手?,使唔使帮手?,sai2 m4 sai2 bong1 sau2,sái m̀h sái bōng sáu,Need help?,,
你講咩話?,你讲咩话?,nei5 gong2 me1 waa6,néih góng mē wah,What did you say?,,
可唔可以講慢啲?,可唔可以讲慢D?,ho2 m4 ho2 ji5 gong2 maan6 di1,hó m̀h hó yíh góng maahn dī,Can you speak slower?,,
呢度喺邊?,呢度喺边?,ni1 dou6 hai2 bin1,nī douh hái bīn,Where is this place?,,
點去...?,点去...?,dim2 heoi3...,dím heui...,How to get to...?,,
地鐵站喺邊?,地铁站喺边?,dei6 tit3 zaam6 hai2 bin1,deih tit jaahm hái bīn,Where's the MTR station?,,
的士站,的士站,dik1 si2 zaam6,dīk sí jaahm,Taxi stand,,
幾多錢?,几多钱?,gei2 do1 cin4,géi dō chìhn,How much money?,,
收信用卡嗎?,收信用卡吗?,sau1 soen3 jung6 kaat1 maa1,sāu seun yuhng kāat mā,Do you take credit cards?,,
要等幾耐?,要等几耐?,jiu3 dang2 gei2 noi6,yiu dáng géi noih,How long to wait?,,
有冇...?,有冇...?,jau5 mou5...,yáuh móuh...,Do you have...?,,
唔該畀...我,唔该畀...我,m4 goi1 bei2... ngo5,m̀h gōi béi... ngóh,Please give me...,,
要一杯...,要一杯...,jiu3 jat1 bui1...,yiu yāt būi...,I'll have one...,,
走甜,走甜,zau2 tim4,jáu tìhm,No sugar,,
少冰,少冰,siu2 bing1,síu bīng,Less ice,,
打包,打包,daa2 baau1,dá bāau,To go,,
廁所喺邊?,厕所喺边?,ci3 so2 hai2 bin1,chi só hái bīn,Where's the toilet?,,
男人/女人,男人/女人,naam4 jan2/neoi5 jan2,nàahm yàhn/néuih yàhn,Men's/Women's (restroom),,
沖涼,冲凉,cung1 loeng4,chūng lèuhng,Shower,,
wifi密碼,wifi密码,wai1 fai1 mat6 maa5,wāi fāi maht máh,WiFi password,,
充電位,充电位,cung1 din6 wai2,chūng dihn wái,Charging port,,
幫我影張相,帮我影张相,bong1 ngo5 jing2 zoeng1 soeng2,bōng ngóh yíng jēung séung,Take a photo for me,,
可唔可以同我哋影相?,可唔可以同我哋影相?,ho2 m4 ho2 ji5 tung4 ngo5 dei6 jing2 soeng2,hó m̀h hó yíh tùhng ngóh deih yíng séung,Can you take our photo?,,
香港天氣點?,香港天气点?,hoeng1 gong2 tin1 hei3 dim2,hēung góng tīn hei dím,How's Hong Kong weather?,,
會唔會落雨?,会唔会落雨?,wui5 m4 wui5 lok6 jyu5,wúih m̀h wúih lohk yúh,Will it rain?,,
今日幾度?,今日几度?,gam1 jat6 gei2 dou6,gām yaht géi douh,What's today's temperature?,,
空氣質素點?,空气质素点?,hung1 hei3 zat1 sou3 dim2,hūng hei jāt sou dím,How's the air quality?,,
邊度好玩?,边度好玩?,bin1 dou6 hou2 waan2,bīn douh hóu wáan,Where's fun to visit?,,
有咩景點推薦?,有咩景点推荐?,jau5 me1 ging2 dim2 teoi1 zin3,yáuh mē gíng dím tēui jin,Any sightseeing recommendations?,,
呢度有冇歷史古蹟?,呢度有冇历史古迹?,ni1 dou6 jau5 mou5 lik6 si2 gu2 zik1,nī douh yáuh móuh lihk sí gú jīk,Any historical sites here?,,
最出名係咩?,最出名系咩?,zeoi3 ceot1 meng2 hai6 me1,jeui chēut méng haih mē,What's most famous here?,,
有冇免費wifi?,有冇免费wifi?,jau5 mou5 min5 fai3 wai1 fai1,yáuh móuh míhn faai wāi fāi,Is there free WiFi?,,
邊度兌錢最抵?,边度兑钱最抵?,bin1 dou6 deoi3 cin4 zeoi3 dai2,bīn douh deui chín jeui dái,Where's best to exchange money?,,
呢個咩字點讀?,呢个咩字点读?,ni1 go3 me1 zi6 dim2 duk6,nī go mē jih dím duhk,How to read this character?,,
可唔可以教我講...?,可唔可以教我讲...?,ho2 m4 ho2 ji5 gaau3 ngo5 gong2...,hó m̀h hó yíh gaau ngóh góng...,Can you teach me to say...?,,
我學緊廣東話,我学紧广东话,ngo5 hok6 gan2 gwong2 dung1 waa2,ngóh hohk gán gwóng dūng wá,I'm learning Cantonese,,
你英文好嗎?,你英文好吗?,nei5 jing1 man2 hou2 maa1,néih yīng màhn hóu mā,Do you speak English?,,
我唔識聽,我唔识听,ngo5 m4 sik1 teng1,ngóh m̀h sīk tēng,I don't understand (listening),,
我唔識講,我唔识讲,ngo5 m4 sik1 gong2,ngóh m̀h sīk góng,I can't speak (it),,
可唔可以寫低?,可唔可以写低?,ho2 m4 ho2 ji5 se2 dai1,hó m̀h hó yíh sé dāi,Can you write it down?,,
呢個點解?,呢个点解?,ni1 go3 dim2 gaai2,nī go dím gáai,What does this mean?,,
有冇英文版?,有冇英文版?,jau5 mou5 jing1 man2 baan2,yáuh móuh yīng màhn báan,Is there an English version?,,
我來自...,我来自...,ngo5 loi4 zi6...,ngóh lòih jih...,I'm from...,,
我住喺...,我住喺...,ngo5 zyu6 hai2...,ngóh jyuh hái...,I live in...,,
旅遊定工作?,旅游定工作?,leoi5 jau4 ding6 gung1 zok3,léui yàuh dihng gūng jok,Travel or work?,,
留幾多日?,留几多日?,lau4 gei2 do1 jat6,làuh géi dō yaht,How long staying?,,
第一次嚟,第一次嚟,dai6 jat1 ci3 lei4,daih yāt chi lèih,First time here,,
好中意香港,好中意香港,hou2 zung1 ji3 hoeng1 gong2,hóu jūng yi hēung góng,Really like Hong Kong,,
下次再嚟,下次再来,haa6 ci3 zoi3 lei4,hah chi joi lèih,Will come back next time,,
保持聯絡!,保持联系!,bou2 ci4 lyun4 lok3,bóu chìh lyùhn lok,Keep in touch!,,
一路順風,一路顺风,jat1 lou6 seon6 fung1,yāt lohk seuhn fūng,Have a good trip!,,
生意興隆,生意兴隆,sang1 ji3 hing1 lung4,sāng yi hīng lùhng,Prosperous business,,
結婚快樂,结婚快乐,git3 fan1 faai3 lok6,git fān faai lohk,Happy marriage,,
節日快樂,节日快乐,zit3 jat6 faai3 lok6,jit yaht faai lohk,Holiday greetings,,
恭喜恭喜,恭喜恭喜,gung1 hei2 gung1 hei2,gūng héi gūng héi,Congratulations,,
飲杯!,饮杯!,jam2 bui1,yám bēi,Cheers! (drinking),,
慢慢食,慢慢食,maan6 maan6 sik6,maahn maahn sihk,Enjoy your meal,,
好味!,好味!,hou2 mei6,hóu meih,Delicious!,,
我飽啦,我饱啦,ngo5 baau2 laa1,ngóh báau lā,I'm full,,
好攰,好累,hou2 gui6,hóu guih,Very tired,,
好眼瞓,好困,hou2 ngaan5 fan3,hóu ngáahn fan,Very sleepy,,
好失望,好失望,hou2 sat1 mong6,hóu sāt mohng,Very disappointed,,
好驚,好惊,hou2 geng1,hóu gēng,Very scared,,
好緊張,好紧张,hou2 gan2 zoeng1,hóu gín jēung,Very nervous,,
好興奮,好兴奋,hou2 hing1 fan5,hóu hīng fáhn,Very excited,,
好無聊,好无聊,hou2 mou4 liu4,hóu mòuh lìuh,Very bored,,
好奇怪,好奇怪,hou2 kei4 gwaai3,hóu kèih gwaai,Very strange,,
好危險,好危险,hou2 ngai4 him2,hóu ngàih hím,Very dangerous,,
好有用,好有用,hou2 jau5 jung6,hóu yáuh yuhng,Very useful,,
好方便,好方便,hou2 fong1 bin6,hóu fōng bihn,Very convenient,,
好麻煩,好麻烦,hou2 maa4 faan4,hóu màh fàahn,Very troublesome,,
好容易,好容易,hou2 jung4 ji6,hóu yùhng yih,Very easy,,
好難,好难,hou2 naan4,hóu nàahn,Very difficult,,
好重要,好重要,hou2 zung6 jiu3,hóu juhng yiu,Very important,,
好急,好急,hou2 gap1,hóu gāp,Very urgent,,
好耐,好久,hou2 noi6,hóu noih,Very long time,,
好近,好近,hou2 gan6,hóu gahn,Very near,,
好遠,好远,hou2 jyun5,hóu yúhn,Very far,,
好貴,好贵,hou2 gwai3,hóu gwai,Very expensive,,
好平,好平,hou2 peng4,hóu pèhng,Very cheap,,
好靚,好靓,hou2 leng3,hóu leng,Very beautiful,,
好核突,好核突,hou2 wat6 dat6,hóu waht daht,Very ugly,,
好乾淨,好干净,hou2 gon1 zeng6,hóu gōn jehng,Very clean,,
好污糟,好肮脏,hou2 wu1 zou1,hóu wū jōu,Very dirty,,
好嘈,好吵,hou2 cou4,hóu chòuh,Very noisy,,
好靜,好静,hou2 zing6,hóu jihng,Very quiet,,
好熱,好热,hou2 jit6,hóu yiht,Very hot,,
好濕,好湿,hou2 sap1,hóu sāp,Very humid,,
好乾,好干,hou2 gon1,hóu gōn,Very dry,,
好大,好大,hou2 daai6,hóu daaih,Very big,,
好細,好细,hou2 sai3,hóu sai,Very small,,
好高,好高,hou2 gou1,hóu gōu,Very tall,,
好矮,好矮,hou2 ai2,hóu ái,Very short,,
好長,好长,hou2 coeng4,hóu chèuhng,Very long,,
好短,好短,hou2 dyun2,hóu dyún,Very short,,
好重,好重,hou2 cung5,hóu chúhng,Very heavy,,
好輕,好轻,hou2 heng1,hóu hēng,Very light,,
好硬,好硬,hou2 ngaang6,hóu ngaahng,Very hard,,
好軟,好软,hou2 jyun5,hóu yúhn,Very soft,,
好滑,好滑,hou2 waat6,hóu waaht,Very smooth,,
好粗糙,好粗糙,hou2 cou1 cou3,hóu chōu chou,Very rough,,
好香,好香,hou2 hoeng1,hóu hēung,Very fragrant,,
好臭,好臭,hou2 cau3,hóu chau,Very smelly,,
好甜,好甜,hou2 tim4,hóu tìhm,Very sweet,,
好酸,好酸,hou2 syun1,hóu syūn,Very sour,,
好苦,好苦,hou2 fu2,hóu fú,Very bitter,,
好辣,好辣,hou2 laat6,hóu laaht,Very spicy,,
好咸,好咸,hou2 haam4,hóu hàahm,Very salty,,
好淡,好淡,hou2 daam6,hóu daahm,Very bland,,
歷史遺跡,历史遗迹,lik6 si2 wai4 zik1,lihk sí waìh zīk,historical site,,
海灘,海滩,hoi2 taan1,hói tāan,beach,,
跟團,跟团,gan1 tyun4,gān tyùnh,guided tour,,
揾,揾,wan2,wán,to find,,
帳篷,帐篷,zoeng3 pung4,jeung pùngh,tent,,
柏林,柏林,baak3 lam4,baak làmh,Berlin,,
法蘭克福,法兰克福,faat3 laan4 hak1 fuk1,faat làanh hāk fūk,Frankfurt,,
東便,东便,dung1 bin6,dūng binh,east side,,
西便,西便,sai1 bin6,sāi binh,west side,,
北便,北便,bak1 bin6,bāk binh,north side,,
南便,南便,naam4 bin6,nàamh binh,south side,,
左便,左便,zo2 bin6,jó binh,left side,,
右便,右便,jau6 bin6,yauh binh,right side,,
上便,上便,soeng6 bin6,seungh binh,above/on top,,
下便,下便,haa6 bin6,hah binh,under/below,,
前便,前便,cin4 bin6,chình binh,front,,
後便,后便,hau6 bin6,hauh binh,back/behind,,
旅遊簽證,旅游签证,leoi5 jau4 cim1 zing3,léuih yàuh chīm jing,tourist visa,,
商務簽證,商务签证,soeng1 mou6 cim1 zing3,sēung mouh chīm jing,business visa,,
探親簽證,探亲签证,taam3 can1 cim1 zing3,taam chān chīm jing,family visitor visa,,
學生簽證,学生签证,hok6 saang1 cim1 zing3,hohk sāang chīm jing,student visa,,
工作簽證,工作签证,gung1 zok3 cim1 zing3,gūng jok chīm jing,work visa,,
過境簽證,过境签证,gwo3 ging2 cim1 zing3,gwo gíng chīm jing,transit visa,,
手提行李,手提行李,sau2 tai4 hang4 lei5,sáu tàih hàngh léih,carry-on luggage,,
免稅店,免税店,min5 seoi3 dim3,mính seui dim,duty-free shop,,
航站樓,航站楼,hong4 zaam6 lau4,hòngh jaamh làuh,terminal,,
一號航站樓,一号航站楼,jat1 hou6 hong4 zaam6 lau4,yāt houh hòngh jaamh làuh,terminal 1,,
四個號航站樓,四个号航站楼,sei3 go3 hong4 zaam6 lau4,sei go hòngh jaamh làuh,4 terminals,,
我嘅航班延誤咗三十分鐘。,我的航班延误了三十分钟。,ngo5 ge3 hong4 baan1 jin4 ng6 zo2 saam1 sap6 fan1 zung1,ngóh ge hòngh bāan yình ngh jó sāam sahp fān jūng,My flight was delayed by 30 minutes.,,
延誤,延误,jin4 ng6,yình ngh,delay,,
火車延誤,火车延误,fo2 ce1 jin4 ng6,fó chē yình ngh,train delay,,
高鐵延誤,高铁延误,gou1 tit3 jin4 ng6,gōu tit yình ngh,high-speed rail delay,,
唔好彩,唔好彩,m4 hou2 coi2,mh hóu chói,unlucky,,
準時,准时,zeon2 si4,jéun sìh,on time,,
遲到,迟到,ci4 dou3,chìh dou,late,,
我買咗一件衫。,我买了一件衫。,ngo5 maai5 zo2 jat1 gin6 saam1,ngóh máaih jó yāt ginh sāam,I bought a piece of clothing.,,
褲,裤,fu3,fu,pants,,
佢著住一條褲。,他穿着一条裤。,keoi5 zoek3 zyu6 jat1 tiu4 fu3,kéuih jeuk jyuh yāt tìuh fu,He is wearing a pair of pants.,,
鞋,鞋,haai4,hàaih,shoes,,
我有一對鞋。,我有一对鞋。,ngo5 jau5 jat1 deoi3 haai4,ngóh yáuh yāt deui hàaih,I have a pair of shoes.,,
手提電腦,手提电脑,sau2 tai4 din6 nou5,sáu tàih dinh nóuh,laptop,,
呢部手提電腦好貴。,这部手提电脑好贵。,ni1 bou6 sau2 tai4 din6 nou5 hou2 gwai3,nī bouh sáu tàih dinh nóuh hóu gwai,This laptop is expensive.,,
佢換咗一部新電話。,他换了一部新电话。,keoi5 wun6 zo2 jat1 bou6 san1 din6 waa2,kéuih wunh jó yāt bouh sān dinh wá,He changed to a new cellphone.,,
我啱啱買咗一本書。,我刚刚买了一本书。,ngo5 aam1 aam1 maai5 zo2 jat1 bun2 syu1,ngóh āam āam máaih jó yāt bún syū,I just bought a book.,,
呢本日記寫滿咗嘢。,这本日记写满了东西。,ni1 bun2 jat6 gei3 se2 mun5 zo2 je5,nī bún yaht gei sé múnh jó yéh,This diary is full of writing.,,
郵件,邮件,jau4 gin2,yàuh gín,email,,
淋花,淋花,lam4 faa1,làmh fā,water the flowers,,
我細個嘅時候,我细个嘅时候,ngo5 sai3 go3 ge3 si4 hau6,ngóh sai go ge sìh hauh,when I was young/kid,,
讀大學嘅時候,读大学嘅时候,duk6 daai6 hok6 ge3 si4 hau6,duhk daaih hohk ge sìh hauh,when I was in university,,
第一次,第一次,dai6 jat1 ci3,daih yāt chi,first time,,
區,区,keoi1,kēui,district,,
沙灘,沙滩,saa1 taan1,sā tāan,beach,,
日頭,日头,jat6 tau2,yaht táu,daytime,,
眼瞓,眼瞓,ngaan5 fan3,ngáanh fan,sleepy,,
半夜,半夜,bun3 je6,bun yeh,midnight,,
我唔信教,我唔信教,ngo5 m4 seon3 gaau3,ngóh mh seun gaau,I'm not religious,,
細路仔,细路仔,sai3 lou6 zai2,sai louh jái,kid,,
小朋友,小朋友,siu2 pang4 jau5,síu pàngh yáuh,kid,,
大人,大人,daai6 jan4,daaih yành,grown-up,,
春假,春假,ceon1 gaa2,chēun gá,spring break,,
位,位,wai2,wái,seat,,
越嚟越,越嚟越,jyut6 lei4 jyut6,yuht lèih yuht,getting/becoming (more),,
越嚟越多,越嚟越多,jyut6 lei4 jyut6 do1,yuht lèih yuht dō,more and more,,
越嚟越少,越嚟越少,jyut6 lei4 jyut6 siu2,yuht lèih yuht síu,less and less,,
關稅,关税,gwaan1 seoi3,gwāan seui,tariff,,
小米,小米,siu2 mai5,síu máih,Xiaomi,,
好買,好买,hou2 maai5,hóu máaih,good place to shop,,
好睇,好睇,hou2 tai2,hóu tái,nice to watch/read,,
好玩,好玩,hou2 waan2,hóu wáan,fun,,
好聽,好听,hou2 teng1,hóu tēng,pleasant to listen to,,
唔見咗,唔见咗,m4 gin3 zo2,mh gin jó,lost,,
新嘅,新嘅,san1 ge3,sān ge,new,,
零食,零食,ling4 sik6,lìngh sihk,snack,,
生日願望,生日愿望,sang1 jat6 jyun6 mong6,sāng yaht yunh mongh,birthday wish,,
男仔,男仔,naam4 zai2,nàamh jái,boy,,
女仔,女仔,neoi5 zai2,néuih jái,girl,,
盧森堡,卢森堡,lou4 sam1 bou2,lòuh sām bóu,Luxembourg,,
一共,一共,jat1 gung6,yāt gungh,in total/altogether,,
西班牙,西班牙,sai1 baan1 ngaa4,sāi bāan ngàh,Spain,,
馬德里,马德里,maa5 dak1 lei5,máh dāk léih,Madrid,,
巴塞,巴塞,baa1 coi3,bā choi,Barcelona,,
夏令營,夏令营,haa6 ling6 jing4,hah lingh yìngh,summer camp,,
我唔肯定,我唔肯定,ngo5 m4 hang2 ding6,ngóh mh háng dingh,I'm not sure,,
德國人,德国人,dak1 gwok3 jan4,dāk gwok yành,German people,,
唔健談,唔健谈,m4 gin6 taam4,mh ginh tàamh,not talkative,,
A同B好似,A同B好似,A tung4 B hou2 ci5,A tùngh B hóu chíh,A and B are similar,,
氛圍,氛围,fan1 wai4,fān wàih,vibe,,
專業,专业,zyun1 jip6,jyūn yihp,major,,
常見的酒類,常见的酒类,cin4 gin3 dik1 zau2 leoi6,chình gin dīk jáu leuih,common types of alcoholic drinks,,
葡萄酒,葡萄酒,pou4 tou4 zau2,pòuh tòuh jáu,wine (general term),,
威士忌,威士忌,wai1 si6 gei6,wāi sih geih,whisky,,
伏特加,伏特加,fuk6 dak1 gaa1,fuhk dāk gā,vodka,,
香檳,香槟,hoeng1 ban1,hēung bān,champagne,,
清酒,清酒,cing1 zau2,chīng jáu,sake (Japanese rice wine),,
米酒,米酒,mai5 zau2,máih jáu,rice wine,,
朗姆酒,朗姆酒,long5 mou5 zau2,lóngh móuh jáu,rum,,
雞尾酒,鸡尾酒,gai1 mei5 zau2,gāi méih jáu,cocktail,,
小吃和甜品,小吃和甜品,siu2 hek3 wo4 tim4 ban2,síu hek wòh tìmh bán,snacks and desserts,,
蛋糕,蛋糕,daan6 gou1,daanh gōu,cake,,
雪糕,雪糕,syut3 gou1,syut gōu,ice cream,,
餅乾,饼干,beng2 gon1,béng gōn,biscuits,,
巧克力,巧克力,haak1 hak1 lik1,hāak hāk līk,chocolate,,
布丁,布丁,bou3 ding1,bou dīng,pudding,,
常見的口味,常见的口味,cin4 gin3 dik1 hau2 mei6,chình gin dīk háu meih,common taste,,
淡,淡,taam5,táamh,mild (flavor),,
濃,浓,nung4,nùngh,strong (flavor),,
油膩,油腻,jau4 nei6,yàuh neih,greasy,,
口感,口感,hau2 gam2,háu gám,texture (of food/drink),,
味道濃,味道浓,mei6 dou6 nung4,meih douh nùngh,strong flavor,,
味道淡,味道淡,mei6 dou6 taam5,meih douh táamh,mild flavor,,
過期,过期,gwo3 kei4,gwo kèih,expired,,
鳳梨罐頭,凤梨罐头,fung6 lei4 gun3 tau4,fungh lèih gun tàuh,pineapple cans,,
夢遊,梦游,mung6 jau4,mungh yàuh,sleepwalking,,
阿Sir,阿Sir,aa3 soe1,a soē,Officer (for cops),,
快餐店,快餐店,faai3 caan1 dim3,faai chāan dim,fast food shop,,
重新開始,重新开始,cung4 san1 hoi1 ci2,chùngh sān hōi chí,start over,,
信人不如信自己,信人不如信自己,seon3 jan4 bat1 jyu4 seon3 zi6 gei2,seun yành bāt yùh seun jih géi,Trusting others is worse than trusting yourself,,
我哋最接近嘅時候,我哋最接近嘅时候,ngo5 dei6 zeoi3 zip3 gan6 ge3 si4 hau6,ngóh deih jeui jip ganh ge sìh hauh,The closest we ever were...,,
如果記憶係一個罐頭,如果记忆系一个罐头,jyu4 gwo2 gei3 jik1 hai6 jat1 go3 gun3 tau4,yùh gwó gei yīk haih yāt go gun tàuh,If memories could be canned...,,
阿Sir,阿Sir,aa3 soe1,a soē,Officer,,
加州,加州,gaa1 zau1,gā jāu,California,,
信人不如信自己,信人不如信自己,seon3 jan4 bat1 jyu4 seon3 zi6 gei2,seun yành bāt yùh seun jih géi,"Trust yourself, not others",,
扮嘢,扮嘢,baan6 je5,baanh yéh,pretend/Fake,,
登機證,登机证,dang1 gei1 zing3,dāng gēi jing,boarding pass,,
空姐,空姐,hung1 ze2,hūng jé,flight attendant,,
心動,心动,sam1 dung6,sām dungh,heartbeat,,
我能從一數到十。,我能从一数到十。,ngo5 nang4 cung4 jat1 sou2 dou3 sap6,ngóh nàngh chùngh yāt sóu dou sahp,I can count from one to ten,,
諗諗吓我好似約咗佢五點見面喎。,谂谂下我好似约咗佢五点见面啵。,sam2 sam2 haa5 ngo5 hou2 ci5 joek3 zo2 keoi5 ng5 dim2 gin3 min6 wo3,sám sám háh ngóh hóu chíh yeuk jó kéuih ngh dím gin minh wo,"Come to think of it, I promised to meet him at five",,
系主任找你。,系主任找你。,hai6 zyu2 jam6 zaau2 nei5,haih jyú yamh jáau néih,The department head wants to see you,,
今天太熱了！,今天太热了！,gam1 tin1 taai3 jit6 liu5!,gām tīn taai yiht líuh!,It's so hot today!,,
我太喜歡和他做朋友了。,我太喜欢和他做朋友了。,ngo5 taai3 hei2 fun1 wo4 keoi5 zou6 pang4 jau5 liu5,ngóh taai héi fūn wòh kéuih jouh pàngh yáuh líuh,I like being his friend so much,,
我是他的朋友。,我是他的朋友。,ngo5 si6 keoi5 dik1 pang4 jau5,ngóh sih kéuih dīk pàngh yáuh,I'm a friend of his,,
我的媽媽很漂亮。,我的妈妈很漂亮。,ngo5 dik1 maa1 maa1 han2 piu3 loeng6,ngóh dīk mā mā hán piu leungh,My mother is very beautiful,,
你有冇啲咩嘢食係特別鍾意或者唔鍾意㗎？,你有冇啲咩嘢食系特别钟意或者唔钟意㗎？,nei5 jau5 mou5 di1 me1 je5 sik6 hai6 dak6 bit6 zung1 ji3 waak6 ze2 m4 zung1 ji3 gaa3?,néih yáuh móuh dī mē yéh sihk haih dahk biht jūng yi waahk jé m̀h jūng yi ga?,Do you have strong likes and dislikes for certain food?,,
這條街道很安靜。,这条街道很安静。,ze2 tiu4 gaai1 dou6 han2 on6 zing6,jé tìuh gāai douh hán onh jingh,This is a very quiet street,,
水結咗冰就會變做固體。,水结咗冰就会变做固体。,seoi2 git3 zo2 bing1 zau6 wui5 bin3 zou6 gu3 tai2,séui git jó bīng jauh wúih bin jouh gu tái,Water becomes solid when it freezes,,
球場上划有白線。,球场上划有白线。,kau4 coeng4 soeng6 waak6 jau5 baak6 sin3,kàuh chèungh seungh waahk yáuh baahk sin,There are white lines drawn on the field,,
你能說漢語嗎？,你能说汉语吗？,nei5 nang4 syut3 hon3 jyu5 maa1?,néih nàhng syut hon yúh mā?,Can you speak Chinese?,,
我能去你家玩嗎？,我能去你家玩吗？,ngo5 nang4 heoi3 nei5 gaa1 waan4 maa1?,ngóh nàhng heui néih gā wàahn mā?,Can I visit your home?,,
冇人會理㗎喇。,冇人会理㗎喇。,mou5 jan4 wui5 lei5 gaa3 laa3,móuh yành wúih léih ga la,No one cares about that anymore,,
佢啱啱先食完晏，無理由會肚餓。,佢啱啱先食完晏，无理由会肚饿。,keoi5 aam1 aam1 sin1 sik6 jyun4 aan3,kéuih āam āam sīn sihk yùnh aan,mou5 lei5 jau4 wui5 tou5 ngo6,,
個天突然間開始變黑。,个天突然间开始变黑。,go3 tin1 dat6 jin4 gaan1 hoi1 ci2 bin3 hak1,go tīn daht yình gāan hōi chí bin hāk,The sky suddenly began to darken,,
佢唱歌好有天分。,佢唱歌好有天分。,keoi5 coeng3 go1 hou2 jau5 tin1 fan6,kéuih cheung gō hóu yáuh tīn fanh,She's a talented singer,,
兩個漢堡包同埋一罐可樂吖唔該。,两个汉堡包同埋一罐可乐吖唔该。,loeng5 go3 hon4 bou2 baau1 tung4 maai4 jat1 gun3 ho2 lok6 aa1 m4 goi1,léungh go hònh bóu bāau tùngh màaih yāt gun hó lohk ā mh gōi,"Can I have two hamburgers and a coke, please?",,
咁簡單。,咁简单。,gam3 gaan2 daan1,gam gáan dāan,So simple,,
點解錯成咁？,点解错成咁？,dim2 gaai2 co3 sing4 gam3?,dím gáai cho sìhng gam?,Why can it be so wrong?,,
他的工作經歷很豐富。,他的工作经历很丰富。,keoi5 dik1 gung1 zok3 ging1 lik6 han2 fung1 fu3,kéuih dīk gūng jok gīng lihk hán fūng fu,He has a wealth of work experience,,
今天的菜非常豐富。,今天的菜非常丰富。,gam1 tin1 dik1 coi3 fei1 soeng4 fung1 fu3,gām tīn dīk choi fēi sèungh fūng fu,We have very very many dishes today,,
已經五點了,已经五点了,ji5 ging1 ng5 dim2 liu5,yíh gīng ngh dím líuh,It's already five o'clock,,
我一個星期有五天要工作。,我一个星期有五天要工作。,ngo5 jat1 go3 sing1 kei4 jau5 ng5 tin1 jiu3 gung1 zok3,ngóh yāt go sīng kèih yáuh ngh tīn yiu gūng jok,I work five days a week,,
洛杉磯係我想去嘅其中一個地方。,洛杉矶系我想去嘅其中一个地方。,lo4 saa1 gei1 hai6 ngo5 soeng2 heoi3 ge3 kei4 zung1 jat1 go3 dei6 fong1,lòh sā gēi haih ngóh séung heui ge kèih jūng yāt go deih fōng,Los Angeles is one of the places that I'd like to visit,,
公園裡有很多人。,公园里有很多人。,gung1 jyun2 leoi5 jau5 hou2 do1 jan4,gūng yún léuih yáuh hóu dō yành,There are many people in the park,,
她有很多衣服。,她有很多衣服。,keoi5 jau5 hou2 do1 ji1 fuk6,kéuih yáuh hóu dō yī fuhk,She has a lot of clothes,,
他一個人在公司。,他一个人在公司。,keoi5 jat1 go3 jan4 zoi6 gung1 si1,kéuih yāt go yành joih gūng sī,He's at the company by himself,,
他在那家醫院工作。,他在那家医院工作。,keoi5 zoi6 naa5 gaa1 ji1 jyun2 gung1 zok3,kéuih joih náh gā yī yún gūng jok,He works at that hospital,,
佢將個橙分成兩分。,佢将个橙分成两分。,keoi5 zoeng1 go3 caang2 fan1 sing4 loeng5 fan1,kéuih jēung go cháang fān sìngh léungh fān,He separated the orange into two portions,,
我分唔清佢同佢個細佬。,我分唔清佢同佢个细佬。,ngo5 fan1 m4 cing1 keoi5 tung4 keoi5 go3 sai3 lou2,ngóh fān mh chīng kéuih tùngh kéuih go sai lóu,I can't distinguish him from his brother,,
佢問我,佢问我,keoi5 man6 ngo5,kéuih manh ngóh,He/she asked me,,
你做得真棒！,你做得真棒！,nei5 zou6 dak1 zan1 paang5!,néih jouh dāk jān páahng!,You did a terrific job!,,
多麼不幸的一連串事件,多么不幸的一连串事件,do1 mo1 bat1 hang6 dik1 jat1 lin4 cyun3 si6 gin6,dō mō bāt hangh dīk yāt lình chyun sih ginh,What an unlucky train of events!,,
經濟,经济,ging1 zai3,gīng jai,economy,,
他正在過馬路。,他正在过马路。,keoi5 zing3 zoi6 gwo3 maa5 lou6,kéuih jing joih gwo máh louh,He's crossing the road,,
我吃過午飯了。,我吃过午饭了。,ngo5 hek3 gwo3 ng5 faan6 liu5,ngóh hek gwo ngh faanh líuh,I ate lunch,,
我朋友叫Xavier,我朋友叫Xavier,ngo5 pang4 jau5 giu3 Xavier,ngóh pàngh yáuh giu Xavier,My friends name is Xavier,,
佢係一個軍事承包商,佢系一个军事承包商,keoi5 hai6 jat1 go3 gwan1 si6 sing4 baau1 soeng1,kéuih haih yāt go gwān sih sìngh bāau sēung,He is a military contractor,,
我哋一齊飲咗啤酒,我哋一齐饮咗啤酒,ngo5 dei6 jat1 cai4 jam2 zo2 be1 zau2,ngóh deih yāt chàih yám jó bē jáu,We drank beer together,,
我哋參加咗個印尼節。,我哋参加咗个印尼节。,ngo5 dei6 caam1 gaa1 zo2 go3 jan3 nei4 zit3,ngóh deih chāam gā jó go yan nèih jit,We attended an Indonesian Festival,,
我哋見到啲紀念碑,我哋见到啲纪念碑,ngo5 dei6 gin3 dou2 di1 gei2 nim6 bei1,ngóh deih gin dóu dī géi nimh bēi,We visited the monuments,,
我最鍾意嘅紀念碑係林肯紀念館。,我最钟意嘅纪念碑系林肯纪念馆。,ngo5 zeoi3 zung1 ji3 ge3 gei2 nim6 bei1 hai6 lam4 hang2 gei2 nim6 gun2,ngóh jeui jūng yi ge géi nimh bēi haih làmh háng géi nimh gún,My favorite monument is the Lincoln Memorial,,
兩個星期後我搬去德國。,两个星期后我搬去德国。,loeng5 go3 sing1 kei4 hau6 ngo5 bun1 heoi3 dak1 gwok3,léungh go sīng kèih hauh ngóh būn heui dāk gwok,In two weeks I move to Germany,,
今日天氣好晴朗,今日天气好晴朗,gam1 jat6 tin1 hei3 hou2 cing4 long5,gām yaht tīn hei hóu chìngh lóngh,The weather today is sunny,,
我唔鍾意冬天，因為它好凍。,我唔钟意冬天，因为它好冻。,ngo5 m4 zung1 ji3 dung1 tin1,ngóh mh jūng yi dūng tīn,jan1 wai4 taa1 hou2 dung3,,
我唔鍾意喝酒，因為它唔太健康。,我唔钟意喝酒，因为它唔太健康。,ngo5 m4 zung1 ji3 hot3 zau2,ngóh mh jūng yi hot jáu,jan1 wai4 taa1 m4 taai3 gin6 hong1,,
我飲咖啡、茶同水,我饮咖啡、茶同水,ngo5 jam2 gaa1 fe1 caa4 tung4 seoi2,ngóh yám gā fē chàh tùngh séui,"I drink coffee, tea, and water",,
我會閱讀和學習。,我会阅读和学习。,ngo5 wui2 jyut6 duk6 wo4 hok6 zaap6,ngóh wúi yuht duhk wòh hohk jaahp,I will read and study,,
我去了德國。,我去了德国。,ngo5 heoi3 liu5 dak1 gwok3,ngóh heui líuh dāk gwok,I went to Germany,,
我會說英文同德語。,我会说英文同德语。,ngo5 wui2 syut3 jing1 man4 tung4 dak1 jyu5,ngóh wúi syut yīng mành tùngh dāk yúh,I speak English and German,,
今天，我鍛煉了。,今天，我锻炼了。,gam1 tin1 ngo5 dyun3 lin6 liu5,gām tīn ngóh dyun linh líuh,"Today, I exercised",,
我將前往德國。,我将前往德国。,ngo5 zoeng3 cin4 wong5 dak1 gwok3,ngóh jeung chình wóngh dāk gwok,I will travel to Germany,,
我將在德國教英文。,我将在德国教英文。,ngo5 zoeng3 zoi6 dak1 gwok3 gaau3 jing1 man4,ngóh jeung joih dāk gwok gaau yīng mành,I will teach English in Germany,,
你會說英語嗎？,你会说英语吗？,nei5 wui2 syut3 jing1 jyu5 maa1?,néih wúi syut yīng yúh mā?,Do you speak English?,,
你鍾意戶外活動啊？,你钟意户外活动啊？,nei5 zung1 ji3 wu6 ngoi6 wut6 dung6 aa1?,néih jūng yi wuh ngoih wuht duhng ā?,Do you like to be outdoors?,,
我鍾意嘗試新食物。,我钟意尝试新食物。,ngo5 zung1 ji3 soeng4 si3 san1 sik6 mat6,ngóh jūng yi sèungh si sān sihk maht,I like to try new foods,,
你最鍾意嘅餐係乜嘢？,你最钟意嘅餐系乜嘢？,nei5 zeoi3 zung1 ji3 ge3 caan1 hai6 mat1 je5?,néih jeui jūng yi ge chāan haih māt yéh?,What is your favorite meal?,,
您想去邊度旅行？,您想去边度旅行？,nei5 soeng2 heoi3 bin1 dou6 leoi5 hang4?,néih séung heui bīn douh léuih hàhng?,Where would you like to travel?,,
我食咗牛肉、西蘭花同土豆。,我食咗牛肉、西兰花同土豆。,ngo5 sik6 zo2 ngau4 juk6,ngóh sihk jó ngàuh yuhk,sai1 laan4 faa1 tung4 tou2 dau6,,
我食咗三文魚、米飯同青豆。,我食咗三文鱼、米饭同青豆。,ngo5 sik6 zo2 saam1 man4 jyu4,ngóh sihk jó sāam mành yùh,mai5 faan6 tung4 cing1 dau6,,
你最鍾意嘅茶係乜嘢？,你最钟意嘅茶系乜嘢？,nei5 zeoi3 zung1 ji3 ge3 caa4 hai6 mat1 je5?,néih jeui jūng yi ge chàh haih māt yéh?,What is your favorite kind of tea?,,
你鍾意珍珠奶茶啊？,你钟意珍珠奶茶啊？,nei5 zung1 ji3 zan1 zyu1 naai5 caa4 aa1?,néih jūng yi jān jyū náaih chàh ā?,Do you like bubble tea?,,
你鍾意遠足啊？,你钟意远足啊？,nei5 zung1 ji3 jyun5 zuk1 aa1?,néih jūng yi yúhn jūk ā?,Do you like to hike?,,
你鍾意踩單車啊？,你钟意踩单车啊？,nei5 zung1 ji3 caai2 daan1 ce1 aa1?,néih jūng yi cháai dāan chē ā?,Do you like to ride your bicycle?,,
你去邊度放鬆？,你去边度放松？,nei5 heoi3 bin1 dou6 fong3 sung1?,néih heui bīn douh fong sūng?,Where do you go to relax?,,
我想去香港、澳門、越南同日本旅行。,我想去香港、澳门、越南同日本旅行。,ngo5 soeng2 heoi3 hoeng1 gong2,ngóh séung heui hēung góng,ou3 mun4,,
我鍾意中國文化同歷史。,我钟意中国文化同历史。,ngo5 zung1 ji3 zung1 gwok3 man4 faa3 tung4 lik6 si2,ngóh jūng yi jūng gwok mành fa tùngh lihk sí,I love Chinese culture and history,,
我於2016年同2017年住喺德國。,我于2016年同2017年住喺德国。,ngo5 jyu1 2016 nin4 tung4 2017 nin4 zyu6 hai2 dak1 gwok3,ngóh yū 2016 nìhn tùhng 2017 nìhn jyuh hái dāk gwok,I lived in Germany in 2016 and 2017,,
我於2020年喺德國學習。,我于2020年喺德国学习。,ngo5 jyu1 2020 nin4 hai2 dak1 gwok3 hok6 zaap6,ngóh yū 2020 nìhn hái dāk gwok hohk jaahp,I studied in Germany in 2020,,
我于2022年本科畢業。,我于2022年本科毕业。,ngo5 jyu1 2022 nin4 bun2 fo1 bat1 jip6,ngóh yū 2022 nìhn bún fō bāt yihp,I graduated from undergraduate studies in 2022,,
你最鍾意嘅食物係乜嘢？,你最钟意嘅食物系乜嘢？,nei5 zeoi3 zung1 ji3 ge3 sik6 mat6 hai6 mat1 je5?,néih jeui jūng yi ge sihk maht haih māt yéh?,What is your favorite food?,,
我養咗好多貓同一隻狗，但而家我冇寵物咗。,我养咗好多猫同一只狗，但而家我冇宠物咗。,ngo5 joeng5 zo2 hou2 do1 maau1 tung4 jat1 zek3 gau2,ngóh yéungh jó hóu dō māau tùngh yāt jek gáu,daan6 ji4 gaa1 ngo5 mou5 cung2 mat6 zo2,,
你會演奏任何樂器嗎？,你会演奏任何乐器吗？,nei5 wui2 jin2 zau3 jam6 ho4 lok6 hei3 maa1?,néih wúi yín jau yahm hòh lohk hei mā?,Do you play any instruments?,,
我彈結他有啲。,我弹结他有啲。,ngo5 daan6 git3 taa1 jau5 di1,ngóh daanh git tā yáuh dī,I play guitar a little,,
我鍾意學習粵語。,我钟意学习粤语。,ngo5 zung1 ji3 hok6 zaap6 jyut6 jyu5,ngóh jūng yi hohk jaahp yuht yúh,I enjoy learning Cantonese,,
我最鍾意嘅樂隊係...,我最钟意嘅乐队系...,ngo5 zeoi3 zung1 ji3 ge3 lok6 deoi6 hai6...,ngóh jeui jūng yi ge lohk deuih haih...,My favorite band is...,,
我最鍾意嘅音樂家係...,我最钟意嘅音乐家系...,ngo5 zeoi3 zung1 ji3 ge3 jam1 lok6 gaa1 hai6...,ngóh jeui jūng yi ge yām lohk gā haih...,My favorite musician is...,,
你幾歲了？,你几岁了？,nei5 gei2 seoi3 liu5?,néih géi seui líuh?,How old are you?,,
唔使喇唔該，我唔食煙。,唔使喇唔该，我唔食烟。,m4 sai2 laa1 m4 goi1,mh sái lā mh gōi,ngo5 m4 sik6 jin1,,
我冇兄弟姐妹。,我冇兄弟姐妹。,ngo5 mou5 hing1 dai6 ze2 mui6,ngóh móuh hīng daih jé muih,I have no siblings / I am an only child,,
你有最鍾意嘅電影啊？,你有最钟意嘅电影啊？,nei5 jau5 zeoi3 zung1 ji3 ge3 din6 jing2 aa1?,néih yáuh jeui jūng yi ge dihn yíng ā?,Do you have a favorite movie?,,
你而家幾點了？,你而家几点了？,nei5 ji4 gaa1 gei2 dim2 liu5?,néih yìh gā géi dím líuh?,What time is it where you are?,,
你去過美國嗎？,你去过美国吗？,nei5 heoi3 gwo3 mei5 gwok3 maa1?,néih heui gwo méih gwok mā?,Have you ever traveled to the USA?,,
我從來冇食過柚子。,我从来冇食过柚子。,ngo5 cung4 loi4 mou5 sik6 gwo3 jau2 zi2,ngóh chùngh lòih móuh sihk gwo yáu jí,I have never eaten pomelo fruit,,
我想試下龍眼生果。,我想试下龙眼生果。,ngo5 soeng2 si3 haa6 lung4 ngaan5 saang1 gwo2,ngóh séung si hah lùngh ngáanh sāang gwó,I would like to try longan fruit,,
你想學習哪種語言？,你想学习哪种语言？,nei5 soeng2 hok6 zaap6 naa5 zung2 jyu5 jin4?,néih séung hohk jaahp náh júng yúh yìhn?,Which language would you like to learn?,,
你早餐食乜嘢？,你早餐食乜嘢？,nei5 zou2 caan1 sik6 mat1 je5?,néih jóu chāan sihk māt yéh?,What do you eat for breakfast?,,
你今日食咗乜嘢？,你今日食咗乜嘢？,nei5 gam1 jat6 sik6 zo2 mat1 je5?,néih gām yaht sihk jó māt yéh?,What did you eat today?,,
美國菜唔好食。,美国菜唔好食。,mei5 gwok3 coi3 m4 hou2 sik6,méih gwok choi mh hóu sihk,American food is not delicious,,
我住喺波士頓以南嘅一個鐘頭車程。,我住喺波士顿以南嘅一个钟头车程。,ngo5 zyu6 hai2 bo1 si6 deon6 ji5 naam4 ge3 jat1 go3 zung1 tau4 ce1 cing4,ngóh jyuh hái bō sih deunh yíh nàamh ge yāt go jūng tàuh chē chìngh,I live one hour south of Boston,,
我住喺波士頓以南一個名叫普利茅夫嘅小鎮上。,我住喺波士顿以南一个名叫普利茅夫嘅小镇上。,ngo5 zyu6 hai2 bo1 si6 deon6 ji5 naam4 jat1 go3 ming4 giu3 pou2 lei6 maau4 fu1 ge3 siu2 zan3 soeng5,ngóh jyuh hái bō sih deunh yíh nàamh yāt go mìngh giu póu leih màauh fū ge síu jan séungh,I live one hour south of Boston in a town called Plymouth,,
開始過新生活,开始过新生活,hoi1 ci2 gwo3 san1 sang1 wut6,hōi chí gwo sān sāng wuht,Start a new life,,
重新嚟過,重新来过,cung4 san1 lai4 gwo3,chùngh sān làih gwo,Start over,,
走啦,走啦,zau2 laa1,jáu lā,Let's go / I'm leaving,,
攰到爆,累到爆,gui6 dou3 baau3,guih dou baau,Exhausted (slang),,
頂唔順,顶唔顺,ding2 m4 seon6,díng mh seunh,Can't stand it,,
咪走啦,咪走啦,mai5 zau2 laa1,máih jáu lā,Don't leave,,
浪費時間,浪费时间,long6 fai3 si4 gaan3,longh fai sìh gaan,Waste time,,
攬住你唔放,揽住你唔放,laam5 zyu6 nei5 m4 fong3,láamh jyuh néih mh fong,Hold on to you and won't let go,,
一個人唔緊要，最緊要開心,一个人唔紧要，最紧要开心,"jat1 go3 jan4 m4 gan2 jiu3, zeoi3 gan2 jiu3 hoi1 sam1","yāt go yàhn m̀h gán yiu, jeui gán yiu hōi sām",Being alone is okay,being happy is most important,
你得閒嘅時候鍾意做乜嘢愛好啊？,你得闲嘅时候钟意做乜嘢爱好啊？,nei5 dak1 haan4 ge3 si4 hau6 zung1 ji3 zou6 mat1 je5 oi3 hou2 aa1?,néih dāk hàahn ge sìh hauh jūng yi jouh māt yéh oi hóu ā?,What hobbies do you like to do in your free time?,,
我對畫畫有興趣五年。,我对画画有兴趣五年。,ngo5 deoi3 waa2 waa2 jau5 hing1 ceoi3 ng5 nin4.,ngóh deui wá wá yáuh hīng cheui ńgh nìhn.,I've been interested in drawing for five years.,,
我對音樂有興趣。,我对音乐感兴趣。,ngo5 deoi3 jam1 ngok6 jau5 hing3 ceoi3,ngóh deui yām ngohk yáuh hing cheui,I'm interested in music.,,
我從細個開始喜歡音樂。,我从细个开始喜欢音乐。,ngo5 cung4 sai3 go3 hoi1 ci2 hei2 fun1 jam1 lok6.,ngóh chùhng sai go hōi chí héi fūn yām lohk.,I've liked music since I was little.,,
你鍾意室內定係戶外活動？,你钟意室内定系户外活动？,nei5 zung1 ji3 sat1 noi6 ding6 hai6 wu6 ngoi6 wut6 dung6?,néih jūng yi sāt noih dihng haih wuh ngoih wuht duhng?,Do you prefer indoor or outdoor activities?,,
我鍾意戶外活動，比如話行山或者跑步。,我钟意户外活动，比如话行山或者跑步。,"ngo5 zung1 ji3 wu6 ngoi6 wut6 dung6, bei2 jyu4 waa6 hang4 saan1 waak6 ze2 paau2 bou6.","ngóh jūng yi wuh ngoih wuht duhng, béi yùh wah hàhng sāan waahk jé páau bouh.","I like outdoor activities, such as hiking or running",,
有冇啲以前鍾意嘅愛好而家唔再鍾意？,有冇啲以前钟意嘅爱好而家唔再钟意？,jau5 mou5 di1 ji5 cin4 zung1 ji3 ge3 oi3 hou3 ji4 gaa1 m4 zoi3 zung1 ji3?,yáuh móuh dī yíh chìhn jūng yi ge oi hou yìh gā m̀h joi jūng yi?,Are there any hobbies you used to like but don't anymore?,,
得閒嘅時候，我會同朋友去睇電影。,得闲嘅时候，我会同朋友去睇电影。,"dak1 haan4 ge3 si4 hau6, ngo5 wui5 tung4 pang4 jau5 heoi3 tai2 din6 jing2.","dāk hàahn ge sìh hauh, ngóh wúih tùhng pàhng yáuh heui tái dihn yíng.","When I have free time, I go to watch movies with friends.",,
你鍾唔鍾意你嘅城市啊？點解？,你中唔中意你嘅城市啊？点解？,nei5 zung1 m4 zung1 ji3 nei5 ge3 sing4 si5 aa1? dim2 gaai2?,néih jūng m̀h jūng yi néih ge sìhng síh ā? dím gáai?,Do you like your city? Why (or why not)?,,
因爲交通方便，所以我鍾意呢個城市。,因为交通方便，所以我钟意呢个城市。,"jan1 wai6 gaau1 tung1 fong1 bin6, so2 ji5 ngo5 zung1 ji3 ni1 go3 sing4 si5","yān waih gāau tūng fōng bihn, só yíh ngóh jūng yi nī go sìhng síh","Because the transportation is convenient, I like this city.",,
你嘅城市有乜嘢有名嘅地標或者景點？,你嘅城市有乜嘢有名嘅地标或者景点？,nei5 ge3 sing4 si5 jau5 mat1 je5 jau5 meng4 ge3 dei6 biu1 waak6 ze2 ging2 dim2,néih ge sìngh síh yáuh māt yéh yáuh mèngh ge deih bīu waahk jé gíng dím,What are the famous landmarks or attractions in your city?,,
比起其他城市，你覺得你嘅城市有乜嘢特別嘅地方？,比起其他城市，你觉得你嘅城市有乜嘢特别嘅地方？,"bei2 hei2 kei4 taa1 sing4 si5, nei5 gok3 dak1 nei5 ge3 sing4 si5 jau5 mat1 je5 dak6 bit6 ge3 dei6 fong1?","béi héi kèih tā sìhng síh, néih gok dāk néih ge sìhng síh yáuh māt yéh dahk biht ge deih fōng?","Compared to other cities, what do you think is special about your city?",,
我覺得呢度嘅文化同埋歷史好特別。,我觉得呢度嘅文化同埋历史好特别。,ngo5 gok3 dak1 ni1 dou6 ge3 man4 faa3 tung4 maai4 lik6 si2 hou2 dak6 bit6.,ngóh gok dāk nī douh ge màhn fa tùhng màaih lihk sí hóu dahk biht.,I think the culture and history here are very special.,,
你喺你嘅城市鍾意做乜嘢？,你喺你嘅城市钟意做乜嘢？,nei5 hai2 nei5 ge3 sing4 si5 zung1 ji3 zou6 mat1 je5?,néih hái néih ge sìhng síh jūng yi jouh māt yéh?,What do you like to do in your city?,,
我鍾意去街市買嘢同埋同朋友飲茶。,我钟意去街市买嘢同埋同朋友饮茶。,ngo5 zung1 ji3 heoi3 gaai1 si5 maai5 je5 tung4 maai4 tung4 pang4 jau5 jam2 caa4,ngóh jūng yi heui gāai síh máaih yéh tùngh màaih tùngh pàngh yáuh yám chàh,I like to go to the market to buy things and drink tea with friends.,,
除咗旅遊，我仲鍾意買嘢。,除咗旅游，我仲锺意买嘢。,"ceoi4 zo2 leoi5 jau4, ngo5 zung6 zung1 ji3 maai5 je5.","chèuih jó léuih yàuh, ngóh juhng jūng yi máaih yéh.","Besides travel, I also like shopping",,
我最鍾意去日本，因為嗰度嘅文化同美食好吸引。,我最中意去日本，因為嗰度嘅文化同美食好吸引。,"ngo5 zeoi3 zung1 ji3 heoi3 jat6 bun2, jan1 wai4 go2 dou6 ge3 man4 faa3 tung4 mei5 sik6 hou2 kap1 jan5.","ngóh jeui jūng yi heui yaht bún, yān wàih gó douh ge màhn fa tùhng méih sihk hóu kāp yáhn.",I like going to Japan the most because the culture and food there are really appealing.,,
你最鍾意去邊度旅遊？點解？你鐘意嗰度嘅乜嘢？,你最中意去边度旅游？点解？你钟意嗰度嘅乜嘢？,nei5 zeoi3 zung1 ji3 heoi3 bin1 dou6 leoi5 jau4？dim2 gaai2？nei5 zung1 ji3 go2 dou6 ge3 mat1 je5？,néih jeui jūng yi heui bīn douh léuih yàuh？dím gáai？néih jūng yi gó douh ge māt yéh？,Where do you like to travel the most? Why? What do you like about that place?,,
馬爾堡有好多唔同國家嘅人。,马尔堡有好多唔同国家嘅人。,maa5 ji5 bou2 jau5 hou2 do1 m4 tung4 gwok3 gaa1 ge3 jan4.,máh yíh bóu yáuh hóu dō m̀h tùhng gwok gā ge yàhn.,Marburg has people from many countries.,,
歷史遺址,历史遗址,lik6 si2 wai4 zik1,lihk sí wàih jīk,historical site,,
東邊,东边,dung1 bin6,dūng binh,east side,,
西邊,西边,sai1 bin6,sāi binh,west side,,
北邊,北边,bak1 bin6,bāk binh,north side,,
南邊,南边,naam4 bin6,nàamh binh,south side,,
上邊,上边,soeng6 bin6,seungh binh,above/on top,,
下邊,下边,haa6 bin6,hah binh,under/below,,
前邊,前边,cin4 bin6,chình binh,front,,
後邊,后边,hau6 bin6,hauh binh,back/behind,,
四個航站樓,四个航站楼,sei3 go3 hong4 zaam6 lau4,sei go hòngh jaamh làuh,4 terminals,,
我買咗一件衫,我买咗一件衫,ngo5 maai5 zo2 jat1 gin6 saam1,ngóh máaih jó yāt ginh sāam,I bought a piece of clothing,,
佢著住一條褲,佢着住一条裤,keoi5 zoek3 zyu6 jat1 tiu4 fu3,kéuih jeuk jyuh yāt tìuh fu,He is wearing a pair of pants,,
我有一對鞋,我有一对鞋,ngo5 jau5 jat1 deoi3 haai4,ngóh yáuh yāt deui hàaih,I have a pair of shoes,,
呢部手提電腦好貴,呢部手提电脑好贵,ni1 bou6 sau2 tai4 din6 nou5 hou2 gwai3,nī bouh sáu tàih dinh nóuh hóu gwai,This laptop is expensive,,
佢換咗一部新電話,佢换咗一部新电话,keoi5 wun6 zo2 jat1 bou6 san1 din6 waa2,kéuih wunh jó yāt bouh sān dinh wá,He changed to a new cellphone,,
我岩岩買咗本書,我岩岩买咗本书,ngo5 aam1 aam1 maai5 zo2 jat1 bun2 syu1,ngóh āam āam máaih jó yāt bún syū,I just bought a book,,
呢本日記寫滿咗字,呢本日记写满咗字,ni1 bun2 jat6 gei3 se2 mun5 zo2 je5,nī bún yaht gei sé múnh jó yéh,This diary is full of writing,,
巴塞隆拿,巴塞罗那,baa1 coi3,bā choi,Barcelona,,
你平時中意去邊度買嘢？,你平时中意去边度买嘢？,nei5 ping4 si4 zung1 yi3 heoi3 bin1 dou6 maai5 ye5?,néih pìhng sìh jūng yi heui bīn douh máaih yéh?,Where do you usually like to go shopping?,,
嗰度嘅選擇多啲,嗰度嘅选择多啲,go2 dou6 ge3 syun2 zaak6 do1 di1,gó douh ge syún jaahk dō dī,there are more choices,,
你最近買咗咩啊？,你最近买咗咩啊？,nei5 zeoi3 gan6/ ni1 pai2 maai5 zo2 me1 aa3?,néih jeui gahn/ nī pái máaih jó mē a?,What did you buy recently?,,
一件新T,一件新T,yat1 gin6 san1 T,yāt ginh sān T,a new T-shirt,,
一條褲,一条裤,yat1 tiu4 fu3,yāt tìuh fu,a pair of pants,,
嘢食,嘢食,ye5 sik6,yéh sihk,food,,
我最近買咗一對新鞋。,我最近买咗一对新鞋。,ngo5 zeoi3 gan6 maai5 zo2 yat1 deoi3 san1 haai4.,ngóh jeui gahn máaih jó yāt deui sān hàaih.,I recently bought a pair of new shoes.,,
你買嘢嘅時候會唔會貨比三家？,你买嘢嘅时候会唔会货比三家？,nei5 maai5 ye5 ge3 si4 hau6 wui5 m4 wui5 fo3 bei2 saam1 gaa1?,néih máaih yéh ge sìh hauh wúih m̀h wúih fo béi sāam gā?,Do you compare prices when shopping?,,
慳時間,慳时间,haan1 si4 gan3,hāan sìh gan,save time,,
慳D啦,慳D啦,haan1 di1 laa1,hāan dī lā,1. don't waste 2. knock it off!,,
我好慳,我好慳,ngo5 hou2 haan1,ngóh hóu hāan,I'm frugal,,
你中意喺網上買嘢定係實體店買嘢？,你中意喺网上买嘢定系实体店买嘢？,nei5 zung1 yi3 hai2 mong5 seong6 maai5 ye5 ding6 hai6 sat6 tai2 dim3 maai5 ye5?,néih jūng yi hái móhng seohng máaih yéh dihng haih saht tái dim máaih yéh?,Do you prefer shopping online or in physical stores?,,
方便啲,方便啲,fong1 bin6 di1,fōng binh dī,more convenient,,
着T,着T,zoek3 T,jeuk T,wear T-shirt,,
着褲,着裤,zoek3 fu3,jeuk fu,wear pants,,
你啱,你啱,nei5 ngaam1,néih ngāam,You're right,,
呢個啱我,呢个啱我,ni1 go1 ngaam1 ngo5,nī gō ngāam ngóh,This fits me,,
啱用,啱用,ngaam1 yung6,ngāam yungh,suitable to use,,
啱食,啱食,ngaam1 sik6,ngāam sihk,suitable to eat,,
啱着,啱着,ngaam1 zoek3,ngāam jeuk,suitable to wear,,
咁啱,咁啱,gam3 ngaam1,gam ngāam,happen to,,
我咁啱有件新T。,我咁啱有件新T。,ngo5 gam3 ngaam1 yau5 gin6 san1 T.,ngóh gam ngāam yáuh ginh sān T.,I happen to have a new T-shirt.,,
啱啱,啱啱,ngaam1 ngaam1,ngāam ngāam,just now,,
啱先,啱先,ngaam1 cin1,ngāam chīn,just now,,
我啱啱買咗件新T。,我啱啱买咗件新T。,ngo5 ngaam1 ngaam1 maai5 zo2 gin6 san1 T.,ngóh ngāam ngāam máaih jó ginh sān T.,I just bought a new T-shirt.,,
收埋,收埋,sau1 maai4,sāu màaih,hide (something),,
有人整壞咗我嘅電話,有人整坏咗我嘅电话,yau5 yan4 zing2 waai6 zo2 ngo5 ge3 din6 waa2,yáuh yành jíng waaih jó ngóh ge dinh wá,someone broke my phone,,
我爸爸車我去火車站,我爸爸车我去火车站,ngo5 baa1 baa1 ce1 ngo5 heoi3 fo2 ce1 zaam6,ngóh bā bā chē ngóh heui fó chē jaamh,my dad drives me to the train station,,
玩得開心啲！,玩得开心啲！,wan2 dak1 hoi1 saam1 di1!,wán dāk hōi sāam dī!,have fun!,,
家庭與職業,家庭与职业,gaa1 ting4 jyu5 zik1 jip6,gā tìngh yúh jīk yihp,family and occupation,,
你有冇兄弟姐妹？,你有冇兄弟姐妹？,nei5 jau5 mou5 hing1 dai6 zi2 mui6?,néih yáuh móuh hīng daih jí muih?,Do you have brothers or sisters?,,
兄,兄,hing1,hīng,elder brother,,
弟,弟,dai6,daih,younger brother,,
姊,姊,zi2,jí,elder sister,,
妹,妹,mui6,muih,younger sister,,
姊妹,姊妹,zi2 mui6,jí muih,sisters,,
阿哥,阿哥,aa3 go1,a gō,elder brother,,
職業,职业,zik1 jip6,jīk yihp,occupation,,
噶,噶,gaa3,ga,final particle,,
會計（師）,会计（师）,wui6 gai3 (si1),wuih gai (sī),accountant,,
運動員,运动员,wan6 dung6 jyun4,wanh dungh yùnh,athlete,,
IT工程師,IT工程师,gung1 cing4 si1,gūng chìngh sī,IT engineer,,
設計師,设计师,cit3 gai3 si1,chit gai sī,designer,,
唔鐘意,唔钟意,m4 zung1 ji3,mh jūng yi,don't like,,
系唔系,系唔系,hai6 m4 hai6,haih mh haih,is it?/are you?,,
見,见,gin3,gin,see/meet,,
放假喺屋企嘅時候,放假喺屋企嘅时候,fong3 gaa3 hai2 uk1 kei2 ge3 si4 hau6,fong ga hái wūk kéi ge sìh hauh,when on holiday at home,,
老竇,老窦,lou5 dau6,lóuh dauh,dad,,
阿仔,阿仔,aa3 zai2,a jái,son,,
過嚟,过嚟,gwo3 lai4,gwo làih,come here,,
幫手,帮手,bong1 sau2,bōng sáu,help,,
無聊,无聊,mou4 liu4,mòuh lìuh,boring,,
打機,打机,daa2 gei1,dá gēi,play video games,,
就,就,zau6,jauh,then,,
放假,放假,fong3 gaa3,fong gaa,on holiday,day off; vacation,
钟意,钟意,zung1 ji3,jūng yi,like to,,
做啲乜嘢,做啲乜嘢,zou6 mat1 je5,jouh māt yéh,do what,,
老窦,老窦,lou5 dau6,lóuh dauh,dad,,
过嚟,过嚟,gwo3 lai4,gwo làih,come here,,
帮手,帮手,bong1 sau2,bōng sáu,help,,
睡觉,睡觉,fan3 gaau3,fan gaau,sleep,,
电视,电视,din6 si6,dinh sih,TV,,
紧,紧,gan2,gán,(do)ing,,
无聊,无聊,mou4 liu4,mòuh lìuh,boring,,
间,间,gaan1,gāan,(measure word for rooms),,
打机,打机,daa2 gei1,dá gēi,play video games,,
厨房,厨房,cyu4 fong2,chyùh fóng,kitchen,,
面,面,min6,minh,noodles,,
手机,手机,sau2 gei1,sáu gēi,cell phone,,
电话,电话,din6 waa2,dinh wá,phone,,
一齐,一齐,jat1 cai4,yāt chàih,together,,
啦,啦,laa1,lā,(particle for suggestion),,
闷,闷,mun6,munh,boring,,
妈咪,妈咪,maa1 mi4,mā mìh,mum,,
平时,平时,ping4 si4,pìngh sìh,normally,,
几点起身,几点起身,gei2 dim2 hei2 san1,géi dím héi sān,what time do you get up,,
会唔会,会唔会,wui5 m4 wui5,wúih mh wúih,will or won't,,
唔想,唔想,m4 soeng2,mh séung,don't want to,,
返学,返学,faan1 hok6,fāan hohk,go to school,,
诈病,诈病,zaa3 beng6,ja bengh,pretend to be sick,,
身体健康,身体健康,san1 tai2 gin6 hong1,sān tái ginh hōng,body and health,,
唔系,唔系,m4 hai6,mh haih,otherwise/or,,
迟到,迟到,ci4 dou3,chìh dou,be late,,
身体,身体,san1 tai2,sān tái,body/health/physical,,
头,头,tau4,tàuh,head,,
痛,痛,tung3,tung,painful,,
陪,陪,pui4,pùih,accompany,,
唞,唞,tau2,táu,have a rest,,
是但,是但,si6 daan6,sih daanh,whatever/anything you want,,
头痛,头痛,tau4 tung3,tàuh tung,headache,,
睇医生,睇医生,tai2 ji1 sang1,tái yī sāng,see a doctor,,
唞下,唞下,tau2 haa5,táu háh,have some rest,,
发烧,发烧,faat3 siu1,faat sīu,fever,,
头晕,头晕,tau4 wan4,tàuh wành,dizzy,,
肚屙,肚屙,tou5 o1,tóuh ō,diarrhea,,
想呕,想呕,soeng2 au2,séung áu,feel like vomiting,,
流鼻水,流鼻水,lau4 bei6 seoi2,làuh beih séui,runny nose,,advanced body
打乞嗤,打乞嗤,daa2 hat1 ci1,dá hāt chī,sneeze,,
喉咙痛,喉咙痛,hau4 lung4 tung3,hàuh lùngh tung,sore throat,,
凤爪,凤爪,fung6 zaau2,fungh jáau,chicken feet (dim sum),,
虾饺,虾饺,haa1 gaau2,hā gáau,shrimp dumpling,,
烧卖,烧卖,siu1 maai2,sīu máai,siu mai (pork dumpling),,
饮早茶,饮早茶,jam2 zou2 caa4,yám jóu chàh,drink morning tea (yum cha),,
边,边,bin1,bīn,where,,
边度,边度,bin1 dou6,bīn douh,where (location),,
饮,饮,jam2,yám,drink,,
请,请,ceng2,chéng,treat/invite,,
数字,数字,sou3 zi6,sou jih,numbers,,
点读,点读,dim2 duk6,dím duhk,how to read/say,,
几点,几点,gei2 dim2,géi dím,what time,,
几号,几号,gei2 hou6,géi houh,what date,,
礼拜,礼拜,lai5 baai3,láih baai,week,,
号,号,hou6,houh,date/number,,
几时,几时,gei2 si4,géi sìh,when,,
上昼,上昼,soeng6 zau3,seungh jau,morning,,
上午,上午,soeng6 ng5,seungh ngh,morning,,
晏昼,晏昼,aan3 zau3,aan jau,afternoon,,
下午,下午,haa6 ng5,hah ngh,afternoon,,
晚上,晚上,maan5 soeng6,máanh seungh,night,,
早上,早上,zou2 soeng6,jóu seungh,morning,,
中午,中午,zung1 ng5,jūng ngh,noon,,
放学,放学,fong3 hok6,fong hohk,leave school,,
食晚饭,食晚饭,sik6 maan5 faan6,sihk máanh faanh,have dinner,,
瞓觉,瞓觉,fan3 gaau3,fan gaau,sleep,,
中国人,中国人,zung1 gwok3 jan4,jūng gwok yành,Chinese person,,
美国,美国,mei5 gwok3,méih gwok,America,,
美国人,美国人,mei5 gwok3 jan4,méih gwok yành,American,,
圣诞,圣诞,sing3 daan3,sing daan,Christmas,,
翻嚟,翻嚟,faan1 lai4,fāan làih,come back,,
旅行計劃,旅行计划,leoi5 hang4 gai3 waak6,léuih hàngh gai waahk,travel plan,,
打掃,打扫,daa2 sou3,dá sou,clean,,
交朋友,交朋友,gaau1 pang4 jau5,gāau pàngh yáuh,make friends,,
睇病,看病,tai2 beng6,tái bengh,see a doctor,,
付錢,付钱,fu6 cin2,fuh chín,pay money,,
開門,开门,hoi1 mun4,hōi mùnh,open door,,
關門,关门,gwaan1 mun4,gwāan mùnh,close door,,
坐車,坐车,co5 ce1,chóh chē,take a vehicle,,
上車,上车,soeng5 ce1,séungh chē,get on (vehicle),,
轉車,转车,zyun2 ce1,jyún chē,transfer (vehicle),,
慢啲,慢点,maan6 di1,maanh dī,slowly,,
祝,祝,zuk1,jūk,wish,,
聖誕快樂,圣诞快乐,sing3 daan3 faai3 lok6,sing daan faai lohk,Merry Christmas,,
年初一,年初一,nin4 co1 jat1,nình chō yāt,Lunar New Year’s Day,,
年三十,除夕,nin4 saam1 sap6,nình sāam sahp,New Year’s Eve,,
做義工,做义工,zou6 ji6 gung1,jouh yih gūng,do volunteer work,,
睇樓,看房,tai2 lau2,taí laú,house-hunting,,
嘅,嘅,ge3,ge,My book,,CantoCloze Cantonese::Cloze
有,有,jau5,yáuh,Do you have money?,,CantoCloze Cantonese::Cloze
係,系,hai6,haih,He is my friend.,,CantoCloze Cantonese::Cloze
個,个,go3,go,Three apples,,CantoCloze Cantonese::Cloze
甜,甜,tim4,tìmh,This cake is very sweet.,,CantoCloze Cantonese::Cloze
慢慢,慢慢,maan6 maan6,maanh maanh,He walks slowly.,,CantoCloze Cantonese::Cloze
日日,日日,jat6 jat6,yaht yaht,I read books every day.,,CantoCloze Cantonese::Cloze
過,过,gwo3,gwo,He is taller than me.,,CantoCloze Cantonese::Cloze
喺,喺,hai2,hái,I am at home.,,CantoCloze Cantonese::Cloze
唔,唔,m4,mh,I don't eat spicy food.,,CantoCloze Cantonese::Cloze
去,去,heoi3,heui,I will go watch a movie tomorrow.,,CantoCloze Cantonese::Cloze
畀,畀,bei2,béi,You give me money.,,CantoCloze Cantonese::Cloze
咗,咗,zo2,jó,I ate (completed action).,,CantoCloze Cantonese::Cloze
緊,紧,gan2,gán,He is reading a book.,,CantoCloze Cantonese::Cloze
要,要,jiu3,yiu,I need to go to work.,,CantoCloze Cantonese::Cloze
俾,俾,bei2,béi,The book was stolen.,,CantoCloze Cantonese::Cloze
邊個,边个,bin1 go3,bīn go,Who ate my bun?,,CantoCloze Cantonese::Cloze
唔,唔,m4,mh,Do you like to eat or not?,,CantoCloze Cantonese::Cloze
啦,啦,laa1,lā,"Alright, I'll go first!",,CantoCloze Cantonese::Cloze
呢個,呢个,ne1 go3,nē go,How do you read this character?,,CantoCloze Cantonese::Cloze
哋,哋,dei6,deih,Let's go yum cha!,,CantoCloze Cantonese::Cloze
邊度,边度,bin1 dou6,bīn douh,Where is the toilet?,,CantoCloze Cantonese::Cloze
好,好,hou2,hóu,He sings very well.,,CantoCloze Cantonese::Cloze
早抖,早抖,zou2 tau2,jóu táu,Good night!,,CantoCloze Cantonese::Cloze
從來,从来,cung4 loi4,chùngh lòih,I never eat spicy food.,,CantoCloze Cantonese::Cloze
靜過,静过,gwo3,gwo,It's quieter than a library here.,,CantoCloze Cantonese::Cloze
喺,喺,hai2,hái,The water bottle is on the table.,,CantoCloze Cantonese::Cloze
咪,咪,mi1,mī,I did say so!,,CantoCloze Cantonese::Cloze
畀,畀,bei2,béi,Put effort into studying!,,CantoCloze Cantonese::Cloze
緊,紧,gan2,gán,"It's raining, bring an umbrella!",,CantoCloze Cantonese::Cloze
俾,俾,bei2,béi,Got scammed out of money.,,CantoCloze Cantonese::Cloze
書,书,syu1,syū,"The book, I bought it.",,CantoCloze Cantonese::Cloze
係咪,系咪,hai6 mi1,haih mī,Is it to Mong Kok?,,CantoCloze Cantonese::Cloze
點,点,dim2,dím,Why aren't you coming?,,CantoCloze Cantonese::Cloze
囉,啰,lo1,lō,"Alright then, fine!",,CantoCloze Cantonese::Cloze
咩,咩,me1,mē,What did you say?,,CantoCloze Cantonese::Cloze
想,想,soeng2,séung,I want to go watch a movie.,,CantoCloze Cantonese::Cloze
俾,俾,bei2,béi,Give me a chance please!,,CantoCloze Cantonese::Cloze
行,行,hong6,hongh,Walk faster!,,CantoCloze Cantonese::Cloze
晒,晒,saai3,saai,Finish eating it!,,CantoCloze Cantonese::Cloze
咁,咁,gam3,gam,Still not sleeping at this hour?,,CantoCloze Cantonese::Cloze
頭先,头先,tau4 sin1,tàuh sīn,Where's the girl from earlier?,,CantoCloze Cantonese::Cloze
鍾意,钟意,zung1 ji3,jūng yi,I like him more.,,CantoCloze Cantonese::Cloze
拎,拎,zyu6,jyuh,Hold the bag (continuously)!,,CantoCloze Cantonese::Cloze
俾,俾,bei2,béi,(We) got seen by people!,,CantoCloze Cantonese::Cloze
咩,咩,me1,mē,What's all this noise about?,,CantoCloze Cantonese::Cloze
先,先,sin1,sīn,I'll go first!,,CantoCloze Cantonese::Cloze
呢,呢,ni1,nī,This character reads 'hou2',,CantoCloze Cantonese::Cloze
愛,爱,oi3,oi,Love and house,,CantoCloze Cantonese::Cloze
好,好,hou2,hóu,How are you?,,CantoCloze Cantonese::Cloze
我,我,ngo5,ngóh,I want to eat,,CantoCloze Cantonese::Cloze
你,你,ge3,ge,Your book,,CantoCloze Cantonese::Cloze
有,有,jau5,yáuh,Is there a problem?,,CantoCloze Cantonese::Cloze
係,系,hai6,haih,I am a student,,CantoCloze Cantonese::Cloze
張,张,zoeng1,jēung,A sheet of paper,,CantoCloze Cantonese::Cloze
靚,靓,leng3,leng,Very pretty,,CantoCloze Cantonese::Cloze
慢慢,慢慢,maan6 maan6,maanh maanh,Walk slowly,,CantoCloze Cantonese::Cloze
而家,而家,ji4 gaa1,yìh gā,What time is it now?,,CantoCloze Cantonese::Cloze
高過,高过,gou1 gwo3,gōu gwo,Taller than me,,CantoCloze Cantonese::Cloze
喺,喺,hai2,hái,Where is it?,,CantoCloze Cantonese::Cloze
唔,唔,m4,mh,I don't know,,CantoCloze Cantonese::Cloze
去,去,heoi3,heui,Go out,,CantoCloze Cantonese::Cloze
畀,畀,bei2,béi,Give me,,CantoCloze Cantonese::Cloze
咗,咗,zo2,jó,Ate dinner,,CantoCloze Cantonese::Cloze
緊,紧,gan2,gán,Watching TV,,CantoCloze Cantonese::Cloze
可以,可以,ho2 ji5,hó yíh,Is it possible?,,CantoCloze Cantonese::Cloze
俾,俾,bei2,béi,Got hit by someone,,CantoCloze Cantonese::Cloze
飯,饭,faan6,faanh,The rice was eaten,,CantoCloze Cantonese::Cloze
係唔係,系唔系,hai6 m4 hai6,haih mh haih,Is it or not?,,CantoCloze Cantonese::Cloze
點解,点解,dim2 gaai2,dím gáai,Why is that?,,CantoCloze Cantonese::Cloze
啦,啦,laa1,lā,Alright then!,,CantoCloze Cantonese::Cloze
想,想,soeng2,séung,I want to go,,CantoCloze Cantonese::Cloze
拎,拎,ling1,līng,Bring it up,,CantoCloze Cantonese::Cloze
早,早,zou2,jóu,Earlier please,,CantoCloze Cantonese::Cloze
靜過,静过,zing6 gwo3,jingh gwo,Quieter than cat,,CantoCloze Cantonese::Cloze
從,从,cung4,chùngh,From before,,CantoCloze Cantonese::Cloze
咪,咪,mai6,maih,Don't mess with it!,,CantoCloze Cantonese::Cloze
行,行,haang4,hàangh,Hike (walk mountain),,CantoCloze Cantonese::Cloze
俾,俾,bei2,béi,Give face (respect),,CantoCloze Cantonese::Cloze
住,住,zyu6,jyuh,Keep wearing first,,CantoCloze Cantonese::Cloze
會,会,wui5,wúih,Will or won't?,,CantoCloze Cantonese::Cloze
被,被,bei6,beih,Laughed at by others,,CantoCloze Cantonese::Cloze
錢,钱,cin2,chín,The money's all given,,CantoCloze Cantonese::Cloze
食,食,sik6,sihk,Eaten yet?,,CantoCloze Cantonese::Cloze
邊,边,bin1,bīn,Which place is good?,,CantoCloze Cantonese::Cloze
噃,噃,bo3,bo,Great! (emphasis),,CantoCloze Cantonese::Cloze
幫,帮,bong1,bōng,Help me take a look,,CantoCloze Cantonese::Cloze
落,落,lok6,lohk,Rained all day,,CantoCloze Cantonese::Cloze
俾,俾,bei2,béi,Got scammed,,CantoCloze Cantonese::Cloze
行,行,haang4,hàangh,Walk faster!,,CantoCloze Cantonese::Cloze
企,企,kei5,kéih,Stand here,,CantoCloze Cantonese::Cloze
咪,咪,mai6,maih,Don't mess with me!,,CantoCloze Cantonese::Cloze
衝,冲,cung1,chūng,Run red light,,CantoCloze Cantonese::Cloze
畀,畀,bei2,béi,Save-face party,,CantoCloze Cantonese::Cloze
住,住,zyu6,jyuh,Keep wearing for now,,CantoCloze Cantonese::Cloze
會,会,wui5,wúih,Will (you) come or not?,,CantoCloze Cantonese::Cloze
錢,钱,cin2,chín,The money's all yours,,CantoCloze Cantonese::Cloze
食,食,sik6,sihk,Have you eaten?,,CantoCloze Cantonese::Cloze
點,点,dim2,dím,How to leave?,,CantoCloze Cantonese::Cloze
囉,啰,lo1,lō,Fine then!,,CantoCloze Cantonese::Cloze
咪,咪,mai6,maih,Exactly!,,CantoCloze Cantonese::Cloze
想,想,soeng2,séung,Feel like crying,,CantoCloze Cantonese::Cloze
早,早,zou2,jóu,Arrive earlier,,CantoCloze Cantonese::Cloze
靜過,静过,zing6 gwo3,jingh gwo,Quieter than empty,,CantoCloze Cantonese::Cloze
由,由,jau4,yàuh,From childhood up,,CantoCloze Cantonese::Cloze
唔,唔,m4,mh,Please/Thanks,,CantoCloze Cantonese::Cloze
行,行,haang4,hàangh,Go shopping,,CantoCloze Cantonese::Cloze
畀,畀,bei2,béi,Put in effort,,CantoCloze Cantonese::Cloze
緊,紧,gan2,gán,Doing homework,,CantoCloze Cantonese::Cloze
會,会,wui5,wúih,Will catch cold,,CantoCloze Cantonese::Cloze
被,被,bei6,beih,Laughed at by people,,CantoCloze Cantonese::Cloze
飯,饭,faan6,faanh,Finished the rice,,CantoCloze Cantonese::Cloze
係,系,hai6,haih,Is it so?,,CantoCloze Cantonese::Cloze
幾,几,gei2,géi,What time opens?,,CantoCloze Cantonese::Cloze
喎,㖞,wo3,wo,Wow! (surprise),,CantoCloze Cantonese::Cloze
想,想,soeng2,séung,What do you want?,,CantoCloze Cantonese::Cloze
攞,攞,lo2,ló,Take it away,,CantoCloze Cantonese::Cloze
成,成,seng4,sèngh,Whole month,,CantoCloze Cantonese::Cloze
甜過,甜过,tim4 gwo3,tìmh gwo,Sweeter than sugar,,CantoCloze Cantonese::Cloze
喺,喺,hai2,hái,At home,,CantoCloze Cantonese::Cloze
唔,唔,m4,mh,No way!,,CantoCloze Cantonese::Cloze
去,去,heoi3,heui,Go to wet market,,CantoCloze Cantonese::Cloze
畀,畀,bei2,béi,Give a chance,,CantoCloze Cantonese::Cloze
實,实,sat6,saht,Watch closely!,,CantoCloze Cantonese::Cloze
要,要,jiu3,yiu,Must hurry,,CantoCloze Cantonese::Cloze
俾,俾,bei2,béi,Got scolded,,CantoCloze Cantonese::Cloze
書,书,syu1,syū,Finished the book,,CantoCloze Cantonese::Cloze
係,系,hai6,haih,Are you kidding?,,CantoCloze Cantonese::Cloze
點,点,dim2,dím,What's best?,,CantoCloze Cantonese::Cloze
囉,啰,lo1,lō,Great then!,,CantoCloze Cantonese::Cloze
嘅,嘅,ge3,ge,What grammatical relationship does 嘅 indicate?,,CantoCloze Cantonese::Cloze
有,有,jau5,yáuh,How should 有 be used in negative sentences?,,CantoCloze Cantonese::Cloze
係,系,hai6,haih,What type of verb is 係?,,CantoCloze Cantonese::Cloze
量詞,量词,loeng6 ci4,leungh chìh,What word class must classifiers be used with?,,CantoCloze Cantonese::Cloze
過,过,gwo3,gwo,How do 過 and 啲 divide labor in comparative sentences?,,CantoCloze Cantonese::Cloze
緊,紧,gan2,gán,What grammatical aspect does 緊 indicate?,,CantoCloze Cantonese::Cloze
左,左,zo2,jó,What grammatical function does 左 accomplish?,,CantoCloze Cantonese::Cloze
點解,点解,dim2 gaai2,dím gáai,Why does 點解 appear at the beginning of questions?,,CantoCloze Cantonese::Cloze
畀,畀,bei2,béi,How many grammatical functions does 畀 have?,,CantoCloze Cantonese::Cloze
點樣,点样,dim2 joeng2,dím yéung,How to distinguish verb suffixes?,,CantoCloze Cantonese::Cloze
點,点,dim2,dím,What can the question word 點 ask about?,,CantoCloze Cantonese::Cloze
主語,主语,zyu2 jyu5,jyú yúh,What's the usual position of subjects in Cantonese?,,CantoCloze Cantonese::Cloze
賓語,宾语,ban1 jyu5,bān yúh,What conditions require object fronting?,,CantoCloze Cantonese::Cloze
語氣助詞,语气助词,jyu5 hei3 zo6 ci4,yúh hei joh chìh,How do sentence particles affect meaning?,,CantoCloze Cantonese::Cloze
雙賓語,双宾语,soeng1 ban1 jyu5,sēung bān yúh,How are double object constructions formed?,,CantoCloze Cantonese::Cloze
被動式,被动式,bei6 dung6 sik1,beih dungh sīk,What elements must passives contain?,,CantoCloze Cantonese::Cloze
形容詞,形容词,jing4 jung4 ci4,yìngh yùngh chìh,Can adjectives directly serve as predicates?,,CantoCloze Cantonese::Cloze
持續體,持续体,zyu6,jyuh,What marks the continuous aspect?,,CantoCloze Cantonese::Cloze
否定詞,否定词,fau2 ding3 ci4,fáu ding chìh,What types of negators exist?,,CantoCloze Cantonese::Cloze
時間狀語,时间状语,si4 gaan1 zong6 jyu5,sìh gāan jongh yúh,Where are time adverbials typically placed?,,CantoCloze Cantonese::Cloze
頻率副詞,频率副词,pan4 leot6 fau3 ci4,pành leuht fau chìh,How do frequency adverbs affect verbs?,,CantoCloze Cantonese::Cloze
處所介詞,处所介词,cyu5 so2 gaai3 ci4,chyúh só gaai chìh,What are the common locative prepositions?,,CantoCloze Cantonese::Cloze
動態助詞,动态助词,dung6 taai6 zo6 ci4,dungh taaih joh chìh,How do dynamic particles modify verb meaning?,,CantoCloze Cantonese::Cloze
助動詞,助动词,zo6 dung6 ci4,joh dungh chìh,What grammatical constraints apply to auxiliaries?,,CantoCloze Cantonese::Cloze
疑問代詞,疑问代词,ji4 man6 doi6 ci4,yìh manh doih chìh,Where must interrogative pronouns appear?,,CantoCloze Cantonese::Cloze
語氣詞,语气词,jyu5 hei3 ci4,yúh hei chìh,How do final particles reflect speaker attitude?,,CantoCloze Cantonese::Cloze
比較結構,比较结构,bei2 gaau3 git3 kau3,béi gaau git kau,What are the two basic comparative forms?,,CantoCloze Cantonese::Cloze
完成體,完成体,zo2,jó,Can the perfective marker be omitted?,,CantoCloze Cantonese::Cloze
領屬結構,领属结构,ge3,ge,Must possessive constructions use 嘅?,,CantoCloze Cantonese::Cloze
存在句,存在句,jau5,yáuh,What's the basic structure of existential sentences?,,CantoCloze Cantonese::Cloze
動補結構,动补结构,dung6 bou2 git3 kau3,dungh bóu git kau,How do verb-complement structures affect word order?,,CantoCloze Cantonese::Cloze
話題化,话题化,waa6 tai4 faa3,wah tàih fa,How does topicalization alter basic word order?,,CantoCloze Cantonese::Cloze
正反問句,正反问句,zing3 faan2 man6 geoi3,jing fáan manh geui,What are the formation rules for A-not-A questions?,,CantoCloze Cantonese::Cloze
雙及物動詞,双及物动词,soeng1 kap6 mat6 dung6 ci4,sēung kahp maht dungh chìh,What grammatical features do ditransitive verbs have?,,CantoCloze Cantonese::Cloze
被動標記,被动标记,bei6 dung6 biu1 gei3,beih dungh bīu gei,What types of passive markers exist?,,CantoCloze Cantonese::Cloze
形容詞重疊,形容词重叠,jing4 jung4 ci4 cung4 dip6,yìngh yùngh chìh chùngh dihp,What grammatical meaning does adjective reduplication convey?,,CantoCloze Cantonese::Cloze
時量補語,时量补语,si4 loeng6 bou2 jyu5,sìh leungh bóu yúh,How do duration complements express time spans?,,CantoCloze Cantonese::Cloze
趨向補語,趋向补语,ceoi1 hoeng3 bou2 jyu5,chēui heung bóu yúh,How do directional complements indicate movement?,,CantoCloze Cantonese::Cloze
可能補語,可能补语,ho2 nang4 bou2 jyu5,hó nàngh bóu yúh,What's the negative form of potential complements?,,CantoCloze Cantonese::Cloze
疑問語氣,疑问语气,ji4 man6 jyu5 hei3,yìh manh yúh hei,What are the ways to express interrogative mood?,,CantoCloze Cantonese::Cloze
處置式,处置式,cyu2 zi6 sik1,chyú jih sīk,What's the grammatical marker of disposal constructions?,,CantoCloze Cantonese::Cloze
程度副詞,程度副词,cing4 dou6 fau3 ci4,chìngh douh fau chìh,How do degree adverbs modify adjectives?,,CantoCloze Cantonese::Cloze
頻度副詞,频度副词,pan4 dou6 fau3 ci4,pành douh fau chìh,What are the positional rules for frequency adverbs?,,CantoCloze Cantonese::Cloze
動貌助詞,动貌助词,dung6 maau6 zo6 ci4,dungh maauh joh chìh,How do aspect particles indicate action phases?,,CantoCloze Cantonese::Cloze
並列連詞,并列连词,bing6 lip6 lin4 ci4,bingh lihp lình chìh,What grammatical constraints apply to conjunctions?,,CantoCloze Cantonese::Cloze
關聯副詞,关联副词,gwaan1 lyun4 fau3 ci4,gwāan lyùnh fau chìh,How do correlative adverbs link clauses?,,CantoCloze Cantonese::Cloze
比字句,比字句,bei2 zi6 geoi3,béi jih geui,What's the difference between 比 and 過 comparatives?,,CantoCloze Cantonese::Cloze
動趨式,动趋式,dung6 ceoi1 sik1,dungh chēui sīk,What are the compounding rules for directional complements?,,CantoCloze Cantonese::Cloze
傳信範疇,传信范畴,cyun4 seon3 faan6 mau4,chyùnh seun faanh màuh,How do particles convey evidentiality?,,CantoCloze Cantonese::Cloze
祈使句,祈使句,kei4 si2 geoi3,kèih sí geui,How are negative imperatives formed?,,CantoCloze Cantonese::Cloze
話題鏈,话题链,waa6 tai4 cin6,wah tàih chinh,How do topic chains affect discourse structure?,,CantoCloze Cantonese::Cloze
語體助詞,语体助词,jyu5 tai2 zo6 ci4,yúh tái joh chìh,How do style particles distinguish formal and colloquial registers?,,CantoCloze Cantonese::Cloze
複合趨向補語,复合趋向补语,fuk1 hap6 ceoi1 hoeng3 bou2 jyu5,fūk hahp chēui heung bóu yúh,What's the internal structure of compound directional complements?,,CantoCloze Cantonese::Cloze
語氣副詞,语气副词,jyu5 hei3 fau3 ci4,yúh hei fau chìh,What's the focusing function of modal adverbs?,,CantoCloze Cantonese::Cloze
名物化,名物化,ming4 mat6 faa3,mìngh maht fa,What types of nominalization structures exist?,,CantoCloze Cantonese::Cloze
問問,问问,man⁶ man⁶,mahn mahn,"R.F.
pose a question",interrogate,
小,小,siu²,síu,"NOUN
1	little ones","children
2	DATED
concubine
ADJECTIVE
1	small; little; petty; minor (opp. 大)
2	young (opp. 大, 老)
3	the last in order of seniority; youngest
4	[before names of animals to indicate the young]
5	[before family name, given name, etc.]
6	SELF-DEPRECATING
my; our
ADVERB
of short duration; for a while",
王,王,wong⁴,wòhng,"NOUN
1	king","monarch; emperor
2	duke; prince
3	chieftain; head; ringleader
4	best or strongest of its kind
5	(Wáng)
a surname
ADJECTIVE
DATED
grand; great",
問,问,man⁶,mahn,"VERB
1	ask","inquire (opp. 答)
2	ask (or inquire) after
3	interrogate; examine
4	hold responsible; intervene
5	CHINESE MEDICINE
(one of the four methods of diagnosis) interrogate
PREPOSITION
ask (sb.) for sth.
NOUN
1	LITERARY
message; letter; news
2	question",
小李,小李,siu² lei⁵,síu léih,"N., TOPO.
petty thief",pickpocket,
一个,一个,jat¹ go³,yāt go,One;a/an,,
問題,问题,man⁶ tai⁴,mahn tàih,"NOUN
1	question","problem; issue
2	problem; contradiction; issue
3	key; crucial point
4	trouble; mishap",
他,他,taa¹,tā,"PRONOUN
1	he","him; his
2	[for either sex when it is either unknown or unimportant]
3	[before or after a person's name for emphasis]
4	[used as a meaningless object, for emphasis or in fun]
5	USUALLY LITERARY
other; another; some other
NOUN
(Tā)
a surname",
在,在,zoi⁶,joih,"VERB
1	exist","be alive
2	be at, in, or on (a place)
3	depend on; rest with
4	lie in; consist in
5	join or belong to an organization; be a member of an organization
6	be on the job or at the post
PREPOSITION
1	at, in, or on (a place or time)
2	according to; in terms of
ADVERB
1	[indicating action in progress]
2	[used together with 所 (suǒ) and often followed by 不 (bù) to indicate emphasis]",
吃,吃,hek³,hek,"VERB
1	eat","take
2	have one's meals; eat somewhere
3	live on (or off)
4	annihilate; wipe out
5	exhaust; be a strain on
6	absorb; soak up
7	suffer; bear; incur
PREPOSITION
VARIANT OF 被
[used in a passive structure to introduce either the doer of the action, or the action alone] by
ADJECTIVE
stammer; stutter",
什麼,什么,sam⁶ mo¹,sahm mō,"PRONOUN
1	[before a noun or by itself] what
2	something","anything
3	[before 也 or 都] any; every
4	[used correlatively with another 什麼] whatever
5	[expressing anger, surprise, censure or negation]
6	[expressing disapproval or disagreement]
7	things like; such as; and so on; and what not",
說,说,syut³,syut,"VERB
1	speak","talk; say
2	explain
3	scold
4	act as matchmaker
5	refer to; indicate
NOUN
theory; teachings; doctrine",
蘋果,苹果,ping⁴ gwo²,pìhng gwó,"NOUN
apple (the tree and its fruit)",,
請,请,cing²,chíng,"VERB
1	request","ask
2	invite; engage
3	COURTEOUS
please
4	DATED
buy holy sacrificial things, such as joss sticks, candles, paper horses and Buddha shrines",
也,也,jaa⁵,yáh,"AUXILIARY
CLASSICAL
1	[at the end of a sentence, indicating an explanation or a judgment]
2	[at the end of a question or rhetorical question]
3	[in the middle of a sentence, marking off a sentence element about which there is to be a statement]
ADVERB
1	also","too; as well; either
2	[for emphasis, often before a negative expression]
3	[used correlatively with 雖然, 即使, etc.] still; yet
4	[in a hesitant or guarded statement]",
很,很,han²,hán,"ADVERB
very",very much; quite,
客氣,客气,haak³ hei³,haak hei,"ADJECTIVE
1	polite","courteous
2	modest
VERB
make polite remarks or act politely; be polite; be courteous",
謝謝,谢谢,ze⁶ ze⁶,jeh jeh,"VERB
thank",,
不客氣,不客气,bat¹ haak³ hei³,bāt haak hei,"COMMON PHRASE POLITE EXPRESSION
1	you're welcome","don't mention it; not at all
2	[used to decline an offer] please don't bother; no, thanks
ADJECTIVE
1	impolite; rude; blunt
2	candid; frank; straightforward",
大家好,大家好,daai⁶ gaa¹ hou²,daaih gā hóu,"It is a greeting word, ""hi everybody""",,
你們,你们,nei⁵ mun⁴,néih mùhn,"PRONOUN
1	you [second person plural]
2	COLLOQUIAL
[in the same way as 你 1 2]",,
知道,知道,zi¹ dou³,jī dou,"VERB
know",realize; aware of,
是,是,si⁶,sih,"VERB
1	[used like “be” before nouns or pronouns to identify, describe or amplify the subject]
2	[after nouns denoting place or position to express existence]
3	[with 的 at the end of the sentence, to indicate category, characteristic, etc.]
4	[emphasizing a certain part of a sentence]
a [before the subject to stress it]
b [after a verb or adjective plus 的, to stress the predicate]
c [before the object, adverbial, etc. to be stressed]
d [pronounced with stress","indicating certainty]
5	be just right
6	[before nouns at the beginning of the sentence, followed by 都 or 就] every; all; any
7	[between two identical words]
a [used together with 就 or 總 to indicate actuality]
b [in a clause of concession]
c [in two parallel clauses to indicate mutual exclusiveness]
d [in two or three parallel clauses to indicate thoroughness or excellence of performance]
8	[in yes-no questions]
9	[in alternative questions]
VERB
1	[in affirmative answers] yes; right
2	LITERARY
praise; justify
ADJECTIVE
correct; right
NOUN
right (opp. 非)
PRONOUN
LITERARY
this; that",
誰,谁,seoi⁴,sèuih,"(shuí)
PRONOUN
1	who
2	[in rhetorical questions] who
3	someone","anyone
4	[before 都 or 也] everyone; anyone
5	[repeated in two phrases] whoever
6	[as both subject and object to indicate two different people]",
嗎,吗,maa¹,mā,"AUXILIARY
1	[at the end of a question]
2	[as a pause in a sentence before introducing the main point]
3	[at the end of a rhetorical question]",,
天,天,tin1,tīn,sky,,
人,人,yan4,yành,person,,
回,回,wui4,wùih,to return,,
土,土,tou2,tóu,earth,,
子,子,zi2,jí,child,,
甲,甲,gaap3,gaap,first,,
男,男,naam4,nàamh,male,,
家,家,gaa1,gā,home,,
看,看,hon3,hon,to look,,
通,通,tung1,tūng,to go through,,
錢,钱,cin2,chín,money,,
喝,喝,hot3,hot,to drink (formal),,
水,水,seoi2,séui,water,,
酒,酒,zau2,jáu,alcohol,,
是,是,si6,sih,to be,,
去,去,heoi3,heui,to go,,
菜,菜,coi3,choi,vegetable,,
工,工,gung1,gūng,work,,
心,心,sam1,sām,heart,,
如何,如何,jyu⁴ ho⁴,yùh hòh,"PRONOUN
USUALLY LITERARY
how","what
ADVERB
VARIANT OF 何如1
CLASSICAL
how about",
提示,提示,tai⁴ si⁶,tàih sih,"1	to point out
2	to remind (sb of sth)
3	to suggest
4	suggestion
5	tip
6	reminder
7	notice",,
更新,更新,gang¹ san¹,gāng sān,"1	to replace the old with new
2	to renew
3	to renovate
4	to upgrade
5	to update
6	to regenerate",,
成功,成功,sing⁴ gung¹,sìhng gūng,"1	to succeed
2	success
3	successful",fruitful,
遊戲,游戏,jau⁴ hei³,yàuh hei,"1	game
M: chǎng [場]
2	to play",,
即將,即将,zik¹ zoeng¹,jīk jēung,about to,on the point of; soon,
重新啟動,重新启动,cung⁴ san¹ kai² dung⁶,chùhng sān kái duhng,to reboot,to restart,
確認,确认,kok³ jing⁶,kok yihng,"1	to confirm
2	to verify
3	confirmation",,
匹克球,匹克球,null,null,(loanword) pickleball,,
你,你,nei⁵,néih,"PRONOUN
1	you [second person singular]
2	you [second person plural]
3	[referring to any person] you","one; anyone
4	[with 我 or 他 in parallel structures to indicate several or many people behaving the same way]",
男朋友,男朋友,naam⁴ pang⁴ jau⁵,nàahm pàhng yáuh,"NOUN
1	boyfriend
2	male friend",,
高,高,gou¹,gōu,"ADJECTIVE
1	tall","high (opp. 低)
2	of a high level (or degree); above the average (opp. 低)
3	loud; high-pitched
4	high-priced; dear; expensive; costly
5	COURTEOUS
your
6	CHEMISTRY
containing one more oxygen atom in an acid or a chemical compound
NOUN
1	height; attitude
2	(Gāo)
a surname",
狠,狠,han²,hán,"ADJECTIVE
1	ruthless","relentless
2	firm; resolute; severe
VERB
harden (the heart); suppress (one's feelings)
DATED
VARIANT OF 很
ADVERB
very; very much; quite",
帥,帅,seoi³,seui,"NOUN
1	commander in chief
2	commander in chief, the chief piece in Chinese chess
3	(Shuài)
a surname
ADJECTIVE
1	beautiful","graceful; smart; dashing
2	handsome; elegant",
但是,但是,daan⁶ si⁶,daahn sih,"CONJUNCTION
but",yet; still; nevertheless,
雞雞,鸡鸡,gai¹ gai¹,gāi gāi,penis (childish),,
像,像,zoeng⁶,jeuhng,"NOUN
1	likeness (of sb.)","portrait; picture; statue
2	PHYSICS
image
VERB
1	be like; resemble; take after
2	such as; like
ADVERB
look as if; seem",
你的,你的,nei⁵ dik¹,néih dīk,your,,
小拇指,小拇指,siu² mou⁵ zi²,síu móuh jí,"NOUN
1	little finger
2	little toe",,
一樣,一样,jat¹ joeng⁶,yāt yeuhng,"ADJECTIVE
same",alike; as...as...,
孩,孩,haai⁴,hàaih,"NOUN
child",,
怎麼辦,怎么办,zam² mo¹ baan⁶,jám mō baahn,what's to be done,,
奔跑,奔跑,ban¹ paau²,bān páau,"VERB
run",,
吧,吧,baa¹,bā,"AUXILIARY
1	[indicating a suggestion, request or mild command]
2	[indicating consent or approval]
3	[in a leading question which asks for confirmation of a supposition]
4	[indicating some doubt in the speaker's mind]
5	[marking a pause after suppositions as alternatives]",,
完全,完全,jyun⁴ cyun⁴,yùhn chyùhn,"ADJECTIVE
complete","whole
ADVERB
completely; fully; wholly; entirely; absolutely",
是為,是为,si⁶ wai⁴,sih wàih,"V.P., WR.
it is",this is,
這個,这个,ze² go³,jé go,"PRONOUN
1	this one","this
2	COLLOQUIAL
[before a verb or adjective to give force to it] so; such
3	[repeated to show hesitation]",
鼻,鼻,bei⁶,beih,"NOUN
1	nose
2	pointed end of an object",,
嘎,嘎,gaa¹,gā,"ONOMATOPOEIA
crack","snap; creak; quack; screech; a loud, high-pitched sound",
看,看,hon³,hon,"VERB
1	see","look at; watch
2	read (silently)
3	think; consider; judge
4	look upon; regard
5	see (or consult) (a doctor); treat (a patient or an illness)
6	look after
7	call on; visit; see
8	depend on; rely on; fall back on
9	mind; watch out
10	[before some verbs or adjectives] tend to; be expected
AUXILIARY
1	[after a reduplicated verb or a verb phrase] try and see (what happens)
2	[in exclamations to express surprise or rebuke, esp. in the phrase 看你 or 你看你]",
的,的,dik¹,dīk,"AUXILIARY
1	[after an attribute]
2	[forming a noun phrase or nominal expression]
3	[after a verb or between a verb and its object to stress an element of the sentence]
4	[at the end of a declarative sentence for emphasis]
5	[expressing the idea of “of that kind”]
VARIANT OF 得 dé 3
VERB
fit",suit,
大,大,daai⁶,daaih,"ADJECTIVE
1	big","large; great (opp. 小)
2	heavy (rain, etc.); strong (wind, etc.) (opp. 小)
3	loud (opp. 小)
4	general; main; major
5	(of age, usu. of a child or youth) old (opp. 小)
6	eldest
7	COURTEOUS
your
ADVERB
1	greatly; fully
2	in a big way; on a big (or large) scale; with all-out efforts; vigorously
3	[before a time word, etc. to show emphasis]
NOUN
DIALECT
1	father
2	father's brother; uncle",
萌,萌,mang⁴,màhng,"NOUN
bud","sprout; shoot
VERB
1	(of plants) sprout; shoot forth; bud; germinate
2	start; spring up; occur
3	LITERARY
hoe
VARIANT OF 氓 méng
NOUN
ARCHAIC
common people",
啦,啦,laa¹,lā,"AUXILIARY
[fusion of 了and 啊]",,
個,个,go³,go,"MEASURE WORD
1	[before nouns without special measure words of their own]
2	[used to replace certain measure words]
3	[before an approximate number]
4	[between a verb and its object]
5	[between a verb and its complement]
6	[after 一 in certain phrases to indicate suddenness]
ADJECTIVE
1	individual
2	COLLOQUIAL
of strong character
AFFIX
1	[after 些]
2	DIALECT
[after 昨兒, 今兒, 明兒, etc.]",,
新,新,san¹,sān,"ADJECTIVE
1	new","fresh; up-to-date (opp. 老, 舊)
2	brand new; unused (opp. 舊)
3	recently married or just being married
ADVERB
newly; freshly; recently
NOUN
1	(Xīn)
Xin Dynasty (8-23 AD, between the Western Han and the Eastern Han)
2	(Xīn)
a surname
3	the new",
訊息,讯息,seon³ sik¹,seun sīk,"1	information","news; message
2	text message; SMS",
小時,小时,siu² si⁴,síu sìh,"NOUN
hour",,
已,已,ji⁵,yíh,"VERB
LITERARY
stop","cease; end
ADVERB
1	already (opp. 未)
2	LITERARY
too
3	LITERARY
thereafter; afterwards",
回覆,回覆,wui⁴ fuk¹,wùih fūk,"1	to reply (by letter, email etc)
2	reply",answer,
限時,限时,haan⁶ si⁴,haahn sìh,"VERB
set a time limit (or deadline)",,
勤,勤,kan⁴,kàhn,"ADJECTIVE
1	diligent","industrious; hardworking (opp. 懶, 惰)
2	frequent; regular; constant
NOUN
1	(office, school, etc.) attendance
2	(Qín)
a surname",
態,态,taai³,taai,"NOUN
1	form","appearance; condition
2	PHYSICS
state
3	LINGUISTICS
voice",
對,对,deoi³,deui,"NOUN
antithetical couplet","couplet
VERB
1	answer; reply
2	treat; cope with; counter
3	train on; direct at
4	bring (two things) into contact; fit together
5	suit; agree; get along
6	compare; check; identify; verify
7	set; adjust
8	mix; add
9	divide into halves
ADJECTIVE
1	opposite; opposing
2	right; correct
ADVERB
mutual; face to face
PREPOSITION
with regard to; concerning
MEASURE WORD
pair; couple",
勳,勋,fan¹,fān,"NOUN
merit",meritorious service; achievement,
表達,表达,biu² daat⁶,bíu daaht,"VERB
express",convey; voice,
芝,芝,zi¹,jī,"NOUN
1	ARCHAIC
magic fungus—glossy ganoderma
2	ARCHAIC
root of Dahurian angelica
3	(Zhī)
a surname",,
茵,茵,jan¹,yān,"NOUN
mattress",,
天,天,tin¹,tīn,"NOUN
1	sky","heaven
2	overhead
3	day
4	period of time in a day
5	season
6	weather
7	nature
8	God; Heaven
9	heaven; paradise
ADJECTIVE
natural; inborn; innate",
詢問,询问,seon¹ man⁶,sēun mahn,"VERB
ask (or inquire) about",interrogate,
或,或,waak⁶,waahk,"ADVERB
1	perhaps","maybe; probably
2	LITERARY
[usu. in the negative] a little; a bit; slightly
CONJUNCTION
or; either... or...
PRONOUN
LITERARY
someone; some people",
搜尋,搜寻,sau² cam⁴,sáu chàhm,"VERB
search for",look for; hunt for; seek,
咋,咋,zaa3,jā,only,just; that's all,
嘛,嘛,maa3,māa,particle: obvious / of course,,
喎,喎,wo3,wó,particle: hearsay / mild surprise,,
囉喎,囉喎,lo3 wo3,lō wó,"particle combo: resigned surprise / ""oh is that so""",,
即係,即系,zik1 hai6,jīk haih,that is to say,meaning; so,
即管,即管,zik1 gun2,jīk gún,go right ahead,feel free to; just do it,
幅,幅,fuk1,fūk,"classifier for pictures, paintings, cloth",,
粒,粒,lap1,lāp,classifier for small round objects,,
藥,药,joek6,yeuhk,medicine,medication,
過敏,过敏,gwo3 man5,gwo máhn,allergy,allergic reaction,
興奮,兴奋,hing1 fan5,hīng fahn,excited,thrilled,
失望,失望,sat1 mong6,sāt mohng,disappointed,let down,
上班,上班,soeng5 baan1,séuhng bāan,go to work,be at work,
出糧,出粮,ceot1 loeng4,chēut lèuhng,get paid,payday,
薪金,薪金,san1 gam1,sān gām,salary,wages,
人工,人工,jan4 gung1,yàhn gūng,salary,wages (colloquial HK),
請假,请假,cing2 gaa3,chéng gaa,take leave,request time off,
鴛鴦,鸳鸯,jyun1 joeng1,yūen yēung,yuenyeung,coffee + milk tea mix,
魚蛋,鱼蛋,jyu2 daan2,yú dáan,fish ball,,
菠蘿包,菠萝包,bo1 lo4 baau1,bō lòh bāau,pineapple bun,bolo bao,
雞蛋仔,鸡蛋仔,gai1 daan6 zai2,gāi daahn jái,egg waffle,bubble waffle,
靚湯,靓汤,leng3 tong1,léhng tōng,slow-cooked soup,nourishing soup,
走冰,走冰,zau2 bing1,jáu bīng,no ice (when ordering drinks),,
少甜,少甜,siu2 tim4,síu tìhm,less sweet (drink order),,
打風,打风,daa2 fung1,dá fūng,typhoon,it's stormy,
隔籬,隔邻,gaak3 lei4,gaak lèih,next door,neighboring,
轉角,转角,zyun3 gok3,jyun gok,corner,turn the corner,
找錢,找钱,zaau2 cin2,jáau chín,give change,make change,
收據,收据,sau1 geoi3,sāu geui,receipt,,
折扣,折扣,zit3 kau3,jit kau,discount,,
大廈,大厦,daai6 haa6,daaih hah,building,block of flats; tower,
打卡,打卡,daa2 kaat1,dá kāat,clock in,check in; post on social media,
靚相,靓相,leng3 zoeng2,léhng jéung,nice photo,good-looking photo,
劏房,劏房,tong1 fong4,tōng fòhng,subdivided flat,partitioned unit,
公屋,公屋,gung1 uk1,gūng ūk,public housing estate (HK),,HK advanced
電梯,电梯,din6 tik1,dihn tīk,elevator,lift,
業主,业主,jip6 zyu2,yihp jyú,landlord,property owner,
租客,租客,zou1 haak3,jōu haak,tenant,renter,
直情,直情,zik6 cing4,jihk chìhng,simply,just; outright; absolutely,
搞笑,搞笑,gaau2 siu3,gáau siu,funny,ridiculous; joking around,
勁,劲,ging6,gihng,impressive,awesome; intense; very,
無謂,无谓,mou4 wai6,móuh waih,pointless,unnecessary; no need,
係噉意,系噉意,hai6 gam2 ji3,haih gám yi,token gesture,perfunctory; just for show,
即刻,即刻,zik1 hak1,jīk hāak,immediately,right away; at once,
跟住,跟住,gan1 zyu6,gān jyuh,then,next; following that,
唔知點解,唔知点解,m4 zi1 dim2 gaai2,m̀h jī dím gáai,for some reason,I don't know why,
郊野公園,郊野公园,gaau1 je5 gung1 jyun2,gāau yéh gūng yún,country park,,
毫子,毫子,hou4 zi2,hòuh jí,10 cents,dime (HK),
諗,谂,nam2,nam,to think / to consider (Cantonese),,advanced
諗法,谂法,nam2 faat3,nam faat,thought / opinion / view,,advanced
諗通,谂通,nam2 tung1,nam tung,to work out mentally / come to terms with,,advanced
傾,倾,king1,king,to chat / discuss (Cantonese),,advanced
傾偈,倾偈,king1 gai2,king gai,to have a chat (Cantonese),,advanced
偈,偈,gai2,gai,chat / conversation (Cantonese informal),,advanced
噏,噏,ap1,ap,to jabber / mutter / say carelessly,,advanced
亂噏,乱噏,lyun6 ap1,lyun ap,to talk nonsense / ramble,,advanced
吹水,吹水,ceoi1 seoi2,cheui seui,to boast / chat idly / shoot the breeze (Cantonese),,advanced
車大炮,车大炮,ce1 daai6 paau3,che daai paau,to talk rubbish / bluff (Cantonese),,advanced
打牙骹,打牙骹,daa2 ngaa4 gaau3,da nga gaau,to chat / gossip / jaw (Cantonese),,advanced
揸,揸,zaa1,ja,to hold / grip / drive (Cantonese),,advanced
揸車,揸车,zaa1 ce1,ja che,to drive a car (Cantonese),,advanced
泊車,泊车,paak3 ce1,paak che,to park a car (Cantonese),,advanced
執,执,zap1,jap,to pick up / tidy / pack (Cantonese),,advanced
執嘢,执嘢,zap1 je5,jap ye,to pack things / tidy up,,advanced
執生,执生,zap1 sang1,jap sang,to improvise / adapt on the fly (Cantonese),,advanced
掉,掉,diu6,diu,to throw away / discard (Cantonese),,advanced
甩,甩,lat1,lat,to slip off / drop / fall off (Cantonese),,advanced
甩底,甩底,lat1 dai2,lat dai,to ditch / flake on plans / let someone down (Cantonese),,advanced
跌,跌,dit3,dit,to fall / drop / tumble,,advanced
撞,撞,zong6,jung,to collide / bump into,,advanced
插,插,caap3,chaap,to insert / plug in,,advanced
拔,拔,bat6,bat,to pull out / extract,,advanced
掌,掌,zoeng2,jeung,to manage / be in charge of,,advanced
追,追,zeoi1,jeui,to chase / pursue,,advanced
躲,躲,do2,do,to hide / dodge,,advanced
避,避,bei6,bei,to avoid / evade,,advanced
搶,搶,coeng2,cheung,to snatch / grab / rush to do,,advanced
讓,让,joeng6,yeung,to let / yield / allow,,advanced
唔理,唔理,m4 lei5,m lei,to ignore / not care about,,advanced
打工,打工,daa2 gung1,da gung,to work as an employee / be a wage earner,,advanced work
打工仔,打工仔,daa2 gung1 zai2,da gung jai,worker / salary man (Cantonese),,advanced work
老細,老细,lou5 sai3,lou sai,boss / employer (Cantonese informal),,advanced work
上司,上司,soeng6 si1,sheung si,superior / supervisor,,advanced work
下屬,下属,haa6 suk6,ha suk,subordinate,,advanced work
同事,同事,tung4 si6,tung si,colleague / coworker,,advanced work
客戶,客户,haak3 wu6,haak wu,client / customer (formal),,advanced work
炒魷魚,炒鱿鱼,caau2 jau4 jyu2,chaau yau yu,to be fired / to fire someone (lit. stir-fry squid),,advanced work
出糧,出粮,ceot1 loeng4,cheut leung,payday / to pay salary (Cantonese),,advanced work
搵食,搵食,wan2 sik6,wan sik,to earn a living (Cantonese),,advanced work
撈,撈,laau1,laau,to work in / be in (an industry) (Cantonese),,advanced work
會議,会议,wui2 ji5,wui yi,meeting,,advanced work
簡報,简报,gaan2 bou3,gaan bou,briefing / presentation / report,,advanced work
截止日期,截止日期,zit3 zi2 jat6 gei1,jit ji yat gei,deadline,,advanced work
合同,合同,hap6 tung4,hap tung,contract,,advanced work
加薪,加薪,gaa1 san1,ga san,pay raise / salary increase,,advanced work
升職,升职,sing1 zik1,sing jik,promotion (at work),,advanced work
劏房,劏房,tong1 fong2,tong fong,subdivided flat / partitioned room (HK housing issue),,advanced HK
居屋,居屋,geoi1 uk1,geui uk,subsidized sale flat (HK),,advanced HK
私樓,私楼,si1 lau2,si lau,private residential building,,advanced HK
業主,业主,jip6 zyu2,yip jyu,landlord / property owner,,advanced HK
租客,租客,zou1 haak3,jou haak,tenant / renter,,advanced HK
交租,交租,gaau1 zou1,gaau jou,to pay rent,,advanced HK
按金,按金,on3 gam1,on gam,security deposit,,advanced HK
樓市,楼市,lau4 si5,lau si,property market,,advanced HK
上車,上车,soeng5 ce1,sheung che,to buy first property (Cantonese: get on property ladder),,advanced HK
身份證,身份证,san1 fan6 zing3,san fan jing,identity card (HKID),,advanced official
簽證,签证,cim1 zing3,chim jing,visa,,advanced official
居留權,居留权,geoi1 lau4 kyun4,geui lau kyun,right of abode,,advanced official
永久居民,永久居民,wing5 gau2 geoi1 man4,wing gau geui man,permanent resident,,advanced official
入境,入境,jap6 ging2,yap ging,immigration / entry (into a country),,advanced official
海關,海关,hoi2 gwaan1,hoi gwaan,customs (border control),,advanced official
罰款,罚款,fat6 fun2,fat fun,fine / monetary penalty,,advanced official
違例,违例,wai4 lai6,wai lai,to violate a rule / illegal,,advanced official
嬲,嬲,nau1,nau,angry (Cantonese),,advanced emotion
嬲爆,嬲爆,nau1 baau3,nau baau,furious / explode with anger (Cantonese),,advanced emotion
激氣,激气,gik1 hei3,gik hei,infuriating / enraging (Cantonese),,advanced emotion
心翳,心翳,sam1 ai3,sam ai,depressed / oppressed feeling (Cantonese),,advanced emotion
心淡,心淡,sam1 taam5,sam taam,disillusioned / lost interest (Cantonese),,advanced emotion
心郁郁,心郁郁,sam1 juk6 juk6,sam yuk yuk,heart fluttering / tempted / moved,,advanced emotion
肉緊,肉紧,juk6 gan2,yuk gan,tense / anxious / excited (Cantonese),,advanced emotion
好鬼煩,好鬼烦,hou2 gwai2 faan4,hou gwai faan,damn annoying (Cantonese emphatic),,advanced emotion
頹,颓,teoi4,teui,dejected / slack / in a rut (Cantonese),,advanced emotion
廢,废,fai3,fai,useless / hopeless (Cantonese informal),,advanced emotion
甘心,甘心,gam1 sam1,gam sam,willing / to resign oneself to,,advanced emotion
唔甘心,唔甘心,m4 gam1 sam1,m gam sam,unwilling / not willing to accept,,advanced emotion
擔心,担心,daam1 sam1,daam sam,to worry / be concerned,,advanced emotion
放心,放心,fong3 sam1,fong sam,to relax / stop worrying,,advanced emotion
委屈,委屈,wai2 kut1,wai kut,to feel wronged / aggrieved,,advanced emotion
後悔,后悔,hau6 fui3,hau fui,to regret,,advanced emotion
八卦,八卦,baat3 gwaa3,baat gwa,gossipy / nosy / to gossip,,advanced personality
八婆,八婆,baat3 po4,baat po,gossipy woman / busybody (derogatory),,advanced personality
多口,多口,do1 hau2,do hau,to say too much / be nosy,,advanced personality
口多多,口多多,hau2 do1 do1,hau do do,talks too much / loudmouth,,advanced personality
硬頸,硬颈,ngaang6 geng2,ngaang geng,stubborn / stiff-necked (Cantonese),,advanced personality
拗頸,拗颈,aau3 geng2,aau geng,to argue for the sake of it / be contrary (Cantonese),,advanced personality
賴皮,赖皮,laai6 pei4,laai pei,to shirk responsibility / be shameless,,advanced personality
死撐,死撑,sei2 caang3,sei chaang,to insist stubbornly / defend to the end,,advanced personality
扮嘢,扮嘢,baan3 je5,baan ye,to show off / pretend / put on airs,,advanced personality
扮野,扮野,baan3 je5,baan ye,(alt. writing) to show off / act,,advanced personality
馬虎,马虎,maa5 fu2,ma fu,careless / sloppy / so-so,,advanced personality
心散,心散,sam1 saan3,sam saan,easily distracted / unfocused,,advanced personality
眼淺,眼浅,ngaan5 cin2,ngaan chin,easily moved to tears / emotionally sensitive,,advanced personality
識做,识做,sik1 zou6,sik jou,to know how to handle a situation / savvy (Cantonese),,advanced personality
唔識做,唔识做,m4 sik1 zou6,m sik jou,doesn't know how to act / clueless,,advanced personality
篤背脊,笃背脊,duk1 bui3 zek3,duk bui jek,to stab in the back / betray (Cantonese),,advanced personality
走後門,走后门,zau2 hau6 mun4,jau hau mun,to use back channels / pull strings,,advanced personality
揩油,揩油,haai1 jau4,haai yau,to take advantage of someone (Cantonese),,advanced personality
衰,衰,seoi1,seui,bad / unlucky / terrible (Cantonese),,advanced
好彩,好彩,hou2 coi2,hou choi,lucky / fortunately (Cantonese),,advanced
唔好彩,唔好彩,m4 hou2 coi2,m hou choi,unlucky / unfortunately,,advanced
撞彩,撞彩,zong6 coi2,jung choi,to get lucky by chance / fluke,,advanced
抵,抵,dai2,dai,worth it / good value (Cantonese),,advanced
唔抵,唔抵,m4 dai2,m dai,not worth it,,advanced
著數,着数,zoek6 sou3,jeuk sou,advantage / perk / good deal (Cantonese),,advanced
橋,桥,kiu4,kiu,idea / plan / scheme (Cantonese informal),,advanced
粵語,粤语,jyut6 jyu5,yuet yu,Cantonese language (formal/written term),,advanced culture
粵劇,粤剧,jyut6 kek6,yuet kek,Cantonese opera,,advanced culture
功夫,功夫,gung1 fu1,gung fu,kung fu / martial art / skill,,advanced culture
師傅,师傅,si1 fu6,si fu,master craftsman / teacher / form of address,,advanced culture
大佬,大佬,daai6 lou2,daai lou,older brother / boss / gang leader (Cantonese),,advanced culture
細佬,细佬,sai3 lou2,sai lou,younger brother (Cantonese),,advanced culture
家姐,家姐,gaa1 ze2,ga je,older sister (Cantonese),,advanced culture
細妹,细妹,sai3 mui6,sai mui,younger sister (Cantonese),,advanced culture
老友記,老友记,lou5 jau5 gei2,lou yau gei,old friend / buddy (Cantonese affectionate),,advanced culture
靚仔,靓仔,leng3 zai2,leng jai,handsome young man (Cantonese),,advanced culture
靚女,靓女,leng3 neoi5,leng neui,pretty young woman (Cantonese),,advanced culture
契爺,契爷,kai3 je4,kai ye,godfather,,advanced culture
契媽,契妈,kai3 maa1,kai ma,godmother,,advanced culture
老友,老友,lou5 jau5,lou yau,old friend / close friend (Cantonese),,advanced culture
廿四孝,廿四孝,jaa6 sei3 haau3,ya sei haau,devoted / caring (lit. 24 acts of filial piety),,advanced culture
生猛,生猛,sang1 maang5,sang maang,fresh and lively (of seafood) (Cantonese),,advanced food
煲湯,煲汤,bou1 tong1,bou tong,to make/simmer soup (Cantonese),,advanced food
靚湯,靓汤,leng3 tong1,leng tong,good/nourishing soup (Cantonese),,advanced food
滾水,滚水,gwan2 seoi2,gwan seui,boiling water,,advanced food
白開水,白开水,baak6 hoi1 seoi2,baak hoi seui,plain boiled (cooled) water,,advanced food
走地雞,走地鸡,zau2 dei6 gai1,jau dei gai,free-range chicken,,advanced food
茄汁,茄汁,ke4 zap1,ke jap,ketchup / tomato sauce,,advanced food
豉油,豉油,si6 jau4,si yau,soy sauce (Cantonese),,advanced food
花生醬,花生酱,faa1 sang1 zoeng3,fa sang jeung,peanut butter / peanut paste,,advanced food
煎,煎,zin1,jin,to pan-fry / shallow-fry,,advanced food
蒸,蒸,zing1,jing,to steam,,advanced food
烚,烚,hap6,hap,to boil (food) (Cantonese),,advanced food
炆,炆,man1,man,to braise / stew slowly (Cantonese),,advanced food
燉,炖,dang3,dang,to double-boil / stew,,advanced food
撈,捞,laau1,laau,"to toss / mix (noodles, sauce) (Cantonese food context)",,advanced food
走青,走青,zau2 cing1,jau ching,no spring onion / no greens (ordering),,advanced food
加辣,加辣,gaa1 laat6,ga laat,extra spicy,,advanced food
唔辣,唔辣,m4 laat6,m laat,not spicy,,advanced food
埋單,埋单,maai4 daan1,maai daan,to settle the bill / pay the check (Cantonese),,advanced food
兩,两,loeng5,leung,two (used with measure words),,advanced numbers
成,成,seng4,seng,whole / entire (Cantonese: 成個人 = the whole person),,advanced numbers
成日,成日,seng4 jat6,seng yat,all day / always / the whole time (Cantonese),,advanced numbers
成個,成个,seng4 go3,seng go,the whole (person/thing) (Cantonese),,advanced numbers
零,零,ling4,ling,zero / remainder after a round number,,advanced numbers
到底,到底,dou3 dai2,dou dai,in the end / actually / after all,,advanced grammar
始終,始终,ci2 zung1,chi jung,after all / eventually / from beginning to end,,advanced grammar
究竟,究竟,gau3 ging2,gau ging,actually / in the end / exactly what/why,,advanced grammar
依然,依然,ji1 jin4,yi yin,still / as before / unchanged,,advanced grammar
竟然,竟然,ging2 jin4,ging yin,surprisingly / unexpectedly / to one's surprise,,advanced grammar
難怪,难怪,naan4 gwaai3,naan gwaai,no wonder / not surprising that,,advanced grammar
難得,难得,naan4 dak1,naan dak,rare / hard to come by / it's rare that,,advanced grammar
趁,趁,can3,chan,to take advantage of (an opportunity/time),,advanced grammar
照,照,ziu3,jiu,to follow / as per / still (doing as before),,advanced grammar
照舊,照旧,ziu3 gau6,jiu gau,as usual / same as before,,advanced grammar
總之,总之,zung2 zi1,jung ji,in short / to sum up / anyway,,advanced grammar
反而,反而,faan2 ji4,faan yi,on the contrary / instead,,advanced grammar
即使,即使,zik1 si2,jik si,even if / even though,,advanced grammar
萬一,万一,maan6 jat1,maan yat,just in case / in the event that,,advanced grammar
雖然,虽然,seoi1 jin4,seui yin,although / even though,,advanced grammar
既然,既然,gei3 jin4,gei yin,since / given that / now that,,advanced grammar
唔通,唔通,m4 tung1,m tung,surely not? / don't tell me... (rhetorical),,advanced grammar
搞清楚,搞清楚,gaau2 cing1 cou2,gaau ching cho,to clarify / figure out properly,,advanced grammar
照計,照计,ziu3 gai3,jiu gai,by rights / theoretically / supposedly (Cantonese),,advanced grammar
話說,话说,waa6 syut3,wa syut,speaking of which / as for (discourse marker),,advanced grammar
即管,即管,zik1 gun2,jik gun,go right ahead / feel free to (Cantonese),,advanced grammar
耐唔耐,耐唔耐,noi6 m4 noi6,noi m noi,occasionally / every now and then (Cantonese),,advanced grammar
有得睇,有得睇,jau5 dak1 tai2,yau dak tai,worth watching / impressive (Cantonese),,advanced idiom
冇得頂,冇得顶,mou5 dak1 ding2,mou dak ding,unbeatable / the best (Cantonese),,advanced idiom
冇得彈,冇得弹,mou5 dak1 taan4,mou dak taan,flawless / can't be faulted (Cantonese),,advanced idiom
唔湯唔水,唔汤唔水,m4 tong1 m4 seoi2,m tong m seui,neither here nor there / half-baked,,advanced idiom
整色整水,整色整水,zing2 sik1 zing2 seoi2,jing sik jing seui,to put on a show / keep up appearances,,advanced idiom
熟口熟面,熟口熟面,suk6 hau2 suk6 min6,suk hau suk min,looks familiar / a familiar face (Cantonese),,advanced idiom
眼闊肚窄,眼阔肚窄,ngaan5 fut3 tou5 zaak3,ngaan fut tou jaak,eyes bigger than one's stomach,,advanced idiom
頂硬上,顶硬上,ding2 ngaang6 soeng5,ding ngaang sheung,to push through / grin and bear it (Cantonese),,advanced idiom
硬食,硬食,ngaang6 sik6,ngaang sik,to accept (something bad) without choice,,advanced idiom
搏盡,搏尽,bok3 zeon6,bok jeun,to give one's all / go all out,,advanced idiom
打尖,打尖,daa2 zim1,da jim,to cut in line / queue-jump,,advanced idiom
磨爛蓆,磨烂席,mo4 laan6 zik6,mo laan jik,to outstay one's welcome / loiter,,advanced idiom
捱夜,捱夜,ngaai4 je6,ngaai ye,to stay up all night / pull an all-nighter,,advanced idiom
發爛渣,发烂渣,faat3 laan6 zaa1,faat laan ja,to throw a tantrum / act out irrationally,,advanced idiom
死梗,死梗,sei2 gang2,sei gang,definitely going to fail / doomed (Cantonese),,advanced idiom
冚家鏟,冚家铲,ham6 gaa1 caan2,ham ga chaan,(vulgar curse) a pox on your family,,advanced slang
收皮,收皮,sau1 pei4,sau pei,"shut up / stop it (rude, Cantonese)",,advanced slang
核突,核突,wat6 dat6,wat dat,disgusting / revolting (Cantonese),,advanced slang
串,串,cyun3,chyun,sarcastic / to mock / insolent (Cantonese),,advanced slang
PK,PK,pi1 kei1,pi kei,loser / to fall flat on your face (Cantonese slang),,advanced slang
炒,炒,caau2,chaau,to stir-fry / to fire (job) / to speculate,,advanced
回南天,回南天,wui4 naam4 tin1,wui naam tin,humid condensation weather (south wind returns),,advanced weather
黃色暴雨警告,黄色暴雨警告,wong4 sik1 bou6 jyu5 ging2 gou3,wong sik bou yu ging gou,Yellow Rainstorm Warning (HK),,advanced weather
紅色暴雨警告,红色暴雨警告,hung4 sik1 bou6 jyu5 ging2 gou3,hung sik bou yu ging gou,Red Rainstorm Warning (HK),,advanced weather
黑色暴雨警告,黑色暴雨警告,hak1 sik1 bou6 jyu5 ging2 gou3,hak sik bou yu ging gou,Black Rainstorm Warning (HK) — highest level,,advanced weather
三號風球,三号风球,saam1 hou6 fung1 kau4,saam hou fung kau,Typhoon Signal No. 3 (HK),,advanced weather
十號風球,十号风球,sap6 hou6 fung1 kau4,sap hou fung kau,Typhoon Signal No. 10 (HK) — maximum,,advanced weather
瘀,瘀,jyu1,yu,bruise / embarrassing / unlucky (Cantonese),,advanced body
瘀血,瘀血,jyu1 hyut3,yu hyut,bruise / blood bruise,,advanced body
拗柴,拗柴,aau3 caai4,aau chaai,to sprain one's ankle (Cantonese),,advanced body
生痘痘,生痘痘,sang1 dau6 dau6,sang dau dau,to get pimples / acne,,advanced body
暗瘡,暗疮,am3 cong1,am chong,acne / pimple (Cantonese/formal),,advanced body
咳,咳,kat1,kat,to cough,,advanced body
敏感,敏感,man5 gam2,man gam,sensitive / allergy (adj.) / allergic,,advanced body
消化,消化,siu1 faa3,siu fa,digestion / to digest,,advanced body
手術,手术,sau2 seot6,sau seut,surgery / operation,,advanced body
打針,打针,daa2 zam1,da jam,to get an injection / vaccination (Cantonese),,advanced body
驗血,验血,jim6 hyut3,yim hyut,blood test,,advanced body
功課,功课,gung1 fo3,gung fo,homework / schoolwork,,advanced academic
測驗,测验,cak1 jim6,chak yim,quiz / class test,,advanced academic
考試,考试,haau2 si3,haau si,examination,,advanced academic
合格,合格,hap6 gaak3,hap gaak,to pass / meet the standard,,advanced academic
肥佬,肥佬,fei4 lou2,fei lou,to fail an exam (Cantonese),,advanced academic
溫書,温书,wan1 syu1,wan syu,to study / revise (Cantonese),,advanced academic
抄功課,抄功课,caau1 gung1 fo3,chaau gung fo,to copy homework / plagiarize,,advanced academic
開學,开学,hoi1 hok6,hoi hok,start of school term,,advanced academic
放假,放假,fong3 gaa3,fong ga,to have a holiday / school break,,advanced academic
起底,起底,hei2 dai2,hei dai,to dox / expose someone's private info (HK internet),,advanced tech
網絡欺凌,网络欺凌,mong5 lok3 kei1 ling4,mong lok kei ling,cyberbullying,,advanced tech
表情包,表情包,biu2 cing4 baau1,biu ching baau,meme / sticker pack,,advanced tech
貼文,贴文,tip3 man4,tip man,post (social media),,advanced tech
點讚,点赞,dim2 zaan3,dim jaan,to like (social media),,advanced tech
分享,分享,fan1 hoeng2,fan heung,to share (content),,advanced tech
留言,留言,lau4 jin4,lau yin,to comment / leave a message,,advanced tech
訂閱,订阅,ding6 jyut6,ding yuet,to subscribe,,advanced tech
串流,串流,cyun3 lau4,chyun lau,streaming (media),,advanced tech
密碼,密码,mat6 maa5,mat ma,password,,advanced tech
帳號,账号,zoeng3 hou6,jeung hou,account / username,,advanced tech
講就天下無敵，做就有心無力,讲就天下无敌，做就有心无力,gong2 zau6 tin1 haa6 mou4 dik6 zou6 zau6 jau5 sam1 mou5 lik6,góng jauh tīn hah mòuh dihk jouh jauh yáuh sām móuh lihk,all talk no action (Cantonese proverb),,advanced proverb
未學行先學走,未学行先学走,mei6 hok6 haang4 sin1 hok6 zau2,meih hohk hàangh sīn hohk jáu,must walk before you can run (Cantonese proverb),,advanced proverb
有錢使得鬼推磨,有钱使得鬼推磨,jau5 cin2 sai2 dak1 gwai2 teoi1 mo4,yáuh chín sái dāk gwái tēui mòh,money makes the world go round (lit. money can make ghosts push a millstone),,advanced proverb
人比人，比死人,人比人，比死人,jan4 bei2 jan4 bei2 sei2 jan4,yành béi yành béi séi yành,comparing yourself to others will kill you (Cantonese proverb),,advanced proverb
食得鹹魚抵得渴,食得咸鱼抵得渴,sik6 dak1 haam4 jyu2 dai2 dak1 hot3,sihk dāk hàamh yú dái dāk hot,"if you eat salty fish, be prepared to be thirsty — accept consequences of your choices",,advanced proverb
唔見棺材唔甩眼淚,唔见棺材唔甩眼泪,m4 gin3 gun1 coi4 m4 lat1 ngaan5 leoi6,mh gin gūn chòih mh lāt ngáanh leuih,won't cry until seeing the coffin — won't face reality until forced to,,advanced proverb
有空兒,有空儿,jau5 hung1,yáuh hūng,to have free time,,
船兒,船儿,syun4,syùnh,little boat (diminutive),,
不用說,不用说,bat1 jung6 syut3,bāt yungh syut,needless to say / it goes without saying,,
好了,好了,hou2 liu5,hóu líuh,that's enough / okay / done,,
裏面,里面,lei5 min6,léih minh,inside / within,,
只有,只有,zi2 jau5,jí yáuh,only / there is only,,
佢,佢,keoi5,kéuih,he / she / it (Cantonese 3rd person singular),,
嘅,嘅,ge3,ge,possessive / sentence-final particle (Cantonese: 's),,
咁,咁,gam3,gam,so / like this / in this way (Cantonese),,
係,系,hai6,haih,to be (is/am/are) (Cantonese),,
唔,唔,m4,mh,not (Cantonese negation prefix),,
喺,喺,hai2,hái,at / in / on (Cantonese location),,
咗,咗,zo2,jó,completed action particle (Cantonese),,
啲,啲,di1,dī,some / a bit / plural marker (Cantonese),,
話,话,waa6,wah,to say / speech,,
呢個,呢个,ni1 go3,nī go,this one / this,,
喇,喇,laa3,la,sentence-final: changed state (Cantonese),,
一個,一个,jat1 go3,yāt go,one (+ measure word),,
真係,真系,zan1 hai6,jān haih,really / truly (Cantonese emphatic),,
唔係,唔系,m4 hai6,mh haih,is not / am not (Cantonese),,
咩,咩,me1,mē,what? (Cantonese colloquial),,
阿,阿,aa3,a,name/kinship prefix 'Ah-' (Cantonese),,
而家,而家,ji4 gaa1,yìh gā,now / right now (Cantonese),,
黎,黎,lai4,làih,to come (alt. of 嚟),,
㗎,㗎,{gaa2 gaa3 gaa4},gá,emphatic assertion particle (Cantonese),,
唔好,唔好,m4 hou2,mh hóu,don't / not good,,
我哋,我哋,ngo5 dei6,ngóh deih,we / us (Cantonese),,
嘢,嘢,je5,yéh,thing / stuff (Cantonese),,
都係,都系,dou1 hai6,dōu haih,also is / it is also,,
果,果,gwo2,gwó,that (alt. of 嗰) / fruit,,
嘞,嘞,laak3,laak,sentence-final: completion / obviousness (Cantonese),,
搵,揾,wan2,wán,to look for / find / earn (Cantonese),,
噉,噉,gam2,gám,like that / in that way (Cantonese),,
喎,㖞,wo3 wo4,wo wòh,hearsay / surprise particle (Cantonese),,
唔知,唔知,m4 zi1,mh jī,don't know (Cantonese),,
就係,就系,zau6 hai6,jauh haih,that's exactly it,,
好多,好多,hou2 do1,hóu dō,many / a lot,,
囉,啰,lo1,lō,obviousness / resignation particle (Cantonese),,
俾,俾,bei2,béi,to give / to let / by (Cantonese),,
好似,好似,hou2 ci5,hóu chíh,seems like / similar to (Cantonese),,
仲,仲,zung6,jungh,still / even more (Cantonese),,
唔會,唔会,m4 wui5,mh wúih,won't / would not,,
點解,点解,dim2 gaai2,dím gáai,why (Cantonese),,
見到,见到,gin3 dou3,gin dou,to see / to catch sight of,,
屋企,屋企,uk1 kei5*2,ūk kéih*2,home / house (Cantonese),,
我地,我地,ngo5 dei6,ngóh deih,we / us (alt. of 我哋),,
但係,但系,daan6 hai6,daanh haih,but / however (Cantonese),,
晒,晒,saai3,saai,all / completely (Cantonese intensifier),,
成日,成日,seng4 jat6,sèngh yaht,all day / always (Cantonese),,
佢哋,佢哋,keoi5 dei6,kéuih deih,they / them (Cantonese),,
係咪,系咪,hai6 mai6,haih maih,is it? / right? (Cantonese),,
呢啲,呢啲,ni1 di1,nī dī,these (Cantonese),,
嗰個,𠮶个,go2 go3,gó go,that one / that person (Cantonese),,
邊,边,bin1,bīn,which / where (Cantonese),,
只係,只系,zi2 hai6,jí haih,only / just (Cantonese),,
咁多,咁多,gam3 do1,gam dō,so many / so much,,
拎,拎,ling1,līng,to carry / hold / take (Cantonese),,
唔可以,唔可以,m4 ho2 ji5,mh hó yíh,cannot / not allowed,,
唔使,唔使,m4 sai2,mh sái,don't need to (Cantonese),,
有冇,有冇,jau5 mou5,yáuh móuh,have or not? (Cantonese question),,
乜嘢,乜嘢,mat1,māt,what / what thing (Cantonese),,
我係,我系,ngo5 hai6,ngóh haih,I am (Cantonese),,
係呀,系呀,hai6 aa1,haih ā,yes / correct (Cantonese),,
佢嘅,佢嘅,keoi5 ge3,kéuih ge,his / her / its (Cantonese),,
出嚟,出嚟,ceot1 lei4,chēut lèih,to come out / go out,,
畀我,畀我,bei2 ngo5,béi ngóh,give me / for me (Cantonese),,
邊個,边个,bin1 go3,bīn go,who / which person (Cantonese),,
我嘅,我嘅,ngo5 ge3,ngóh ge,my / mine (Cantonese),,
今次,今次,gam1 ci3,gām chi,this time (Cantonese),,
呢度,呢度,ni1 dou6,nī douh,here (Cantonese),,
你哋,你哋,nei5 dei6,néih deih,you (plural) (Cantonese),,
一陣,一阵,jat1 zan6,yāt janh,in a moment / shortly (Cantonese),,
你嘅,你嘅,nei5 ge3,néih ge,your / yours (Cantonese),,
睇下,睇下,tai2 haa5,tái háh,have a look / let me see,,
快啲,快啲,faai3 di1,faai dī,faster / hurry up (Cantonese),,
畀你,畀你,bei2 nei5,béi néih,give you / for you (Cantonese),,
返嚟,返嚟,faan1 lai4 ; faan1 lei4,fāan làih ; fāan lèih,to come back / return (Cantonese),,
同埋,同埋,tung4 maai4,tùngh màaih,and / together with (Cantonese),,
嗰啲,𠮶啲,go2 di1,gó dī,those (Cantonese),,
即係,即系,zik1 hai6,jīk haih,that is to say / i.e. (Cantonese),,
幾多,几多,gei2 do1,géi dō,how many / how much (Cantonese),,
唔同,唔同,m4 tung4,mh tùngh,different / not the same,,
畀佢,畀佢,bei2 keoi5,béi kéuih,give him/her (Cantonese),,
點樣,点样,dim2 joeng6*2,dím yeuhng*2,how / in what way (Cantonese),,
做乜,做乜,zou6 mat1,jouh māt,why / doing what for (Cantonese),,
唔得,唔得,m4 dak1,mh dāk,cannot / not allowed (Cantonese),,
一啲,一啲,jat1 di1,yāt dī,a little / a bit,,
女仔,女仔,neoi5 zai2,néuih jái,girl / young woman (Cantonese),,
食飯,食饭,sik6 faan6,sihk faanh,to eat a meal / have rice,,
啲人,啲人,di1 jan4,dī yành,people / some people (Cantonese),,
點呀,点呀,dim2 aa3,dím a,how is it? / what's up? (Cantonese),,
返屋企,返屋企,faan1 uk1 kei5*2,fāan ūk kéih*2,to go home (Cantonese),,
梗係,梗系,gang2 hai6,gáng haih,of course / definitely (Cantonese),,
嗰陣,𠮶阵,go2 zan6,gó janh,at that time / back then (Cantonese),,
定係,定系,ding6 hai6,dingh haih,or / either...or (Cantonese),,
呃,呃,aak1 ngaak1 aak3 ak1,āak ngāak aak āk,to deceive / ugh (Cantonese),,
唔記得,唔记得,m4 gei3 dak1,mh gei dāk,to forget (Cantonese),,
咩呀,咩呀,me1 aa3,mē a,what? / what is it? (Cantonese),,
講嘢,讲嘢,gong2 je5,góng yéh,to talk / say something (Cantonese),,
先至,先至,sin1 zi3,sīn ji,only then / not until (Cantonese),,
落去,落去,lok6 heoi3,lohk heui,to go down (Cantonese),,
唔多,唔多,m4 do1,mh dō,not many / not much,,
邊度,边度,bin1 dou6,bīn douh,where / which place (Cantonese),,
入去,入去,jap6 heoi3,yahp heui,to go in / enter (Cantonese),,
嘅話,嘅话,ge3 waa6*2,ge wah*2,if (conditional) (Cantonese),,
又係,又系,jau6 hai6,yauh haih,again / also is (Cantonese),,
好呀,好呀,hou2 aa3,hóu a,great! / yes! (Cantonese),,
啱,啱,ngaam1,ngāam,correct / right / just happened to (Cantonese),,
對唔住,对唔住,deoi3 m4 zyu6,deui mh jyuh,sorry / excuse me / to let down (Cantonese),,
阿哥,阿哥,aa3 go1,a gō,older brother (Cantonese),,
少少,少少,siu2 siu2,síu síu,a little bit (Cantonese),,
出聲,出声,ceot1 seng1,chēut sēng,to speak up / make a sound (Cantonese),,
乜野,乜野,mat1 je5,māt yéh,what (alt. of 乜嘢),,
係咩,系咩,hai6 me1,haih mē,is it? / really? (Cantonese),,
嗰度,𠮶度,go2 dou6,gó douh,there / that place (Cantonese),,
日日,日日,jat6 jat6,yaht yaht,every day (Cantonese),,
仲係,仲系,zung6 hai6,jungh haih,still is (Cantonese),,
呢樣,呢样,ni1 joeng6,nī yeungh,this kind of thing (Cantonese),,
冇乜,冇乜,mou5 mat1,móuh māt,nothing much (Cantonese),,
我唔知,我唔知,ngo5 m4 zi1,ngóh mh jī,I don't know (Cantonese),,
睇到,睇到,tai2 dou3*2,tái dou*2,to see / manage to see,,
係唔係,系唔系,hai6 m4 hai6,haih mh haih,is it or not? (Cantonese A-not-A),,
多啲,多啲,do1 di1,dō dī,more / a bit more (Cantonese),,
呢位,呢位,ni1 wai6*2,nī waih*2,"this person (polite, Cantonese)",,
後生,后生,hau6 saang1,hauh sāang,young / youthful (Cantonese),,
唔啱,唔啱,m4 ngaam1,mh ngāam,wrong / incorrect (Cantonese),,
幾耐,几耐,gei2 noi6,géi noih,how long (time) (Cantonese),,
好唔好,好唔好,hou2 m4 hou2,hóu mh hóu,okay? / how about it? (Cantonese),,
細個,细个,sai3 go3,sai go,when young / as a child (Cantonese),,
陣間,阵间,zan6 gaan1,janh gāan,in a short while (Cantonese),,
識得,识得,sik1 dak1,sīk dāk,to know how / be able to (Cantonese),,
唔明,唔明,m4 ming4,mh mìngh,don't understand (Cantonese),,
過嚟,过嚟,gwo3 lai4,gwo làih,to come over (Cantonese),,
尋晚,寻晚,cam4 maan5,chàmh máanh,last night (Cantonese),,
冇得,冇得,mou5 dak1,móuh dāk,cannot / no way to (Cantonese),,
唔知道,唔知道,m4 zi1 dou6*3,m̀h jī douh*3,don't know (Cantonese),,
男仔,男仔,naam4 zai2,nàamh jái,boy / young man (Cantonese),,
坐低,坐低,co5 dai1,chóh dāi,sit down (Cantonese),,
呢次,呢次,ni1 ci3,nī chi,this time (Cantonese),,
嗰陣時,𠮶阵时,go2 zan6 si4,gó janh sìh,at that time (Cantonese),,
好冇,好冇,hou2 mou5*2,hóu móuh*2,good or not? (Cantonese),,
唔緊要,唔紧要,m4 gan2 jiu3,mh gán yiu,it's okay / no worries (Cantonese),,
好少,好少,hou2 siu2,hóu síu,very few / seldom,,
細聲,细声,sai3 seng1,sai sēng,quietly / in a low voice (Cantonese),,
乜都,乜都,mat1 dou1,māt dōu,everything / anything (Cantonese),,
唔錯,唔错,m4 co3,mh cho,not bad / pretty good,,
做咗,做咗,zou6 zo2,jouh jó,already done (Cantonese),,
我哋嘅,我哋嘅,ngo5 dei6 ge3,ngóh deih ge,our / ours (Cantonese),,
住喺,住喺,zyu6 hai2,jyuh hái,to live at / reside in,,
係啦,系啦,hai6*2 laa1,haih*2 lā,yes / right (Cantonese),,
尋日,寻日,cam4 jat6,chàmh yaht,yesterday (Cantonese),,
落嚟,落嚟,lok6 lai4,lohk làih,to come down (Cantonese),,
得嘞,得嘞,dak1 laak3,dāk laak,okay done / that's enough (Cantonese),,
重有,重有,zung6 jau5,jungh yáuh,there is also / and also (Cantonese),,
的士,的士,dik1 si6*2,dīk sih*2,taxi (Cantonese),,
剩係,剩系,zing6 hai6,jingh haih,only / nothing but (Cantonese),,
仲好,仲好,zung6 hou2,jungh hóu,even better (Cantonese),,
媽咪,妈咪,maa1 mai1 mi4,mā māi mìh,mummy / mom (Cantonese),,
唔需要,唔需要,m4 seoi1 jiu3,mh sēui yiu,don't need to,,
唔畀,唔畀,m4 bei2,mh béi,not allow / refuse to give (Cantonese),,
依家,依家,ji1 gaa1,yī gā,now (alt. of 而家) (Cantonese),,
點算,点算,dim2 syun3,dím syun,what to do / how to handle (Cantonese),,
好睇,好睇,hou2 tai2,hóu tái,good-looking / nice to watch (Cantonese),,
上嚟,上嚟,soeng5 lai4,séungh làih,to come up (Cantonese),,
撞到,撞到,zong6 dou3*2,johng dou*2,to bump into / collide,,
得喇,得喇,dak1 laa3,dāk la,okay / that's fine (Cantonese),,
迫,迫,bik1 baak1,bīk bāak,to squeeze / crowd / press (Cantonese),,
冇咁,冇咁,mou5 gam3,móuh gam,not that / doesn't have that level (Cantonese),,
點做,点做,dim2 zou6,dím jouh,how to do it (Cantonese),,
咁啱,咁啱,gam3 ngaam1,gam ngāam,what a coincidence (Cantonese),,
入嚟,入嚟,jap6 lei4,yahp lèih,to come in / enter (Cantonese),,
好食,好食,hou2 sik6,hóu sihk,delicious / tastes good (Cantonese),,
阿婆,阿婆,aa3 po4,a pòh,grandmother / old woman (Cantonese),,
專登,专登,zyun1 dang1,jyūn dāng,on purpose / deliberately (Cantonese),,
家姐,家姐,gaa1 ze2*1,gā jé*1,older sister (Cantonese),,
朝早,朝早,ziu1 zou2,jīu jóu,morning / early morning (Cantonese),,
屋企人,屋企人,uk1 kei5*2 jan4,ūk kéih*2 yàhn,family members (Cantonese),,
仔女,仔女,zai2 neoi5*2,jái néuih*2,children / sons and daughters (Cantonese),,
飲茶,饮茶,jam2 caa4,yám chàh,yum cha / dim sum / to drink tea,,
冇用,冇用,mou5 jung6,móuh yungh,useless / no use,,
佢哋嘅,佢哋嘅,keoi5 dei6 ge3,kéuih deih ge,their / theirs (Cantonese),,
落雨,落雨,lok6 jyu5,lohk yúh,to rain (Cantonese),,
次次,次次,ci3 ci3,chi chi,every time (Cantonese),,
唔算,唔算,m4 syun3,mh syun,doesn't count / not really (Cantonese),,
第日,第日,dai6 jat6,daih yaht,another day (Cantonese),,
噚日,㖊日,cam4 jat6,chàmh yaht,yesterday (alt.) (Cantonese),,
銀包,银包,ngan4 baau1,ngành bāau,wallet / purse,,
食咗,食咗,sik6 zo2,sihk jó,ate / have eaten (Cantonese),,
後生仔,后生仔,hau6 saang1 zai2,hauh sāang jái,young man (Cantonese),,
一係,一系,jat1 hai6,yāt haih,either...or / alternatively (Cantonese),,
舖頭,舖头,pou3 tau4*2,pou tàuh*2,shop / store (Cantonese),,
過啲,过啲,gwo3 di1,gwo dī,a bit more (Cantonese),,
入到,入到,jap6 dou3,yahp dou,able to enter / get in,,
早啲,早啲,zou2 di1,jóu dī,earlier / sooner (Cantonese),,
埋嚟,埋嚟,maai4 lai4,màaih làih,come closer / come over (Cantonese),,
你等,你等,nei5 dei6,néih deih,you all (alt. of 你哋) (Cantonese),,
初初,初初,co1 co1,chō chō,at first / in the beginning (Cantonese),,
食嘢,食嘢,sik6 je5,sihk yéh,to eat something (Cantonese),,
瞓覺,瞓觉,fan3 gaau3,fan gaau,to sleep / go to sleep (Cantonese),,
正話,正话,zing3 waa6 ; zeng3 waa6,jing wah ; jeng wah,just now / was just saying (Cantonese),,
阿叔,阿叔,aa3 suk1,a sūk,uncle / middle-aged man (Cantonese),,
第二日,第二日,dai6 ji6 jat6,daih yih yaht,the next day,,
幾多錢,几多钱,gei2 do1 cin4*2,géi dō chìhn*2,how much money? (Cantonese),,
冇可能,冇可能,mou5 ho2 nang4,móuh hó nàngh,impossible / no way,,
唔得閒,唔得闲,m4 dak1 haan4,mh dāk hàanh,busy / no time (Cantonese),,
而唔係,而唔系,ji4 m4 hai6,yìh mh haih,and not / rather than (Cantonese),,
使唔使,使唔使,sai2 m4 sai2,sái mh sái,need to or not? (Cantonese A-not-A),,
做乜嘢,做乜嘢,zou6 mat1 je5,jouh māt yéh,what are you doing / why (Cantonese),,
睇落,睇落,tai2 lok6,tái lohk,looks like / seems to be (Cantonese),,
就快,就快,zau6 faai3,jauh faai,soon / almost / about to,,
唔准,唔准,m4 zeon2,mh jéun,not allowed / prohibited,,
咪係,咪系,mai6 hai6,maih haih,isn't it? (Cantonese rhetorical),,
話我知,话我知,waa6 ngo5 zi1,wah ngóh jī,tell me / let me know (Cantonese),,
唔知幾,唔知几,m4 zi1 gei2,mh jī géi,incredibly / extremely (Cantonese),,
有陣時,有阵时,jau5 zan6 si4,yáuh janh sìh,sometimes (Cantonese),,
餸,𩠌,sung3,sung,side dishes to accompany rice (Cantonese),,
即係話,即系话,zik1 hai4 waa6,jīk hàih wah,in other words / that is to say (Cantonese),,
唔見咗,唔见咗,m4 gin3 zo2,mh gin jó,lost / gone missing (Cantonese),,
無可,无可,mou4 ho2,mòuh hó,cannot possibly (fragment),,
邊處,边处,bin1 syu3,bīn syu,where / which place (Cantonese),,
琴晚,琴晚,kam4 maan5,kàmh máanh,last night (Cantonese),,
喺處,喺处,hai2 syu3,hái syu,at this place (Cantonese),,
講大話,讲大话,gong2 daai6 waa6,góng daaih wah,to lie / tell a lie (Cantonese),,
乜嘢都,乜嘢都,mat1 je5 dou1,māt yéh dōu,everything / anything at all (Cantonese),,
晏晝,晏昼,aan3 zau3,aan jau,afternoon / lunchtime (Cantonese),,
差啲,差啲,caa1 di1,chā dī,almost / nearly (Cantonese),,
揸住,揸住,zaa1 zyu6,jā jyuh,holding / gripping (Cantonese),,
喺呢度,喺呢度,hai2 ni1 dou6,hái nī douh,here / at this place (Cantonese),,
單車,单车,daan1 ce1,dāan chē,bicycle,,
朱古力,朱古力,zyu1 gu1 lik1,jyū gū līk,chocolate (Cantonese loanword),,
煲,煲,bou1,bōu,pot / to boil / cook (Cantonese),,
聽晚,听晚,ting1 maan5,tīng máanh,tonight (this evening) (Cantonese),,
晚晚,晚晚,maan5 maan5,máanh máanh,every night (Cantonese),,
攬住,揽住,laam2 zyu6,láam jyuh,to hug / embrace (Cantonese),,
壞咗,坏咗,waai6 zo2,waaih jó,broken / spoiled (Cantonese),,
隔籬,隔篱,gaak3 lei4,gaak lèih,next door / neighbouring (Cantonese),,
睇嚟,睇嚟,tai2 lei4,tái lèih,it seems / looks like (Cantonese),,
嗰日,𠮶日,go2 jat6,gó yaht,that day (Cantonese),,
噚晚,㖊晚,cam4 maan5,chàmh máanh,last night (Cantonese),,
睇戲,睇戏,tai2 hei3,tái hei,to watch a movie (Cantonese),,
聽朝,听朝,teng1 ziu1,tēng jīu,tomorrow morning (Cantonese),,
匿埋,匿埋,nei1 maai4,nēi màaih,to hide away (Cantonese),,
講笑,讲笑,gong2 siu3,góng siu,to joke / to be kidding (Cantonese),,
細妹,细妹,sai3 mui6*2,sai muih*2,younger sister (Cantonese),,
點都好,点都好,dim2 dou1 hou2,dím dōu hóu,in any case / no matter what (Cantonese),,
嚿,嚿,gau6,gauh,lump / chunk (Cantonese measure word),,
游水,游水,jau4 seoi2,yàuh séui,to swim (Cantonese),,
買嘢,买嘢,maai5 je5,máaih yéh,to go shopping (Cantonese),,
睇見,睇见,tai2 gin3,tái gin,to see / spot / notice,,
唔該晒,唔该晒,m4 goi1 saai3,mh gōi saai,thank you very much (Cantonese),,
行路,行路,haang4 lou6,hàangh louh,to walk (Cantonese),,
一蚊,一蚊,jat1 man1,yāt mān,one dollar (Cantonese),,
公仔,公仔,gung1 zai2,gūng jái,doll / cartoon character (Cantonese),,
舊年,旧年,gau6 nin4*2,gauh nìhn*2,last year (Cantonese),,
橫掂,横掂,waang4 dim6,wàangh dimh,anyway / might as well (Cantonese),,
阿爺,阿爷,aa3 je4,a yèh,grandfather (Cantonese),,
幾歲,几岁,gei2 seoi3,géi seui,how old? (for children),,
阿伯,阿伯,aa3 baak3,a baak,elderly man / great-uncle (Cantonese),,
換衫,换衫,wun6 saam1,wunh sāam,to change clothes (Cantonese),,
邊位,边位,bin1 wai6,bīn waih,which person / who (polite Cantonese),,
得㗎嘞,得㗎嘞,dak1 gaa3 laak3,dāk ga laak,it's fine / acceptable (Cantonese),,
每晚,每晚,mui5 maan5,múih máanh,every evening / every night,,
食晏,食晏,sik6 aan3,sihk aan,to have lunch (Cantonese),,
夠鐘,够钟,gau3 zung1,gau jūng,time's up (Cantonese),,
影相,影相,jing2 soeng3*2,yíng seung*2,to take a photo (Cantonese),,
生果,生果,saang1 gwo2,sāang gwó,fruit (Cantonese),,
返轉頭,返转头,faan1 zyun3 tau4,fāan jyun tàuh,to turn back / in retrospect (Cantonese),,
重未,重未,zung6 mei6,jungh meih,not yet (Cantonese: 仲未),,
嗰便,𠮶便,go2 bin6,gó binh,that side / over there (Cantonese),,
我老婆,我老婆,ngo5 lou5 po4,ngóh lóuh pòh,my wife,,
食煙,食烟,sik6 jin1,sihk yīn,to smoke (Cantonese),,
嗰樣,𠮶样,go2 joeng6,gó yeungh,that type / that kind (Cantonese),,
發夢,发梦,faat3 mung6,faat mungh,to dream (Cantonese),,
唔明白,唔明白,m4 ming4 baak6,mh mìngh baahk,don't understand,,
返畀,返畀,faan1 bei2,fāan béi,to give back (Cantonese),,
啤啤,啤啤,bi1*4 bi1,bī*4 bī,baby (Cantonese baby-talk),,
幫襯,帮衬,bong1 can3,bōng chan,to patronize / be a customer of (Cantonese),,
鋪頭,铺头,pou1 tau4*2,pōu tàuh*2,shop / store (Cantonese),,
飲嘢,饮嘢,jam2 je5,yám yéh,to drink something (Cantonese),,
姑姐,姑姐,gu1 ze2*1,gū jé*1,father's sister / paternal aunt (Cantonese),,
總係,总系,zung2 hai6,júng haih,always / constantly (Cantonese),,
嗰晚,𠮶晚,go2 maan5,gó máanh,that night / that evening (Cantonese),,
唔一定,唔一定,m4 jat1 ding6,mh yāt dingh,not necessarily,,
乜人,乜人,mat1 jan6,māt yanh,who / what person (Cantonese),,
食藥,食药,sik6 joek6,sihk yeuhk,to take medicine (Cantonese),,
畀返,畀返,bei2 faan1,béi fāan,to give back (Cantonese),,
好攰,好攰,hou2 gui6,hóu guih,very tired (Cantonese),,
食埋,食埋,sik6 maai4,sihk màaih,eat it all up / eat together (Cantonese),,
冇心,冇心,mou5 sam1,móuh sām,don't have the heart / not motivated,,
就噉,就噉,zau6 gam2,jauh gám,just like that / that's that (Cantonese),,
唔係呢,唔系呢,m4 hai6 ne1,mh haih nē,it's not that (Cantonese),,
一陣間,一阵间,jat1 zan6 gaan1,yāt janh gāan,in a moment / shortly (Cantonese),,
爛咗,烂咗,laan6 zo2,laanh jó,broken / ruined (Cantonese),,
少啲,少啲,siu2 di1,síu dī,less / fewer,,
耳仔,耳仔,ji5 zai2,yíh jái,ear (Cantonese colloquial),,
周身,周身,zau1 san1,jāu sān,all over the body / everywhere (Cantonese),,
係咪先,系咪先,hai6 mai6 sin1,haih maih sīn,isn't that right? (Cantonese),,
落街,落街,lok6 gaai1,lohk gāai,to go out on the street (Cantonese),,
邊啲,边啲,bin1 di1,bīn dī,which ones (Cantonese),,
幾位,几位,gei2 wai6*2,géi waih*2,how many people (polite) (Cantonese),,
唔制,唔制,m4 zai3,mh jai,refuse / don't want to (Cantonese),,
OT,OT,ou1 ti1,ōu tī,overtime work (Cantonese office slang),,
迪,迪,dik6,dihk,enlighten / (used in names),,
幾錢,几钱,gei2 cin4*2,géi chìhn*2,how much does it cost? (Cantonese),,
咁鬼,咁鬼,gam3 gwai2,gam gwái,so damn / so bloody (Cantonese emphatic),,
恤衫,恤衫,seot1 saam1,sēut sāam,shirt / dress shirt (Cantonese loanword),,
過頭,过头,gwo3 tau4,gwo tàuh,excessive / too much (Cantonese),,
咪嘈,咪嘈,mai5 cou4,máih chòuh,don't be noisy (Cantonese),,
咭,咭,kaat1,kāat,card (credit/name card) (Cantonese loanword),,
孔子,孔子,hung2 ji2,húng yí,Confucius,,
日頭,日头,jat6 tau4*2,yaht tàuh*2,daytime / during the day (Cantonese),,
冇乜嘢,冇乜嘢,mou5 mat1 je5,móuh māt yéh,nothing much (Cantonese),,
天光,天光,tin1 gwong1,tīn gwōng,dawn / daybreak (Cantonese),,
唔係就,唔系就,m4 hai6 zau6,mh haih jauh,or else / otherwise (Cantonese),,
攞錢,攞钱,lo2 cin4*2,ló chìhn*2,to get money / collect money (Cantonese),,
嗰位,𠮶位,go2 wai6*2,gó waih*2,that person (polite) (Cantonese),,
個半,个半,go3 bun3,go bun,one and a half,,
吓吓,吓吓,haa5 haa5,háh háh,always / every single time (Cantonese emphatic),,
火燭,火烛,fo2 zuk1,fó jūk,fire! / fire hazard (Cantonese),,
諗返,谂返,nam2 faan1,nám fāan,to think back / recall (Cantonese),,
嗰次,𠮶次,go2 ci3,gó chi,that time / on that occasion (Cantonese),,
出啲,出啲,ceot1 di1,chēut dī,come out a bit / move out a little (Cantonese),,
Hello,Hello,你好,你好,hello / hi (greeting),,
嗰個男人好肚餓，搵緊嘢食,𠮶个男人好肚饿，揾紧嘢食,laa5 laam4 jan2 han2 tou5 ngo6 zing32 zoi6 zaau2 sik6 mat6,láh làahm yán hán tóuh ngoh jing2 joih jáau sihk maht,"That man is very hungry, looking for food",,Cantonese::CantoneseClass101
你覺得你嘅城市比其他城市特別嘅地方系乜嘢,你觉得你嘅城市比其他城市特别嘅地方系乜嘢,nei5 gok3 dak1 nei5 ge3 sing4 si5 bei2 kei4 taa1 sing4 si5 dak6 bit6 ge3 dei6 fong1 hai6 mat1 je5,néih gok dāk néih ge sìhng síh béi kèih tā sìhng síh dahk biht ge deih fōng haih māt yéh,What makes your city special compared to other cities?,,Cantonese
再約多一次,再约多一次,zoi3 joek3 do1 jat1 ci3,joi yeuk dō yāt chi,make another appointment / meet one more time,,
再多一次,再多一次,zoi3 do1 jat1 ci3,zoi dō yāt chi,one more time / once more,,
你我這件事,你我这件事,nei5 ngo5 ze2 gin6 si6,néih ngóh jé gihn sih,this matter between you and me,,
回到公司,回到公司,wui4 dou3 gung1 si1,wuìh dou gūng sī,return to the company / back to the office,,
不會有人知,不会有人知,bat1 wui5 jau5 jan4 zi1,bāt wuíh yáuh yàhn jī,no one will know,,
畀我再交換多一次,畀我再交换多一次,bei2 ngo5 zoi3 gaau1 wun6 do1 jat1 ci3,béi ngóh joi gāau wuhn dō yāt chi,let me swap one more time,,
交換多一次,交换多一次,gaau1 wun6 do1 jat1 ci3,gāau wuhn dō yāt chi,exchange one more time / swap again,,
換禮物的心意,换礼物的心意,wun6 lai5 mat6 dik1 sam1 ji3,wuhn láih maht dīk sām yi,the goodwill behind exchanging gifts,,
放進去雪櫃,放进去雪柜,fong3 zeon3 heoi3 syut3 gwai6,fong jeun heui syut gwaih,put it into the refrigerator,,
用黃色的膠袋包起,用黄色的胶袋包起,yung6 wong4 sik1 dik1 gaau1 doi2 baau1 hei2,yuhng wòhng sīk dīk gāau dói bāau héi,wrap it up in a yellow plastic bag,,
不會有人懷疑,不会有人怀疑,bat1 wui5 yau5 yan4 waai4 yi4,bāt wuíh yáuh yàhn wàaih yìh,no one will suspect,,
其實我不願離開這公司,其实我不愿离开这公司,kei4 sat6 ngo5 bat1 yun6 lei4 hoi1 ze2 gung1 si1,kèih saht ngóh bāt yuhn lèih hōi zé gūng sī,actually I don't want to leave this company,,
全都因為對你太鍾意,全都因为对你太钟意,cyun4 dou1 yan1 wai6 deoi3 nei5 taai3 zung1 yi3,chyùhn dōu yān waih deui néih taai zūng yi,all because I like you too much,,
紫色,紫色,zi2 sik1,jí sīk,purple / violet,,
個 女 仔 十 八 歲。,个 女 仔 十 八 岁。,go3 neoi5 zai2 sap6 baat3 seoi3,go néuih jái sahp baat seui,The girl is 18 years old.,,
昨天，我去騎山地單車咗。,昨天，我去骑山地单车咗。,zok6 tin1 ngo5 heoi3 ke4 saan1 dei6 daan1 ce1 zo2,johk tīn ngóh heui kèh sāan deih dāan chē jó,Yesterday I went mountain biking.,,
你近排點呀?,你近排点呀?,nei5 gan6 paai4 dim2 aa4 ?,néih ganh pàaih dím àh ?,How have you been lately?,,
折磨,折磨,zit3 mo4,jit mòh,to torment,"torture, suffering",Cantonese::Songs::MyLittleAirport
過山車,过山车,gwo3 saan1 ce1,gwo sāan chē,roller coaster,,Cantonese::Songs::MyLittleAirport
安然,安然,on1 jin4,ōn yìhn,peacefully,safe and sound,Cantonese::Songs::MyLittleAirport
平凡,平凡,ping4 faan4,pìhng fàahn,ordinary,commonplace,Cantonese::Songs::MyLittleAirport
鈴聲,铃声,ling4 sing1,lìhng sīng,ringtone,bell sound,Cantonese::Songs::MyLittleAirport
響起,响起,hoeng2 hei2,héung héi,to ring out,to begin to sound,Cantonese::Songs::MyLittleAirport
理智,理智,lei5 zi3,léih ji,reason,"rationality, sanity",Cantonese::Songs::MyLittleAirport
包圍,包围,baau1 wai4,bāau wàih,to surround,to encircle,Cantonese::Songs::MyLittleAirport
隨意,随意,ceoi4 ji3,chèuih yi,as one pleases,"casually, at will",Cantonese::Songs::MyLittleAirport
略過,略过,loek6 gwo3,leuhk gwo,to skip,to pass over,Cantonese::Songs::MyLittleAirport
消磨,消磨,siu1 mo4,sīu mòh,to while away (time),to kill time,Cantonese::Songs::MyLittleAirport
飄,飘,piu1,pīu,to flutter,"to float, to drift",Cantonese::Songs::MyLittleAirport
階段,阶段,gaai1 dyun6,gāai dyuhn,stage,phase,Cantonese::Songs::MyLittleAirport
倆,俩,loeng5,léuhng,the two (of us/them),both,Cantonese::Songs::MyLittleAirport
大角咀,大角咀,daai6 gok3 zeoi2,daaih gok jéui,Tai Kok Tsui (HK district),,Cantonese::Songs::MyLittleAirport advanced HK
深水埗,深水埗,sam1 seoi2 bou2,sām séui bóu,Sham Shui Po (HK district),,Cantonese::Songs::MyLittleAirport advanced HK
遇見,遇见,jyu6 gin3,yuh gin,to encounter,to meet by chance,Cantonese::Songs::MyLittleAirport
碰面,碰面,pung3 min6,pung mihn,to meet up,to run into,Cantonese::Songs::MyLittleAirport
完場,完场,jyun4 coeng4,yùhn chèuhng,end of a show/event,after the performance,Cantonese::Songs::MyLittleAirport
過身,过身,gwo3 san1,gwo sān,to pass away (Cantonese euphemism),to die,Cantonese::Songs::MyLittleAirport
聊天,聊天,liu4 tin1,lìuh tīn,to chat,to converse,Cantonese::Songs::MyLittleAirport
嬰兒,婴儿,jing1 ji4,yīng yìh,baby,infant,Cantonese::Songs::MyLittleAirport
閃閃,闪闪,sim2 sim2,sím sím,twinkling,glittering,Cantonese::Songs::MyLittleAirport
外地,外地,ngoi6 dei6,ngoih deih,foreign place,other parts of the country,Cantonese::Songs::MyLittleAirport
歷險,历险,lik6 him2,lihk hím,adventure,to have an adventure,Cantonese::Songs::MyLittleAirport
少年,少年,siu3 nin4,siu nìhn,youth,young person,Cantonese::Songs::MyLittleAirport
古典,古典,gu2 din2,gú dín,classical,classic,Cantonese::Songs::MyLittleAirport
婚變,婚变,fan1 bin3,fān bin,marital change/breakup,marriage crisis,Cantonese::Songs::MyLittleAirport
彈唱,弹唱,taan4 coeng3,tàahn cheung,to play and sing,self-accompanied singing,Cantonese::Songs::MyLittleAirport
卡位,卡位,kaa1 wai2,kā wái,booth seat,cubicle seating (HK cafe term),Cantonese::Songs::MyLittleAirport advanced HK
窗邊,窗边,coeng1 bin1,chēung bīn,window side,by the window,Cantonese::Songs::MyLittleAirport
控制,控制,hung3 zai3,hung jai,to control,control,Cantonese::Songs::MyLittleAirport
淚腺,泪腺,leoi6 sin3,leuih sin,tear gland,,Cantonese::Songs::MyLittleAirport
中秋,中秋,zung1 cau1,jūng chāu,Mid-Autumn Festival,,Cantonese::Songs::MyLittleAirport
夜景,夜景,je6 ging2,yeh gíng,night view,night scenery,Cantonese::Songs::MyLittleAirport
湖面,湖面,wu4 min6,wùh mihn,lake surface,,Cantonese::Songs::MyLittleAirport
滿月,满月,mun5 jyut6,múhn yuht,full moon,,Cantonese::Songs::MyLittleAirport
倒影,倒影,dou2 jing2,dóu yíng,reflection (in water),inverted image,Cantonese::Songs::MyLittleAirport
燈影,灯影,dang1 jing2,dāng yíng,lamp shadow,silhouette of light,Cantonese::Songs::MyLittleAirport
腳步,脚步,goek3 bou6,geuk bouh,footsteps,pace,Cantonese::Songs::MyLittleAirport
動聽,动听,dung6 ting1,duhng tīng,pleasant to listen to,moving (of sound),Cantonese::Songs::MyLittleAirport
冷清,冷清,laang5 cing1,láahng chīng,desolate,cold and quiet,Cantonese::Songs::MyLittleAirport
遠景,远景,jyun5 ging2,yúhn gíng,distant view,long-range vision,Cantonese::Songs::MyLittleAirport
暗處,暗处,am3 cyu3,am chyu,dark place,unseen place,Cantonese::Songs::MyLittleAirport
路徑,路径,lou6 ging3,louh ging,path,route,Cantonese::Songs::MyLittleAirport
土瓜灣,土瓜湾,tou2 gwaa1 waan1,tóu gwā wāan,To Kwa Wan (HK district),,Cantonese::Songs::MyLittleAirport advanced HK
空閒,空闲,hung1 haan4,hūng hàahn,free time,idle,Cantonese::Songs::MyLittleAirport
沙中線,沙中线,saa1 zung1 sin3,sā jūng sin,Sha Tin to Central Link (HK MTR line),,Cantonese::Songs::MyLittleAirport advanced HK
歲月,岁月,seoi3 jyut6,seui yuht,years,"time, the passing years",Cantonese::Songs::MyLittleAirport
平淡,平淡,ping4 daam6,pìhng daahm,plain,"uneventful, simple",Cantonese::Songs::MyLittleAirport
黑暗,黑暗,hak1 am3,hāk am,darkness,dark,Cantonese::Songs::MyLittleAirport
朦朧,朦胧,mung4 lung4,mùhng lùhng,hazy,"dim, blurred",Cantonese::Songs::MyLittleAirport
北韓,北韩,bak1 hon4,bāk hòhn,North Korea,,Cantonese::Songs::MyLittleAirport advanced HK
導彈,导弹,dou6 daan2,douh dáan,missile,,Cantonese::Songs::MyLittleAirport
炸爛,炸烂,zaa3 laan6,ja laahn,to blow up,to shatter (by explosion),Cantonese::Songs::MyLittleAirport
虛幻,虚幻,heoi1 waan6,hēui waahn,illusory,unreal,Cantonese::Songs::MyLittleAirport
絕望,绝望,zyut6 mong6,jyuht mohng,despair,hopelessness,Cantonese::Songs::MyLittleAirport
燦爛,灿烂,caan3 laan6,chaan laahn,bright,"splendid, dazzling",Cantonese::Songs::MyLittleAirport
麥記,麦记,mak6 gei3,mahk gei,McDonald's (Cantonese slang),,Cantonese::Songs::MyLittleAirport advanced HK
歸家,归家,gwai1 gaa1,gwāi gā,to return home,,Cantonese::Songs::MyLittleAirport
上樓,上楼,soeng5 lau2,séuhng láu,to go upstairs,to enter one's home,Cantonese::Songs::MyLittleAirport
開口,开口,hoi1 hau2,hōi háu,to open one's mouth,to start speaking,Cantonese::Songs::MyLittleAirport
淚流,泪流,leoi6 lau4,leuih làuh,tears flow,to weep,Cantonese::Songs::MyLittleAirport
轉身,转身,zyun3 san1,jyun sān,to turn around,to spin around,Cantonese::Songs::MyLittleAirport
回頭,回头,wui4 tau4,wùih tàuh,to turn one's head back,to look back,Cantonese::Songs::MyLittleAirport
寒夜,寒夜,hon4 je6,hòhn yeh,cold night,,Cantonese::Songs::MyLittleAirport
追究,追究,zeoi1 gau3,jēui gau,to pursue (an issue),"to investigate, hold accountable",Cantonese::Songs::MyLittleAirport
金牛座,金牛座,gam1 ngau4 zo6,gām ngàuh joh,Taurus (zodiac),,Cantonese::Songs::MyLittleAirport
特性,特性,dak6 sing3,dahk sing,characteristic,distinctive trait,Cantonese::Songs::MyLittleAirport
廣東歌,广东歌,gwong2 dung1 go1,gwóng dūng gō,Cantonese song / Cantopop,,Cantonese::Songs::MyLittleAirport advanced HK
露宿者,露宿者,lou6 suk1 ze2,louh sūk jé,homeless person,rough sleeper,Cantonese::Songs::MyLittleAirport
廟街,庙街,miu2 gaai1,míu gāai,Temple Street (HK),,Cantonese::Songs::MyLittleAirport advanced HK
相士,相士,soeng3 si6,seung sih,fortune-teller (face reader),,Cantonese::Songs::MyLittleAirport
矛盾,矛盾,maau4 teon5,màauh téuhn,contradiction,conflicting,Cantonese::Songs::MyLittleAirport
波動,波动,bo1 dung6,bō duhng,fluctuating,unstable,Cantonese::Songs::MyLittleAirport
千里馬,千里马,cin1 lei5 maa5,chīn léih máh,a thousand-li horse,great talent waiting to be discovered,Cantonese::Songs::MyLittleAirport
狂野,狂野,kwong4 je5,kwòhng yéh,wild,untamed,Cantonese::Songs::MyLittleAirport
細訴,细诉,sai3 sou3,sai sou,to recount in detail,to confide,Cantonese::Songs::MyLittleAirport
小時候,小时候,siu2 si4 hau6,síu sìh hauh,childhood,when one was little,Cantonese::Songs::MyLittleAirport
結伴,结伴,git3 bun6,git buhn,to go together,in company with,Cantonese::Songs::MyLittleAirport
公園,公园,gung1 jyun2,gūng yún,park,public park,Cantonese::Songs::MyLittleAirport
夜遊,夜游,je6 jau4,yeh yàuh,night roaming,to wander at night,Cantonese::Songs::MyLittleAirport
潛入,潜入,cim4 jap6,chìhm yahp,to sneak into,to infiltrate,Cantonese::Songs::MyLittleAirport
嶺南,岭南,ling5 naam4,líhng nàahm,Lingnan (south China region),,Cantonese::Songs::MyLittleAirport
四周,四周,sei3 zau1,sei jāu,all around,surroundings,Cantonese::Songs::MyLittleAirport
親吻,亲吻,can1 man5,chān máhn,to kiss,a kiss,Cantonese::Songs::MyLittleAirport
男女朋友,男女朋友,naam4 neoi5 pang4 jau5,nàahm néuih pàhng yáuh,boyfriend/girlfriend (couple),,Cantonese::Songs::MyLittleAirport
拖手,拖手,to1 sau2,tō sáu,to hold hands (Cantonese),,Cantonese::Songs::MyLittleAirport
衣袖,衣袖,ji1 zau6,yī jauh,sleeve,,Cantonese::Songs::MyLittleAirport
取暖,取暖,ceoi2 nyun5,chéui nyúhn,to warm oneself,to keep warm,Cantonese::Songs::MyLittleAirport
惡俗,恶俗,ok3 zuk6,ok juhk,vulgar,lowbrow,Cantonese::Songs::MyLittleAirport
不捨,不舍,bat1 se2,bāt sé,reluctant to part,unable to let go,Cantonese::Songs::MyLittleAirport
主因,主因,zyu2 jan1,jyú yān,main reason,principal cause,Cantonese::Songs::MyLittleAirport
橙汁,橙汁,caang2 zap1,cháang jāp,orange juice,,Cantonese::Songs::MyLittleAirport
合照,合照,hap6 ziu3,hahp jiu,group photo,photo together,Cantonese::Songs::MyLittleAirport
完結,完结,jyun4 git3,yùhn git,to end,"to finish, conclude",Cantonese::Songs::MyLittleAirport
證件,证件,zing3 gin2,jing gín,identification document,credentials,Cantonese::Songs::YoyoSham
紮根,扎根,zaat3 gan1,jaat gān,to put down roots,to settle,Cantonese::Songs::YoyoSham
旅居,旅居,leoi5 geoi1,léuih gēui,to live abroad,to sojourn,Cantonese::Songs::YoyoSham
人生,人生,jan4 sang1,yàhn sāng,life (one's life),,Cantonese::Songs::YoyoSham
形狀,形状,jing4 zong6,yìhng johng,shape,form,Cantonese::Songs::YoyoSham
擁抱,拥抱,jung2 pou5,yúng póuh,to embrace,to hug,Cantonese::Songs::YoyoSham
回憶,回忆,wui4 jik1,wùih yīk,memory,to recall,Cantonese::Songs::YoyoSham
視角,视角,si6 gok3,sih gok,perspective,point of view,Cantonese::Songs::YoyoSham
離別,离别,lei4 bit6,lèih biht,to part (with someone),separation,Cantonese::Songs::YoyoSham
散落,散落,saan3 lok6,saan lohk,to scatter,fall and disperse,Cantonese::Songs::YoyoSham
凝望,凝望,jing4 mong6,yìhng mohng,to gaze,to stare,Cantonese::Songs::YoyoSham
遼闊,辽阔,liu4 fut3,lìuh fut,vast,broad and open,Cantonese::Songs::YoyoSham
空曠,空旷,hung1 kwong3,hūng kwong,open and empty,spacious,Cantonese::Songs::YoyoSham
過雲雨,过云雨,gwo3 wan4 jyu5,gwo wàhn yúh,passing shower,sudden shower,Cantonese::Songs::YoyoSham
遙望,遥望,jiu4 mong6,yìuh mohng,to gaze afar,,Cantonese::Songs::YoyoSham
清朗,清朗,cing1 long5,chīng lóhng,clear and bright,serene,Cantonese::Songs::YoyoSham
定案,定案,ding6 on3,dihng on,to decide a case,final decision,Cantonese::Songs::YoyoSham
看守,看守,hon1 sau2,hōn sáu,to keep watch,to guard,Cantonese::Songs::YoyoSham
曙光,曙光,cyu5 gwong1,chyúh gwōng,dawn light,"first light, hope",Cantonese::Songs::YoyoSham
嚮往,向往,hoeng3 wong5,heung wóhng,to yearn for,to look forward to,Cantonese::Songs::YoyoSham
迷失,迷失,mai4 sat1,màih sāt,to lose one's way,to be lost,Cantonese::Songs::YoyoSham
名狀,名状,ming4 zong6,mìhng johng,to describe,(usually 不可名狀) indescribable,Cantonese::Songs::YoyoSham
見解,见解,gin3 gaai2,gin gáai,view,"opinion, understanding",Cantonese::Songs::YoyoSham
直覺,直觉,zik6 gok3,jihk gok,intuition,gut feeling,Cantonese::Songs::YoyoSham
怯慌,怯慌,hip3 fong1,hip fōng,to be afraid,panicky,Cantonese::Songs::YoyoSham
沮喪,沮丧,zeoi2 song3,jéui song,depressed,dejected,Cantonese::Songs::YoyoSham
對答,对答,deoi3 daap3,deui daap,to answer,"dialogue, response",Cantonese::Songs::YoyoSham
學堂,学堂,hok6 tong4,hohk tòhng,school (older term),academy,Cantonese::Songs::YoyoSham
駕照,驾照,gaa3 ziu3,ga jiu,driver's license,,Cantonese::Songs::YoyoSham
碰撞,碰撞,pung3 zong6,pung johng,to collide,collision,Cantonese::Songs::YoyoSham
通通,通通,tung1 tung1,tūng tūng,all,entirely,Cantonese::Songs::YoyoSham
失落,失落,sat1 lok6,sāt lohk,to feel lost,disappointment,Cantonese::Songs::YoyoSham
偶爾,偶尔,ngau5 ji5,ngáuh yíh,occasionally,once in a while,Cantonese::Songs::YoyoSham
片刻,片刻,pin3 hak1,pin hāk,a moment,a short while,Cantonese::Songs::YoyoSham
稀薄,稀薄,hei1 bok6,hēi bohk,thin,"scarce (of memory, air)",Cantonese::Songs::YoyoSham
皺眉,皱眉,zau3 mei4,jau mèih,to frown,to furrow brows,Cantonese::Songs::YoyoSham
遙遙無期,遥遥无期,jiu4 jiu4 mou4 kei4,yìuh yìuh mòuh kèih,far off with no end in sight,long way off,Cantonese::Songs::YoyoSham advanced idiom
信紙,信纸,seon3 zi2,seun jí,letter paper,stationery,Cantonese::Songs::YoyoSham
備忘,备忘,bei6 mong4,beih mòhng,memorandum,memo,Cantonese::Songs::YoyoSham
景觀,景观,ging2 gun1,gíng gūn,view,"scenery, landscape",Cantonese::Songs::YoyoSham
遠望,远望,jyun5 mong6,yúhn mohng,to look afar,,Cantonese::Songs::YoyoSham
飄蕩,飘荡,piu1 dong6,pīu dohng,to drift,to float about,Cantonese::Songs::YoyoSham
無端,无端,mou4 dyun1,mòuh dyūn,for no reason,inexplicably,Cantonese::Songs::YoyoSham
默唸,默念,mak6 nim6,mahk nihm,to recite silently,,Cantonese::Songs::YoyoSham
變遷,变迁,bin3 cin1,bin chīn,change,vicissitudes,Cantonese::Songs::YoyoSham
月圓,月圆,jyut6 jyun4,yuht yùhn,full moon,,Cantonese::Songs::YoyoSham
觀賞,观赏,gun1 soeng2,gūn séung,to enjoy viewing,to appreciate (a view),Cantonese::Songs::CAllStar
街景,街景,gaai1 ging2,gāai gíng,street scene,streetscape,Cantonese::Songs::CAllStar
動態,动态,dung6 taai3,duhng taai,movement,"dynamics, current trends",Cantonese::Songs::CAllStar
半路,半路,bun3 lou6,bun louh,halfway,midway,Cantonese::Songs::CAllStar
停步,停步,ting4 bou6,tìhng bouh,to stop walking,to halt,Cantonese::Songs::CAllStar
脈搏,脉搏,mak6 bok3,mahk bok,pulse,,Cantonese::Songs::CAllStar
起伏,起伏,hei2 fuk6,héi fuhk,to rise and fall,ups and downs,Cantonese::Songs::CAllStar
拼命,拼命,ping3 meng6,ping mehng,to risk one's life,to work desperately,Cantonese::Songs::CAllStar
心痛,心痛,sam1 tung3,sām tung,heartache,painful (heart),Cantonese::Songs::CAllStar
同行,同行,tung4 hang4,tùhng hàhng,to walk together,to accompany,Cantonese::Songs::CAllStar
臨時,临时,lam4 si4,làhm sìh,temporary,at the last minute,Cantonese::Songs::CAllStar
句點,句点,geoi3 dim2,geui dím,full stop,period (punctuation),Cantonese::Songs::CAllStar
話別,话别,waa6 bit6,wah biht,to say goodbye,to bid farewell,Cantonese::Songs::CAllStar
重生,重生,cung4 sang1,chùhng sāng,to be reborn,rebirth,Cantonese::Songs::CAllStar
餘生,余生,jyu4 sang1,yùh sāng,rest of one's life,remaining years,Cantonese::Songs::CAllStar
浩劫,浩劫,hou6 gip3,houh gip,catastrophe,disaster,Cantonese::Songs::CAllStar
沉澱,沉淀,cam4 din6,chàhm dihn,to settle (mentally),to precipitate,Cantonese::Songs::CAllStar
悠然,悠然,jau4 jin4,yàuh yìhn,leisurely,carefree,Cantonese::Songs::CAllStar
蛻變,蜕变,teoi3 bin3,teui bin,transformation,metamorphosis,Cantonese::Songs::CAllStar
祈求,祈求,kei4 kau4,kèih kàuh,to pray for,to beseech,Cantonese::Songs::CAllStar
終端,终端,zung1 dyun1,jūng dyūn,terminal,end point,Cantonese::Songs::CAllStar
相擁,相拥,soeng1 jung2,sēung yúng,to embrace each other,,Cantonese::Songs::CAllStar
如常,如常,jyu4 soeng4,yùh sèuhng,as usual,normal,Cantonese::Songs::CAllStar
對話,对话,deoi3 waa2,deui wá,dialogue,conversation,Cantonese::Songs::CAllStar
塌下,塌下,taap3 haa6,taap hah,to collapse,to cave in,Cantonese::Songs::CAllStar
生死,生死,sang1 sei2,sāng séi,life and death,,Cantonese::Songs::CAllStar
費時,费时,fai3 si4,fai sìh,time-consuming,to take time,Cantonese::Songs::CAllStar
尋求,寻求,cam4 kau4,chàhm kàuh,to seek,to pursue,Cantonese::Songs::CAllStar
心碎,心碎,sam1 seoi3,sām seui,heartbroken,shattered heart,Cantonese::Songs::JackyCheung
愛侶,爱侣,oi3 leoi5,oi léuih,lover,romantic partner,Cantonese::Songs::JackyCheung
空虛,空虚,hung1 heoi1,hūng hēui,empty (emotionally),"hollow, void",Cantonese::Songs::JackyCheung
字句,字句,zi6 geoi3,jih geui,words and phrases,wording,Cantonese::Songs::JackyCheung
傷透,伤透,soeng1 tau3,sēung tau,deeply hurt,devastated,Cantonese::Songs::JackyCheung
心窩,心窝,sam1 wo1,sām wō,heart,"bosom, inmost feelings",Cantonese::Songs::JackyCheung
佔據,占据,zim3 geoi3,jim geui,to occupy,to seize,Cantonese::Songs::JackyCheung
眼眶,眼眶,ngaan5 hong1,ngáahn hōng,eye socket,rim of the eye,Cantonese::Songs::JackyCheung
引退,引退,jan5 teoi3,yáhn teui,to retire,to withdraw,Cantonese::Songs::JackyCheung
消失,消失,siu1 sat1,sīu sāt,to disappear,to vanish,Cantonese::Songs::JackyCheung
苦痛,苦痛,fu2 tung3,fú tung,suffering,pain and anguish,Cantonese::Songs::JackyCheung
無情,无情,mou4 cing4,mòuh chìhng,heartless,unfeeling,Cantonese::Songs::JackyCheung
北風,北风,bak1 fung1,bāk fūng,north wind,,Cantonese::Songs::JackyCheung
吹送,吹送,ceoi1 sung3,chēui sung,to blow (and send),,Cantonese::Songs::JackyCheung
孤孤單單,孤孤单单,gu1 gu1 daan1 daan1,gū gū dāan dāan,all alone,lonely,Cantonese::Songs::JackyCheung
冷漠,冷漠,laang5 mok6,láahng mohk,indifferent,cold (in attitude),Cantonese::Songs::JackyCheung
寂寞,寂寞,zik6 mok6,jihk mohk,lonely,lonesome,Cantonese::Songs::JackyCheung
墮進,堕进,do6 zeon3,doh jeun,to fall into,,Cantonese::Songs::JackyCheung
夜雨,夜雨,je6 jyu5,yeh yúh,night rain,,Cantonese::Songs::JackyCheung
傾吐,倾吐,king1 tou3,kīng tou,to pour out (feelings),to confide,Cantonese::Songs::JackyCheung
苦惱,苦恼,fu2 nou5,fú nóuh,troubled,"distressed, vexed",Cantonese::Songs::JackyCheung
宣告,宣告,syun1 gou3,syūn gou,to declare,to announce,Cantonese::Songs::JackyCheung
癡心,痴心,ci1 sam1,chī sām,infatuated,devoted (often romantically),Cantonese::Songs::JackyCheung
熱戀,热恋,jit6 lyun2,yiht lyún,passionate love,to be deeply in love,Cantonese::Songs::JackyCheung
預告,预告,jyu6 gou3,yuh gou,preview,"to forewarn, advance notice",Cantonese::Songs::JackyCheung
偏偏,偏偏,pin1 pin1,pīn pīn,but (against expectation),just happens to,Cantonese::Songs::JackyCheung
終老,终老,zung1 lou5,jūng lóuh,to live out one's life,to spend old age,Cantonese::Songs::JackyCheung
行盡,行尽,haang4 zeon6,hàahng jeuhn,to exhaust all (paths),to walk to the end,Cantonese::Songs::JackyCheung
錯路,错路,co3 lou6,cho louh,wrong path,,Cantonese::Songs::JackyCheung
孤島,孤岛,gu1 dou2,gū dóu,isolated island,lonely isle,Cantonese::Songs::JackyCheung
濃霧,浓雾,nung4 mou6,nùhng mouh,thick fog,dense mist,Cantonese::Songs::JackyCheung
同步,同步,tung4 bou6,tùhng bouh,in sync,synchronized,Cantonese::Songs::JackyCheung
悠悠,悠悠,jau4 jau4,yàuh yàuh,long and drawn out,leisurely,Cantonese::Songs::JackyCheung
長夜,长夜,coeng4 je6,chèuhng yeh,long night,,Cantonese::Songs::JackyCheung
晨早,晨早,san4 zou2,sàhn jóu,early morning,,Cantonese::Songs::JackyCheung
啞巴,哑巴,aa2 baa1,á bā,mute person,unable to speak,Cantonese::Songs::JackyCheung
憂鬱,忧郁,jau1 wat1,yāu wāt,depressed,"melancholic, gloomy",Cantonese::Songs::JackyCheung
抱擁,抱拥,pou5 jung2,póuh yúng,to embrace,to hug,Cantonese::Songs::JackyCheung
拋開,抛开,paau1 hoi1,pāau hōi,to throw aside,to cast away,Cantonese::Songs::JackyCheung
火化,火化,fo2 faa3,fó fa,to cremate,to incinerate,Cantonese::Songs::JackyCheung
火花,火花,fo2 faa1,fó fā,sparks,,Cantonese::Songs::JackyCheung
濃情,浓情,nung4 cing4,nùhng chìhng,strong feelings,deep affection,Cantonese::Songs::JackyCheung
情話,情话,cing4 waa2,chìhng wá,sweet nothings,words of love,Cantonese::Songs::JackyCheung
晨曦,晨曦,san4 hei1,sàhn hēi,dawn light,first light of morning,Cantonese::Songs::JackyCheung
細雨,细雨,sai3 jyu5,sai yúh,drizzle,fine rain,Cantonese::Songs::JackyCheung
重臨,重临,cung4 lam4,chùhng làhm,to come again,to return,Cantonese::Songs::JackyCheung
大地,大地,daai6 dei6,daaih deih,the earth,land,Cantonese::Songs::JackyCheung
躲避,躲避,do2 bei6,dó beih,to dodge,to hide from,Cantonese::Songs::JackyCheung
剎那,刹那,saat3 naa5,saat náh,instant,a moment,Cantonese::Songs::JackyCheung
路旁,路旁,lou6 pong4,louh pòhng,roadside,,Cantonese::Songs::JackyCheung
察覺,察觉,caat3 gok3,chaat gok,to notice,to perceive,Cantonese::Songs::JackyCheung
路人,路人,lou6 jan4,louh yàhn,passerby,stranger,Cantonese::Songs::JackyCheung
重逢,重逢,cung4 fung4,chùhng fùhng,to meet again,reunion,Cantonese::Songs::JackyCheung
嘆氣,叹气,taan3 hei3,taan hei,to sigh,,Cantonese::Songs::JackyCheung
慰問,慰问,wai3 man6,wai mahn,to console,to express sympathy,Cantonese::Songs::JackyCheung
讚美,赞美,zaan3 mei5,jaan méih,to praise,compliment,Cantonese::Songs::JackyCheung
年月,年月,nin4 jyut6,nìhn yuht,years,months and years,Cantonese::Songs::JackyCheung
思憶,思忆,si1 jik1,sī yīk,remembrance,to recall,Cantonese::Songs::JackyCheung
連綿,连绵,lin4 min4,lìhn mìhn,continuous,unbroken,Cantonese::Songs::JackyCheung
逃避,逃避,tou4 bei6,tòuh beih,to escape,to evade,Cantonese::Songs::JackyCheung
掛念,挂念,gwaa3 nim6,gwa nihm,to miss,to think of (worriedly),Cantonese::Songs::JackyCheung
告別,告别,gou3 bit6,gou biht,to bid farewell,parting,Cantonese::Songs::JackyCheung
言詞,言词,jin4 ci4,yìhn chìh,words,speech,Cantonese::Songs::JackyCheung
乏味,乏味,fat6 mei6,faht meih,dull,"tasteless, boring",Cantonese::Songs::JackyCheung
親近,亲近,can1 gan6,chān gahn,close,intimate,Cantonese::Songs::JackyCheung
真摯,真挚,zan1 zi3,jān ji,sincere,earnest,Cantonese::Songs::JackyCheung
猶如,犹如,jau4 jyu4,yàuh yùh,just like,as if,Cantonese::Songs::JackyCheung
逝去,逝去,sai6 heoi3,saih heui,to pass away,to fade away,Cantonese::Songs::JackyCheung
語氣,语气,jyu5 hei3,yúh hei,tone of voice,manner of speaking,Cantonese::Songs::JackyCheung
搔癢,搔痒,sou1 joeng5,sōu yéuhng,to scratch (an itch),,Cantonese::Songs::FayeWong
尋常,寻常,cam4 soeng4,chàhm sèuhng,ordinary,common,Cantonese::Songs::FayeWong
拇指,拇指,mou5 zi2,móuh jí,thumb,,Cantonese::Songs::FayeWong
撩動,撩动,liu4 dung6,lìuh duhng,to stir,"to flick, to provoke",Cantonese::Songs::FayeWong
花瓣,花瓣,faa1 faan6,fā faahn,petal,,Cantonese::Songs::FayeWong
聲響,声响,sing1 hoeng2,sīng héung,sound,noise,Cantonese::Songs::FayeWong
放手,放手,fong3 sau2,fong sáu,to let go,to release,Cantonese::Songs::FayeWong
漫長,漫长,maan6 coeng4,maahn chèuhng,long,drawn out,Cantonese::Songs::FayeWong
償還,偿还,soeng4 waan4,sèuhng wàahn,to repay,to compensate,Cantonese::Songs::FayeWong
心願,心愿,sam1 jyun6,sām yuhn,wish,heart's desire,Cantonese::Songs::FayeWong
稀罕,稀罕,hei1 hon2,hēi hón,rare,to treasure (as rare),Cantonese::Songs::FayeWong
相戀,相恋,soeng1 lyun2,sēung lyún,to be in love,to love each other,Cantonese::Songs::FayeWong
情願,情愿,cing4 jyun6,chìhng yuhn,willing,would rather,Cantonese::Songs::FayeWong
甦醒,苏醒,sou1 sing2,sōu síng,to wake up,to regain consciousness,Cantonese::Songs::FayeWong
暢泳,畅泳,coeng3 wing6,cheung wihng,to swim freely,,Cantonese::Songs::FayeWong
忘形,忘形,mong4 jing4,mòhng yìhng,beside oneself with joy,to lose oneself,Cantonese::Songs::FayeWong
攀,攀,paan1,pāan,to climb,to scale,Cantonese::Songs::FayeWong
雪山,雪山,syut3 saan1,syut sāan,snow mountain,snowy peak,Cantonese::Songs::FayeWong
揮發,挥发,fai1 faat3,fāi faat,to evaporate,to volatilize,Cantonese::Songs::LeslieCheung
餘香,余香,jyu4 hoeng1,yùh hēung,lingering fragrance,,Cantonese::Songs::LeslieCheung
情動,情动,cing4 dung6,chìhng duhng,emotionally moved,stirred by feeling,Cantonese::Songs::LeslieCheung
遐想,遐想,haa4 soeng2,hàh séung,reverie,daydream,Cantonese::Songs::LeslieCheung
超乎,超乎,ciu1 fu4,chīu fùh,to surpass,beyond,Cantonese::Songs::LeslieCheung
但願,但愿,daan6 jyun6,daahn yuhn,I wish,if only,Cantonese::Songs::LeslieCheung
成長,成长,sing4 zoeng2,sìhng jéung,to grow up,to mature,Cantonese::Songs::LeslieCheung
覓,觅,mik6,mihk,to seek,to look for,Cantonese::Songs::LeslieCheung
模糊,模糊,mou4 wu4,mòuh wùh,vague,blurry,Cantonese::Songs::LeslieCheung
迷戀,迷恋,mai4 lyun2,màih lyún,to be infatuated,to obsess over,Cantonese::Songs::LeslieCheung
風雨,风雨,fung1 jyu5,fūng yúh,wind and rain,hardship,Cantonese::Songs::LeslieCheung
潮漲,潮涨,ciu4 zoeng2,chìuh jéung,rising tide,,Cantonese::Songs::LeslieCheung
證實,证实,zing3 sat6,jing saht,to confirm,to verify,Cantonese::Songs::LeslieCheung
傾慕,倾慕,king1 mou6,kīng mouh,to admire (romantically),to adore,Cantonese::Songs::LeslieCheung
無力,无力,mou4 lik6,mòuh lihk,powerless,weak,Cantonese::Songs::LeslieCheung
有心,有心,jau5 sam1,yáuh sām,to have intention,thoughtful,Cantonese::Songs::LeslieCheung
眉梢,眉梢,mei4 saau1,mèih sāau,tip of the brow,,Cantonese::Songs::LeslieCheung
眼角,眼角,ngaan5 gok3,ngáahn gok,corner of the eye,,Cantonese::Songs::LeslieCheung
彷彿,仿佛,fong2 fat1,fóng fāt,as if,seemingly,Cantonese::Songs::LeslieCheung
直接,直接,zik6 zip3,jihk jip,direct,straightforward,Cantonese::Songs::LeslieCheung
裸露,裸露,lo2 lou6,ló louh,to expose,to lay bare,Cantonese::Songs::LeslieCheung
情愫,情愫,cing4 sou3,chìhng sou,secret feelings,sentiment,Cantonese::Songs::LeslieCheung
保障,保障,bou2 zoeng3,bóu jeung,guarantee,"protection, safeguard",Cantonese::Songs::MCCheungTinFu
私家,私家,si1 gaa1,sī gā,private,personal,Cantonese::Songs::MCCheungTinFu
病房,病房,beng6 fong2,behng fóng,hospital room,ward,Cantonese::Songs::MCCheungTinFu
傷勢,伤势,soeng1 sai3,sēung sai,severity of an injury,,Cantonese::Songs::MCCheungTinFu
死去活來,死去活来,sei2 heoi3 wut6 loi4,séi heui wuht lòih,to and fro between life and death,"intensely, to a great degree",Cantonese::Songs::MCCheungTinFu advanced idiom
療法,疗法,liu4 faat3,lìuh faat,therapy,treatment,Cantonese::Songs::MCCheungTinFu
過渡,过渡,gwo3 dou6,gwo douh,to transition,transitional,Cantonese::Songs::MCCheungTinFu
愛神,爱神,oi3 san4,oi sàhn,Cupid,god of love,Cantonese::Songs::MCCheungTinFu
對賭,对赌,deoi3 dou2,deui dóu,to gamble against,to bet against,Cantonese::Songs::MCCheungTinFu
信徒,信徒,seon3 tou4,seun tòuh,believer,"devotee, follower",Cantonese::Songs::MCCheungTinFu
回報,回报,wui4 bou3,wùih bou,to repay,"reward, feedback",Cantonese::Songs::MCCheungTinFu
身心,身心,san1 sam1,sān sām,body and mind,,Cantonese::Songs::MCCheungTinFu
天荒地老,天荒地老,tin1 fong1 dei6 lou5,tīn fōng deih lóuh,until the end of time,forever and ever,Cantonese::Songs::MCCheungTinFu advanced idiom
安好,安好,on1 hou2,ōn hóu,well,safe and sound,Cantonese::Songs::MCCheungTinFu
富有,富有,fu3 jau5,fu yáuh,wealthy,rich,Cantonese::Songs::MCCheungTinFu
郵遞,邮递,jau4 dai6,yàuh daih,mail delivery,to mail,Cantonese::Songs::MCCheungTinFu
表格,表格,biu2 gaak3,bíu gaak,form (document),"table, chart",Cantonese::Songs::MCCheungTinFu
體質,体质,tai2 zat1,tái jāt,physical constitution,body health,Cantonese::Songs::MCCheungTinFu
大計,大计,daai6 gai3,daaih gai,grand plan,long-term plan,Cantonese::Songs::MCCheungTinFu
籌劃,筹划,cau4 waak6,chàuh waahk,to plan,to map out,Cantonese::Songs::MCCheungTinFu
勇氣,勇气,jung5 hei3,yúhng hei,courage,bravery,Cantonese::Songs::MCCheungTinFu
消遣,消遣,siu1 hin2,sīu hín,pastime,recreation,Cantonese::Songs::MCCheungTinFu
無恙,无恙,mou4 joeng6,mòuh yeuhng,unharmed,safe and well,Cantonese::Songs::MCCheungTinFu
擔憂,担忧,daam1 jau1,dāam yāu,to worry,anxiety,Cantonese::Songs::MCCheungTinFu
缺氧,缺氧,kyut3 joeng5,kyut yéuhng,lack of oxygen,hypoxia,Cantonese::Songs::MCCheungTinFu
丁點,丁点,ding1 dim2,dīng dím,a tiny bit,iota,Cantonese::Songs::MCCheungTinFu
舒暢,舒畅,syu1 coeng3,syū cheung,comfortable,carefree (mood),Cantonese::Songs::MCCheungTinFu
驗身,验身,jim6 san1,yihm sān,physical examination,medical check-up,Cantonese::Songs::MCCheungTinFu
體諒,体谅,tai2 loeng6,tái leuhng,to be considerate,to make allowances for,Cantonese::Songs::MCCheungTinFu
年少,年少,nin4 siu3,nìhn siu,young (in age),youth,Cantonese::Songs::MCCheungTinFu
導致,导致,dou6 zi3,douh ji,to lead to,to cause,Cantonese::Songs::MCCheungTinFu
虛弱,虚弱,heoi1 joek6,hēui yeuhk,weak,feeble,Cantonese::Songs::MCCheungTinFu
去路,去路,heoi3 lou6,heui louh,way out,path ahead,Cantonese::Songs::MCCheungTinFu
勝訴,胜诉,sing3 sou3,sing sou,to win a lawsuit,,Cantonese::Songs::MCCheungTinFu
煎熬,煎熬,zin1 ngou4,jīn ngòuh,to suffer (a lot),torment,Cantonese::Songs::MCCheungTinFu
賬號,账号,zoeng3 hou6,jeung houh,account number,account,Cantonese::Songs::MCCheungTinFu
趁早,趁早,can3 zou2,chan jóu,as early as possible,while there's still time,Cantonese::Songs::MCCheungTinFu
籌備,筹备,cau4 bei6,chàuh beih,to prepare (in advance),to make arrangements,Cantonese::Songs::MCCheungTinFu
退路,退路,teoi3 lou6,teui louh,way of retreat,fallback,Cantonese::Songs::MCCheungTinFu
風險,风险,fung1 him2,fūng hím,risk,hazard,Cantonese::Songs::MCCheungTinFu
虛報,虚报,heoi1 bou3,hēui bou,to misreport,to falsely report,Cantonese::Songs::MCCheungTinFu
美好方案,美好方案,mei5 hou2 fong1 on3,méih hóu fōng on,beautiful plan,ideal scheme,Cantonese::Songs::MCCheungTinFu
防範,防范,fong4 faan6,fòhng faahn,to guard against,precaution,Cantonese::Songs::MCCheungTinFu
愛戀,爱恋,oi3 lyun2,oi lyún,to be in love,romance,Cantonese::Songs::MCCheungTinFu
災難,灾难,zoi1 naan6,jōi naahn,disaster,calamity,Cantonese::Songs::MCCheungTinFu
勉強,勉强,min5 koeng5,míhn kéuhng,reluctantly,"barely, with difficulty",Cantonese::Songs::MCCheungTinFu
開支,开支,hoi1 zi1,hōi jī,expenses,expenditure,Cantonese::Songs::MCCheungTinFu
高漲,高涨,gou1 zoeng3,gōu jeung,rising (prices),surging,Cantonese::Songs::MCCheungTinFu
振奮,振奋,zan3 fan5,jan fáhn,to be energized,to inspire,Cantonese::Songs::MCCheungTinFu
新款,新款,san1 fun2,sān fún,new model,new style,Cantonese::Songs::MCCheungTinFu
捱過,捱过,ngaai4 gwo3,ngàaih gwo,to endure,to get through (hardship),Cantonese::Songs::MCCheungTinFu
得著,得着,dak1 zoek6,dāk jeuhk,gain,benefit,Cantonese::Songs::MCCheungTinFu
雲霧,云雾,wan4 mou6,wàhn mouh,clouds and mist,,Cantonese::Songs::MCCheungTinFu
吞吐,吞吐,tan1 tou3,tān tou,to swallow and spit out,"to be evasive, hem and haw",Cantonese::Songs::MCCheungTinFu
季度,季度,gwai3 dou6,gwai douh,quarter (of the year),,Cantonese::Songs::MCCheungTinFu
稍安無躁,稍安无躁,saau2 on1 mou4 cou3,sáau ōn mòuh chou,"be patient, stay calm",calm down a bit,Cantonese::Songs::MCCheungTinFu advanced idiom