English,Arabic,Bengali,Chinese (Traditional),Farsi,French,German,Pashto,Portuguese,Spanish,Swahili,Turkish,Ukrainian,Urdu,Part of Speech,Example sentence,Grammar explanation,
A blessing in disguise,نعمة مقنعة,অপ্রত্যাশিত ভালো ঘটনা,因禍得福,نعمت پنهان,bénédiction déguisée,Glück im Unglück,پټه ګټه,bênção disfarçada,bendición disfrazada,baraka iliyofichika,kılık değiştirmiş nimet,приховане благо,چھپی ہوئی نعمت,idiom,Losing that job was a blessing in disguise because she found a better one later.,Something that seems bad at first but turns out beneficial.,
Abate,يخفّ,কমে যাওয়া,減輕,فروکش کردن,s’atténuer,nachlassen,کمېدل,diminuir,disminuir,kupungua,azalmak,послаблюватися,کم ہونا,verb,The storm began to abate.,To reduce in intensity.,
Aberration,انحراف,ব্যতিক্রম,異常,انحراف,aberration,Anomalie,انحراف,aberração,aberración,hali isiyo ya kawaida,sapma,відхилення,انحراف,noun,The unusually warm winter was an aberration.,Departure from what is normal.,
Abeyance,تعليق,স্থগিত,擱置,تعلیق,suspension,Aussetzung,ځنډ,suspensão,suspensión,kusitishwa,askıya alma,призупинення,التوا,noun,The project is in abeyance.,Temporary suspension.,
Abridge,اختصر,সংক্ষিপ্ত করা,刪節,خلاصه کردن,abréger,verkürzen,لنډول,resumir,abreviar,kufupisha,kısaltmak,скорочувати,مختصر کرنا,verb,The text was abridged.,To shorten.,
Abrogate,يلغي,বাতিল করা,廢除,لغو کردن,abroger,aufheben,لغوه کول,revogar,abrogar,kufuta,iptal etmek,скасовувати,منسوخ کرنا,verb,The treaty was abrogated.,To formally cancel.,
Abstain,يمتنع,বিরত থাকা,棄權,خودداری کردن,s’abstenir,verzichten,ډډه کول,abster-se,abstenerse,kuepuka,kaçınmak,утримуватися,پرہیز کرنا,verb,Many voters abstained from the election.,To deliberately refrain from doing something.,
Abstract,ملخص,সারসংক্ষেপ,摘要,چکیده,résumé,Zusammenfassung,لنډيز,resumo,resumen,muhtasari,özet,анотація,خلاصہ,noun,The article’s abstract summarized the main findings.,A short summary of an academic paper or study.,
Abstruse,معقد,দুর্বোধ্য,深奧,پیچیده,abstrus,dunkel,پیچلی,abstruso,abstruso,ya kueleweka kwa shida,karmaşık,складний,پیچیدہ,adjective,The theory is abstruse.,Difficult to understand.,
Abundant,وفير,প্রচুর,豐富的,فراوان,abondant,reichlich,ډېر زيات,abundante,abundante,tele,sarı,достатній,کثرت,adjective,Resources are abundant here.,Plentiful or more than enough.,
Acclaim,إشادة,প্রশংসা,讚譽,تحسین,acclamation,Lob,ستاینه,aclamação,aclamación,sifa,alkış,визнання,تعریف,noun,The book received critical acclaim.,Formal praise.,
Accountability,المساءلة,জবাবদিহিতা,問責,پاسخگویی,responsabilité,Rechenschaftspflicht,حساب ورکول,responsabilidade,responsabilidad,uwajibikaji,hesap verebilirlik,підзвітність,احتساب,noun,Leadership requires accountability.,Being responsible for actions.,
Accretion,تراكم,সঞ্চয়,累積,تجمع,accrétion,Anhäufung,تجمع,acréscimo,acreción,mkusanyiko,birikim,наростання,جمع,noun,Accretion of knowledge takes time.,Growth by gradual addition.,
Acquiesce,يوافق ضمنيًا,মৌন সম্মতি দেওয়া,默許,تسلیم شدن,acquiescer,zustimmen,منل,acquiescer,acquiescer,kukubali bila kupinga,zımnen kabul etmek,погоджуватися,خاموشی سے مان لینا,verb,They acquiesced to the demand.,To accept reluctantly.,
Acquisition,استحواذ,অধিগ্রহণ,收購,اکتساب,acquisition,Übernahme,ترلاسه کول,aquisição,adquisición,upatikanaji,satın alma,придбання,حصول,noun,The acquisition was approved.,Purchase of company/assets.,
Actions speak louder than words,الأفعال أبلغ من الأقوال,কাজ কথার চেয়ে বেশি গুরুত্বপূর্ণ,行動勝於言語,عمل مهم‌تر از حرف است,les actions parlent plus que les mots,Taten sagen mehr als Worte,عمل تر خبرو مهم دی,ações falam mais que palavras,las acciones hablan más que las palabras,matendo yana nguvu kuliko maneno,lafta değil icraat,дії говорять голосніше за слова,عمل باتوں سے زیادہ اہم ہیں,idiom,"He promised to help, but actions speak louder than words.",What people do is more important than what they say.,
Actuator,مشغل ميكانيكي,অ্যাকচুয়েটর,致動器,محرک,actionneur,Aktuator,محرک,atuador,actuador,kianzishi eyleyici,привід,ایکچیویٹر,noun,The actuator controls the movement of the robotic arm.,A device that converts energy into mechanical motion.,,
Acute,حاد,তীব্র,急性的,حاد,aigu,akut,شدید,agudo,agudo,kali,dar,гострий,شدید,adjective,He felt acute pain.,Severe or intense.,
Add fuel to the fire,يزيد الطين بلة,আগুনে ঘি ঢালা,火上加油,اوضاع را بدتر کردن,jeter de l’huile sur le feu,Öl ins Feuer gießen,ستونزه زياتول,colocar lenha na fogueira,echar leña al fuego,kuongeza matatizo,ateşe körükle gitmek,підливати масла у вогонь,آگ میں گھی ڈالنا,idiom,His rude comment only added fuel to the fire.,To make a bad situation even worse.,
Adjudicate,يحكم,রায় দেওয়া,裁決,قضاوت کردن,juger,richten,فیصله کول,adjudicar,adjudicar,kutoa uamuzi,karar vermek,ухвалювати рішення,فیصلہ کرنا,verb,The court adjudicated the case.,To make a legal decision.,
Admonish,ينبه,সতর্ক করা,告誡,تذکر دادن,admonester,ermahnen,خبر دارول,admonestar,admonestar,kuonya,uyarmak,застерігати,تنبیہ کرنا,verb,He was admonished for mistakes.,To warn or scold gently.,
Adroit,ماهر,দক্ষ,熟練的,ماهر,adroit,gewandt,ماهر,hábil,diestro,stadi,becerikli,вправний,ماہر,adjective,She was adroit at negotiating complex agreements.,Skilled and clever in handling situations.,
Adversity,شدائد,দুর্যোগ,逆境,سختی,adversité,Schwierigkeit,سختي,adversidade,adversidad,majaribu,olumsuzluk,негаразди,مشکل,noun,She overcame adversity.,Difficult conditions.,
Aesthetic,جمالي,সৌন্দর্যবোধ,美學,زیبایی‌شناختی,esthétique,ästhetisch,جمالياتي,estético,estético,urembo,estetik,естетичний,جمالیاتی,adjective,The design is aesthetic.,Concerned with beauty.,
Affluent,ثري,সমৃদ্ধ,富裕的,مرفه,aisé,wohlhabend,شتمن,afluente,acomodado,tajiri,varlıklı,заможний,خوشحال,adjective,The affluent neighborhood had large homes.,Wealthy or prosperous.,
Agile,أجايل,অ্যাজাইল পদ্ধতি,敏捷開發,چابک,agile,agil,چټک پرمختګ,ágil,ágil,mbinu ya haraka,çevik,гнучкий,ایجائل,noun,The development team adopted Agile to improve collaboration.,A project management methodology emphasizing flexibility and iterative progress.,
Airplane mode,وضع الطيران,এয়ারপ্লেন মোড,飛航模式,حالت هواپیما,mode avion,Flugmodus,د الوتکې حالت,modo avião,modo avión,hali ya ndege,uçak modu,режим польоту,ایئرپلین موڈ,noun,Please switch your phone to airplane mode before takeoff.,A phone setting that disables wireless communication signals.,
Aisle,ممر,দোকানের সারির মাঝের পথ,走道,راهرو,allée,Gang,لار corredor,pasillo,njia ya kati koridorda geçit,прохід,راہداری,noun,The pasta was located in aisle seven of the supermarket.,A passage between rows of shelves or seats.,,,
Alacrity,سرعة,তৎপরতা,敏捷,چابکی,alacrité,Bereitschaft,چټکتیا,alacridade,alacridad,haraka,istekli,жвавість,تیزی,noun,He accepted with alacrity.,Prompt eagerness.,
Algorithm,خوارزمية,অ্যালগরিদম,演算法,الگوریتم,algorithme,Algorithmus,الګوريتم,algoritmo,algoritmo,algoriti,algoritma,алгоритм,الگورتھم,noun,The search engine relies on a complex algorithm.,A step-by-step computational process used to solve problems.,
All ears,مصغٍ تمامًا,মনোযোগ দিয়ে শোনা,洗耳恭聽,کاملاً گوش دادن,être tout ouïe,ganz Ohr sein,په غور اورېدل,todo ouvidos,ser todo oídos,kusikiliza kwa makini,can kulağıyla dinlemek,уважно слухати,پورے دھیان سے سننا,idiom,"If you have advice, I’m all ears.",Ready and eager to listen carefully.,
Alleviate,يخفف,কমানো,緩解,تسکین دادن,soulager,lindern,کمول,aliviar,aliviar,kupunguza,hafifletmek,полегшувати,کم کرنا,verb,The medicine alleviates pain.,To make suffering or difficulty less severe.,
Allocate,يخصص,বরাদ্দ করা,分配,اختصاص دادن,allouer,zuteilen,وېشل,alocar,asignar,kutenga,ayırmak,виділяти,مختص کرنا,verb,The manager allocated additional funds to marketing.,To distribute resources or responsibilities for a specific purpose.,
Altruistic,إيثاري,পরার্থপর,利他的,نوع‌دوست,altruiste,altruistisch,بې غرضه,altruísta,altruista,ya kujitolea,saf özlü,альтруїстичний,ایثار پسند,adjective,His altruistic actions helped many.,Selfless concern for others.,
Ambiguous,غامض,অস্পষ্ট,模糊的,مبهم,ambigu,mehrdeutig,مبهم,ambíguo,ambiguo,ya kutatanisha,belirsiz,неоднозначний,غیر واضح,adjective,The instructions were ambiguous.,Open to more than one interpretation.,
Ambivalence,تردد,দ্বিধা,矛盾心理,تردید,ambivalence,Ambivalenz,دوګونی احساس,ambivalência,ambivalencia,mashaka,ikirciklik,суперечливість,دوگانہ پن,noun,She felt ambivalence about leaving.,Mixed feelings.,
Ambivalent,متردد,দ্বিধাগ্রস্ত,矛盾的,دو دل,ambivalent,zwiespältig,دوه زړی,ambivalente,ambivalente,mwenye hisia mchanganyiko,kararsız,амбівалентний,تذبذب کا شکار,adjective,She felt ambivalent about accepting the promotion.,Having mixed or contradictory feelings about something.,
Ameliorate,يحسّن,উন্নত করা,改善,بهبود بخشیدن,améliorer,verbessern,ښه کول,ameliorar,mejorar,kuboresha,iyileştirmek,поліпшувати,بہتر بنانا,verb,The reforms helped ameliorate conditions.,To improve or make better.,
Amity,صداقة,বন্ধুত্ব,友誼,دوستی,amitié,Freundschaft,ملګرتیا,amistad,amistad,urafiki,dostluk,дружба,دوستی,noun,Amity prevailed between nations.,Friendly relations.,
Amorphous,عديم الشكل,অস্পষ্ট আকৃতির,無定形的,بی‌شکل,amorphe,formlos,بې شکل,amorfo,amorfo,isiyo na umbo,şekilsiz,аморфний,بے شکل,adjective,The idea remained amorphous.,Without clear shape or structure.,
Amortization,استهلاك,অবচয়,攤銷,استهلاک,amortissement,Abschreibung,استهلاک,amortização,amortización,urejeshaji,us amortisman,амортизація,استهلاک,noun,Amortization reduces debt.,Spreading cost over time.,
Anachronism,خطأ زمني,কালবৈষম্য,時代錯誤,زمان‌پریشی,anachronisme,Anachronismus,د وخت تېروتنه,anacronismo,anacronismo,kitu kisicho na wakati,anakronizm,анахронізм,زمانی غلط,noun,The watch is an anachronism.,Out of time period.,
Anachronistic,زمنيًّا غير مناسب,কালবৈষম্যপূর্ণ,時代錯誤的,زمان‌پریش,anachronique,anachronistisch,د وخت خلاف,anacrônico,anacrónico,ya wakati usiofaa,anakronik,анахронічний,زمانی غلط,adjective,The phone in the castle was anachronistic.,Out of its proper time period.,
Anathema,لعنة,অভিশাপ,詛咒,نفرین,anathème,Anathema,لعنت,anatema,anatematizar,laana,lanet,анафема,لعنت,noun,Corruption is anathema to democracy.,Deeply hated thing.,
Animosity,عداء,শত্রুতা,敵意,خصومت,animosité,Feindseligkeit,دښمني,animadversão,animadversión,uadui,düşmanlık,ворожнеча,دشمنی,noun,There was deep animosity.,Strong hostility.,
Annexation,ضم,সংযুক্তি,吞併,الحاق,annexion,Annexion,الحاق,anexação,anexión,nyongeza,ilhak,анексія,الحاق,noun,The annexation escalated tensions.,Forceful territorial acquisition.,
Annotate,يعلق توضيحيًا,টীকা যোগ করা,註解,یادداشت‌گذاری کردن,annoter,annotieren,یادښت لیکل,anotar,anotar,kutia maelezo,not almak,анотувати,حاشیہ لکھنا,verb,Students were asked to annotate the text while reading.,"To add notes, explanations, or comments to a text.",
Anomaly,شذوذ,অস্বাভাবিকতা,異常,ناهنجاری,anomalie,Anomalie,غیر عادي,anomalia,anomalía,ukosefu wa kawaida,anomali,аномалія,بے قاعدگی,noun,The data shows an anomaly.,A deviation from normal.,
Antagonize,يستفز,উসকানো,對抗,دشمن کردن,antagoniser,reizen,تحریکول,antagonizar,antagonizar,kuchokoza,kışkırtmak,ворожити,دشمنی پیدا کرنا,verb,He antagonized his boss.,To provoke hostility.,
Antipathy,نفور,অবিরক্তি,反感,بیزاری,antipathie,Abneigung,نفرت,antipatia,antipatía,chuki,antipati,антипатія,نفرت,noun,He felt antipathy toward it.,Strong dislike.,
Apathetic,لامبالي,উদাসীন,冷漠,بی‌تفاوت,apathique,teilnahmslos,بې پروا,apático,apático,kutojali,duygusuz,апатичний,بے حس,adjective,They were apathetic voters.,Lacking interest.,
Apathy,لا مبالاة,উদাসীনতা,冷漠,بی‌تفاوتی,apathie,Apathie,بې پروايي,apatia,apatía,kutojali,duygusuzluk,апатія,بے حسی,noun,There was public apathy.,Lack of interest or emotion.,
API,واجهة برمجة التطبيقات,এপিআই,應用程式介面,رابط برنامه‌نویسی,interface API,API,د پروګرام اړیکه,API,API,kiolesura cha programu,API,інтерфейс API,اے پی آئی,noun,The mobile app communicates with the server through an API.,A system allowing software applications to communicate with each other.,
Apocryphal,مشكوك,সন্দেহজনক,杜撰,مشکوک,apocryphe,unecht,جعلي,apócrifo,apócrifo,kutiliwa shaka,şüpheli,апокрифічний,مشکوک,adjective,An apocryphal story circulated.,Doubtful authenticity.,
App drawer,درج التطبيقات,অ্যাপ ড্রয়ার,應用程式抽屜,فهرست برنامه‌ها,tiroir d’applications,App-Übersicht,د اپونو ليست,gaveta de aplicativos,cajón de aplicaciones,droo ya programu,uygulama çekmecesi,панель застосунків,ایپ ڈراور,noun,I keep rarely used apps in the app drawer.,A screen or menu displaying all installed applications on a smartphone.,
Appeasement,استرضاء,তুষ্টিকরণ,綏靖,دلجویی,apaisement,Beschwichtigung,راضي کول,apaziguamento,apaciguamiento,uradhi yatuliza,Bastırma,умиротворення,خوشنودی,noun,Appeasement failed historically.,Concession to avoid conflict.,
Appliance,جهاز منزلي,গৃহস্থালী যন্ত্র,家電,لوازم خانگی,appareil électroménager,Haushaltsgerät,کورنی وسيله,eletrodoméstico,electrodoméstico,kifaa cha nyumbani,ev aleti,побутовий прилад,گھریلو آلہ,noun,The kitchen appliances were included with the apartment.,A machine or device used in the home.,
Appointment,موعد,অ্যাপয়েন্টমেন্ট,預約,قرار ملاقات,rendez-vous,Termin,ملاقات,compromisso,cita,miadi,randevu,зустріч,اپائنٹمنٹ,noun,I have a dentist appointment tomorrow morning.,A scheduled meeting or visit.,
Approbation,موافقة,সম্মতি,認可,تأیید,approbation,Zustimmung,منظوري,aprobación,aprobación,idhini,onay,схвалення,تصدیق,noun,He received approbation.,Approval.,
Arbiter,محكم,মধ্যস্থ,仲裁者,داور,arbitre,Schiedsrichter,فیصله کوونکی,árbitro,árbitro,msuluhishi,hakem,арбітр,منصف,noun,He acted as arbiter.,Judge or decision-maker.,
Arbitrage,مراجحة,আর্বিট্রাজ,套利,آربیتراژ,arbitrage,Arbitrage,آربیتراژ,arbitragem,arbitraje,arbitraji,arbitraj,арбітраж,آربٹریج,noun,Arbitrage created profit.,Exploiting price differences.,
Arbitrary,تعسفي,স্বেচ্ছাচারী,任意的,دل‌بخواه,arbitraire,willkürlich,خودسرانه,arbitrário,arbitrario,bila msingi,willkürlü,довільний,من مانا,adjective,The decision seemed arbitrary.,Based on random choice rather than reason.,
Arbitrate,يحكم,মধ্যস্থতা করা,仲裁,داوری کردن,arbitrer,schlichten,میانجیګري,arbitrar,arbitrar,kupatanisha,hakemlik yapmak,арбітрувати,ثالثی کرنا,verb,The court will arbitrate the dispute.,To settle a dispute.,
Arbitration,التحكيم,সালিশি,仲裁,داوری,arbitrage,Schiedsverfahren,منځګړتوب,arbitragem,arbitraje,usuluhishi,tahkim,арбітраж,ثالثی,noun,The contract requires all disputes to go through arbitration.,A legal process where disputes are resolved outside court by a neutral third party.,
Arcane,غامض,গূঢ়,神秘,رمزی,arcane,geheim,پټ,arcano,arcano,ya siri,ezoterik,арканний,پراسرار,adjective,Arcane knowledge was hidden.,Mysterious or secret.,
Arduous,شاق,কঠিন,艱鉅的,سخت,pénible,beschwerlich,ستړی کوونکی,árduo,arduo,changamoto,zor,тяжкий,مشکل,adjective,It was an arduous journey.,Extremely difficult.,
Arms embargo,حظر الأسلحة,অস্ত্র নিষেধাজ্ঞা,武器禁運,تحریم تسلیحاتی,embargo d’armes,Waffenembargo,د وسلو بندیز,embargo de armas,embargo de armas,mzuio wa silaha,Waffenembargo,ембарго на зброю,اسلحہ پابندی,noun,An arms embargo was imposed.,Weapons trade restriction.,
Articulate,فصيح,স্পষ্টভাষী,口齒清晰的,رسا,articulé,ausdrucksstark,روښانه خبرې کوونکی,articulado,articulado,mwenye ufasaha,akıcı konuşan,чіткий,واضح,adjective,She is very articulate in interviews.,Clearly expressed in speech or writing.,
Artifice,خداع,چালাকি,詭計,فریب,artifice,Trick,چالاکي,artifício,artificio,hila,kurnazlık,хитрість,چالاکی,noun,The plan involved artifice.,Clever trickery.,
Ascertain,يتأكد,নিশ্চিত করা,查明,مطمئن شدن,établir,feststellen,معلومول,averiguar,determinar,kuthibitisha,tespit etmek,встановлювати,معلوم کرنا,verb,They ascertained the truth.,To find out definitely.,
Ascetic,زاهد,তপস্বী,苦行,زاهد,ascète,asketisch,زاهد,asceta,asceta,mnyenyekevu,asket,аскетичний,زاہد,adjective,He lived an ascetic life.,Severely self-disciplined.,
Assiduous,مجتهد,পরিশ্রমী,勤勉的,کوشا,assidu,fleißig,زیارکښ,assíduo,asiduo,mwenye bidii,gayretli,старанний,محنتی,adjective,Her assiduous work impressed everyone.,Diligent and persistent.,
Assuage,يخفف,শান্ত করা,緩和,تسکین دادن,apaiser,lindern,ارامول,mitigar,mitigar,kutuliza,hafifletmek,заспокоювати,کم کرنا,verb,The apology assuaged anger.,To soothe or reduce intensity.,
At the drop of a hat,فورًا,মুহূর্তের মধ্যে,立刻,فوراً,immédiatement,sofort,سمدستي,imediatamente,de inmediato,mara moja,anında,миттєво,فوراً,idiom,She would travel at the drop of a hat if she had enough money.,Without hesitation or delay.,
At your fingertips,في متناول يدك,হাতের নাগালে,唾手可得,در دسترس,à portée de main,griffbereit,لاس ته نږدې,ao seu alcance,al alcance de la mano,mikononi mwao,elinin altında,під рукою,ہاتھ کے قریب,idiom,"With smartphones, information is always at your fingertips.",Easy to access or available immediately.,
Attachment,مرفق,সংযুক্তি,附件,پیوست,pièce jointe,Anhang,ضميمه,anexo,archivo adjunto,kiambatisho,ek dosya,вкладення,اٹیچمنٹ,noun,She forgot to include the attachment in the email.,A file added to an email or message.,
Audacious,جريء,সাহসী,大膽的,جسور,audacieux,kühn,بې باکه,audacioso,audaz,kuthubutu,cesur,сміливий,جریء,adjective,An audacious plan worked.,Daring or bold.,
Augment,يزيد,বৃদ্ধি করা,增加,افزایش دادن,augmenter,erweitern,زیاتول,aumentar,aumentar,kuongeza,artırmak,збільшувати,بڑھانا,verb,They augmented resources.,To increase.,
Austere,متقشف,সংযমী,簡樸的,ساده,austère,karg,ساده,austero,austero,ya kiasi,sade,суворий,سادہ,adjective,The room was austere and empty.,Simple and strict.,
Austerity,التقشف,কৃচ্ছ্রসাধন,緊縮,ریاضت مالی,austérité,Austerität,سخت اقتصادي سیاست,austeridade,austeridad,ukali wa matumizi,kemer sıkma,жорстка економія,سخت مالی,noun,Austerity reduced spending.,Reduced government expenditure.,
Authoritarianism,الاستبداد,স্বৈরতন্ত্র,威權主義,اقتدارگرایی,autoritarisme,Autoritarismus,استبداد,autoritarismo,autoritarismo,udikteta,otoriterlik,авторитаризм,آمریت,noun,Authoritarianism restricts freedoms.,Centralized power system.,
Autocorrect,التصحيح التلقائي,অটোকারেক্ট,自動校正,تصحیح خودکار,correction automatique,Autokorrektur,اتومات سمون,autocorreção,autocorrección,usahihishaji wa moja kwa moja,otomatik düzeltme,автовиправлення,خودکار درستگی,noun,Autocorrect changed the meaning of my message completely.,A software feature that automatically corrects spelling mistakes.,
Avarice,جشع,লোভ,貪婪,حرص,avarice,Gier,طمع,avarícia,avaricia,tamaa,açgözlülük,жадібність,لالچ,noun,Avarice drove his actions.,Greed.,
Awkward,محرج,অস্বস্তিকর,尷尬的,خجالت‌آور,maladroit,peinlich,شرموونکی,constrangedor,incómodo,aibu,garip,незручний,عجیب,adjective,The silence during dinner felt awkward.,Causing discomfort or embarrassment.,
Babysit,يرعى الأطفال,বাচ্চা দেখাশোনা করা,照顧小孩,بچه‌داری کردن,garder des enfants,babysitten,ماشوم ساتل,tomar conta de crianças,cuidar niños,kulea watoto,bebek bakıcılığı yapmak,сидіти з дітьми,بچوں کی دیکھ بھال کرنا,verb,She babysits for her neighbors on weekends.,To temporarily care for children.,
Back to square one,العودة لنقطة البداية,আবার শুরুতে ফেরা,回到原點,بازگشت به نقطه اول,retour à la case départ,zurück auf Anfang,بیا له پیله,ponto de partida,volver al inicio,kurudi mwanzo,başa dönmek,повернутися на початок,دوبارہ ابتدا پر آنا,idiom,"The deal collapsed, so we’re back to square one.",To start over again after progress has failed.,
Backchannel diplomacy,دبلوماسية سرية,গোপন কূটনীতি,秘密外交,دیپلماسی پشت‌پرده,diplomatie secrète,Geheime Diplomatie,پټه دیپلوماسي,diplomacia paralela,diplomacia secreta,diplomasia ya siri,Gizli diplomasi,таємна дипломатія,خفیہ سفارت کاری,noun,Backchannel diplomacy succeeded.,Unofficial negotiations.,
Backend,الواجهة الخلفية,ব্যাকএন্ড,後端,بک‌اند,arrière-plan,Backend,شاته برخه,back-end,backend,sehemu ya nyuma,arka uç,бекенд,بیک اینڈ,noun,She specializes in backend development and databases.,The server-side portion of a software application.,
Backpack,حقيبة ظهر,ব্যাকপ্যাক,背包,کوله‌پشتی,sac à dos,Rucksack,شا کڅوړه,mochila,mochila,mkoba wa mgongoni,sırt çantası,рюкзак,بیگ پیک,noun,She packed her books into her backpack.,A bag carried on a person’s back using shoulder straps.,
Bailout,إنقاذ مالي,বেইলআউট,紓困,نجات مالی,sauvetage,Finanzrettung,بیل آوټ,resgate,rescate,msaada wa kifedha,re kurtarma,фінансова допомога,بیل آؤٹ,noun,The bailout saved banks.,Financial rescue.,
Balance of payments,ميزان المدفوعات,লেনদেন ভারসাম্য,國際收支,تراز پرداخت‌ها,balance des paiements,Zahlungsbilanz,د تادیاتو توازن,balança de pagamentos,balanza de pagos,balance ya malipo,Z ödemeler dengesi,платіжний баланс,توازن ادائیگی,noun,Balance of payments improved.,Record of trade flows.,
Balance of power,توازن القوى,ক্ষমতার ভারসাম্য,權力平衡,توازن قوا,équilibre des puissances,Mächtegleichgewicht,د قدرت توازن,equilíbrio de poder,equilibrio de poder,uwiano wa nguvu,Güç dengesi,баланс сил,طاقت کا توازن,noun,Balance of power shifted.,Distribution of influence.,
Banal,مبتذل,নিরস,平庸,کلیشه‌ای,banal,banal,عادي,banal,banal,ya kawaida,sıradan,банальний,عام,adjective,A banal remark bored them.,Overly ordinary.,
Bandwidth,النطاق الترددي,ব্যান্ডউইথ,頻寬,پهنای باند,bande passante,Bandbreite,د شبکې ظرفیت,largura de banda,ancho de banda,upana wa data,bant genişliği,пропускна здатність,بینڈ وڈتھ,noun,Video streaming requires significant bandwidth.,The amount of data transferable over a network in a given time.,
Bargain,صفقة جيدة,সস্তা কেনাকাটা,划算交易,معامله خوب,bonne affaire,Schnäppchen,ارزانه معامله,pechincha,ganga,ofa nzuri,uygun fırsat,вигідна покупка,سستا سودا,noun,The jacket was a bargain at that price.,Something purchased for much less than usual.,
Battery percentage,نسبة البطارية,ব্যাটারির শতাংশ,電池百分比,درصد باتری,pourcentage de batterie,Akkustand,د بیټرۍ سلنه,porcentagem da bateria,porcentaje de batería,asilimia ya betri,pil yüzdesi,відсоток заряду,بیٹری فیصد,noun,My battery percentage dropped to five percent.,The remaining amount of battery power shown as a percentage.,
Battery saver,موفر البطارية,ব্যাটারি সেভার,省電模式,ذخیره باتری,mode économie d’énergie,Energiesparmodus,د بیټرۍ سپما,economia de bateria,ahorro de batería,hali ya kuokoa betri,pil tasarrufu modu,режим енергозбереження,بیٹری سیور,noun,Turn on battery saver when your charge gets low.,A phone setting that reduces power consumption.,
Beat around the bush,يدور حول الموضوع,ঘুরিয়ে কথা বলা,拐彎抹角,حاشیه رفتن,tourner autour du pot,um den heißen Brei reden,اصلي خبره نه کول,enrolar,andarse por las ramas,kuzunguka mada,lafı dolandırmak,ходити навколо теми,گھما پھرا کر بات کرنا,idiom,Stop beating around the bush and tell me what happened.,To avoid speaking directly about something.,
Behemoth,وحش ضخم,বিশাল সত্তা,巨獸,هیولا,béhémoth,Ungetüm,ستر,bemote,bestia gigantesca,kiumbe kikubwa,devasa yaratık,бегемот,بہت بڑا,noun,A corporate behemoth emerged.,Enormous entity.,
Belie,ينفي,অস্বীকার করা,掩蓋,نقض کردن,démentir,widersprechen,نفی کول,desmentir,contradecir,kupinga,wermek,спростовувати,جھٹلانا,verb,His smile belied his sadness.,To contradict or misrepresent.,
Bellicose,حربي,যুদ্ধপ্রবণ,好戰,جنگ‌طلب,belliqueux,kriegerisch,جګړه خوښ,belicose,belicose,mpiganaji,savaşçı,войовничий,جنگجو,adjective,A bellicose leader emerged.,Warlike.,
Belligerent,عدواني,আক্রমণাত্মক,好戰的,جنگجو,belliqueux,kriegerisch,جګړه خوښ,beligerante,beligerante,ya uchokozi,saldırgan,войовничий,جارحانہ,adjective,The belligerent tone escalated the argument.,Aggressive or hostile in manner.,
Benchmark,معيار,মানদণ্ড,基準,معیار,benchmark,Richtwert,معیار,referência,indicador,kigezo,kıstas,бенчмарк,معیار,noun,We set a performance benchmark.,Standard for comparison.,
Bend over backwards,يبذل قصارى جهده,অত্যন্ত চেষ্টা করা,竭盡全力,از خود گذشتگی کردن,se plier en quatre,sich große Mühe geben,ډېره هڅه کول,se esforçar muito,hacer todo lo posible,kujitahidi sana,elinden geleni yapmak,дуже старатися,بہت زیادہ کوشش کرنا,idiom,My parents bent over backwards to help me succeed.,To make an extreme effort to help or please someone.,
Benevolent,خيّر,দয়ালু,仁慈的,نیکوکار,bienveillant,wohlwollend,مهربان,benevolente,benevolente,mwenye wema,iyiliksever,доброзичливий,مہربان,adjective,A benevolent man donated money.,Kind and charitable.,
Benign,حميد,সৌম্য,良性的,خوش‌خیم,bénin,harmlos,بې ضرر,benigno,benigno,isiyo na madhara,iyi huylu,доброякісний,خوش خیم,adjective,The tumor was benign and not dangerous.,Harmless or not harmful in effect.,
Better late than never,التأخر خير من عدم المجيء,দেরিতে হলেও ভালো,遲到總比不到好,دیر رسیدن بهتر از هرگز نرسیدن,vaut mieux tard que jamais,besser spät als nie,ناوخته ښه ده له هېڅ نه,antes tarde do que nunca,más vale tarde que nunca,heri kuchelewa kuliko kutofika,geç olsun güç olmasın,краще пізно ніж ніколи,دیر آئے درست آئے,idiom,He finally apologized — better late than never.,It is preferable to do something late than not at all.,
Bibliophile,محب للكتب,বইপ্রেমী,愛書者,کتاب‌دوست,bibliophile,Bücherliebhaber,د کتابونو مينه وال,bibliófilo,bibliófilo,mpenda vitabu,kitapsever,бібліофіл,کتاب دوست,noun,The small apartment was filled with novels because she was a bibliophile.,A person who loves or collects books.,
Bicameralism,نظام المجلسين,দ্বিকক্ষীয় ব্যবস্থা,兩院制,دو مجلسی,bicamérisme,Bikameralismus,دوه مجلسي نظام,bicameralismo,bicameralismo,bunge mbili,Zweikammersystem,двопалатність,دو ایوانی,noun,Bicameralism balances power.,Two-house legislature.,
Bifurcate,يتشعب,দ্বিখণ্ডিত করা,分叉,دوشاخه شدن,bifurquer,gabeln,وېشل,bifurcar,bifurcar,kugawanyika,çatallanmak,розгалужуватися,دو شاخہ ہونا,verb,The road bifurcates ahead.,Split into two.,
Bill,فاتورة,বিল,帳單,قبض,facture,Rechnung,بل,conta,factura,bili,fatura,рахунок,بل,noun,The electricity bill was unusually high this month.,A statement showing money owed for services or goods.,
Biometric,قياس حيوي,বায়োমেট্রিক,生物識別的,زیست‌سنجی,biométrique,biometrisch,بايوميټري,biométrico,biométrico,kibayometriki,biyometrik,біометричний,بایومیٹرک,adjective,The phone uses biometric authentication for security.,Relating to identification using physical characteristics such as fingerprints or facial recognition.,
Bite off more than you can chew,يتحمل أكثر من طاقته,সামর্থ্যের বেশি দায় নেওয়া,不自量力,بیش از توان مسئولیت گرفتن,prendre trop de responsabilités,sich zu viel vornehmen,له وسه زيات کار اخيستل,assumir demais,morder más de lo que puedes masticar,kuchukua zaidi ya uwezo,ağır yük almak,взяти на себе забагато,اپنی طاقت سے زیادہ کام لینا,idiom,He bit off more than he could chew by taking three jobs.,To take on more responsibility than one can manage.,
Bite your tongue,يمسك لسانه,কথা চেপে রাখা,忍住不說,جلوی حرف خود را گرفتن,se retenir,die Zunge hüten,خپله ژبه کنټرولول,morder a língua,morderse la lengua,kujizuia konuşmamak,dilini tutmak,прикусити язика,زبان روکنا,idiom,I had to bite my tongue during the argument.,To stop yourself from saying something.,
Blanket,بطانية,কম্বল,毛毯,پتو,couverture,Decke,کمبل,cobertor,manta,blanketi,battaniye,ковдра,کمبل,noun,"It was cold, so he grabbed a blanket from the couch.",A large piece of fabric used for warmth.,
Blink,يرمش,পলক ফেলা,眨眼,پلک زدن,cligner des yeux,blinzeln,سترګې رپول,piscar,parpadear,kupepesa macho,göz kırpmak,моргати,پلک جھپکنا,verb,He blinked several times in the bright sunlight.,To quickly open and close the eyes.,
Blow off steam,يفرغ غضبه,রাগ ঝাড়া,發洩情緒,خالی کردن عصبانیت,se défouler,Dampf ablassen,غصه کمول,desabafar,desahogarse,kuondoa hasira,stres atmak,випустити пару,غصہ نکالنا,idiom,"After work, she goes jogging to blow off steam.",To release stress or strong emotions.,
Blue check,علامة التحقق الزرقاء,নীল যাচাইকরণ চিহ্ন,藍色驗證標記,تیک آبی,pastille bleue,blauer Haken,آبي نښه,selo azul,marca azul,alama ya bluu,mavi tik,синя позначка,بلیو چیک,noun,The celebrity’s account has a blue check on the platform.,A symbol showing that an account has been officially verified.,
Blueprint,مخطط هندسي,নকশা,藍圖,نقشه مهندسی,plan technique,Bauplan,انجينيري نقشه,planta,plano,mchoro wa ujenzi,plan,креслення,بلیو پرنٹ,noun,The engineers reviewed the blueprint before construction began.,A detailed technical drawing or design plan.,
Bolster,يعزز,শক্তিশালী করা,支撐,تقویت کردن,renforcer,stärken,تقویه کول,reforçar,reforzar,kuimarisha,desteklemek,підсилювати,مضبوط کرنا,verb,The evidence bolstered his claim.,To support or strengthen.,
Bond yield,عائد السندات,বন্ডের ফলন,債券收益,بازده اوراق قرضه,rendement obligataire,Rendite,د بانډ عاید,rendimento de títulos,rendimiento de bonos,mavuno ya bond,tahvil getirisi,дохідність облігацій,بانڈ منافع,noun,Bond yields increased.,Return on bonds.,
Boorish,فظ,অভদ্র,粗魯,بی‌ادب,bourru,grob,بې ادبه,burdo,bochornoso,ya kifidhuli,kaba,грубий,بدتمیز,adjective,Boorish behavior offended guests.,Rude.,
Borrow,يستعير,ধার নেওয়া,借用,قرض گرفتن,emprunter,ausleihen,پور اخيستل,emprestar,pedir prestado,kukopa,ödünç almak,позичати,ادھار لینا,verb,Can I borrow your charger for a few minutes?,To take and use something temporarily with permission.,
Bother,يزعج,বিরক্ত করা,打擾,مزاحم شدن,déranger,stören,تنګول,incomodar,molestar,kusumbua,rahatsız etmek,турбувати,تنگ کرنا,verb,Sorry to bother you so late at night.,To annoy or interrupt someone.,
Brazen,وقح,بেহায়া,無恥的,بی‌شرم,décomplexé,frech,بې شرمه,descarado,descarado,kiburi,küstah,безсоромний,بے شرم,adjective,Brazen behavior shocked them. Bold without shame.,,
Breach,انتهاك,লঙ্ঘন,違約,نقض,violation,Verstoß,سرغړونه,violação,incumplimiento,ukiukaji,ihlal,порушення,خلاف ورزی,noun,The company was sued for breach of contract.,A failure to fulfill a legal obligation or agreement.,
Break the ice,كسر الجمود,অস্বস্তি দূর করা,打破僵局,یخ را شکستن,briser la glace,das Eis brechen,خبرو پيل کول,quebrar o gelo,romper el hielo,kuvunja ukimya,buzları kırmak,розрядити атмосферу,جھجک ختم کرنا,idiom,He told a joke to break the ice at the meeting.,To make people feel more comfortable in a social situation.,
Brusque,فظ,রূঢ়,粗魯,تند,brusque,brüsk,بې ادبه,brusco,brusco,mkali,sert,різкий,بدتمیز,adjective,A brusque reply offended him.,Blunt or rude.,
Budget-conscious,حريص على الميزانية,বাজেট সচেতন,注重預算的,مراقب بودجه,soucieux du budget,budgetbewusst,د بودجې په اړه محتاط,consciente do orçamento,consciente del presupuesto,mwenye kujali bajeti,bütçe bilincine sahip,економний,بجٹ کا خیال رکھنے والا,adjective,She became more budget-conscious after moving into her own apartment.,Careful about spending money and staying within financial limits.,
Buffer state,دولة عازلة,বাফার রাষ্ট্র,緩衝國,دولت حائل,État tampon,Pufferstaat,حائل دولت,estado tampão,estado tapón,nchi ya kati,Pufferstaat,буферна держава,بفر ریاست,noun,The buffer state reduced conflict.,Between rival powers.,
Bug,خطأ برمجي,বাগ,程式錯誤,باگ,bogue,Softwarefehler,پروګرام تېروتنه,bug,error,error ya programu,hata,помилка,بگ,noun,A software bug caused the application to crash.,An error or flaw in a computer program.,
Bureaucracy,البيروقراطية,আমলাতন্ত্র,官僚制度,بوروکراسی,bureaucratie,Bürokratie,بیروکراسي,burocracia,burocracia,urasimu,Bürokrasi,бюрократія,بیوروکریسی,noun,Bureaucracy slowed reforms.,Administrative system.,
Burgeon,ينمو بسرعة,দ্রুত বৃদ্ধি পাওয়া,迅速成長,رشد کردن,s’épanouir,wachsen,چټک وده کول,crescer rapidamente,crecer rápidamente,kukua haraka,serpilmek,швидко зростати,تیزی سے بڑھنا,verb,The startup began to burgeon quickly.,To grow or increase rapidly.,
Burn bridges,يقطع العلاقات,সম্পর্ক নষ্ট করা,斷絕關係,پل‌های پشت سر را خراب کردن,couper les ponts,Brücken abbrechen,اړيکې ختمول,queimar pontes,quemar puentes,kukatiza mahusiano,köprüleri yakmak,спалити мости,رشتے خراب کرنا,idiom,Be careful not to burn bridges when leaving your job.,To damage relationships permanently.,
Burnout,الاحتراق,বার্নআউট,職業倦怠,فرسودگی شغلی,burnout,Burnout,ذہني ستړیا,esgotamento,agotamiento,kuchoka kazi,tükenmişlik,вигорання,ذہنی تھکن,noun,Employee burnout increased.,Chronic work exhaustion.,
By the book,حسب القواعد,নিয়ম মেনে,照章辦事,طبق قانون,selon les règles,nach Vorschrift,د اصولو مطابق,conforme as regras,según las reglas,kufuata sheria,kurallara uygun,за правилами,اصول کے مطابق,idiom,The auditor does everything by the book.,To follow rules and procedures exactly.,
Bylaw,لائحة داخلية,উপবিধি,附則,آیین‌نامه,statut,Satzung,داخلي قانون,estatuto,estatuto,sheria ndogo,yönetmelik,підзаконний акт,ضمنی قانون,noun,The organization amended its bylaws during the annual meeting.,A rule governing the internal management of an organization.,
Byzantine,معقد,জটিল,複雜,پیچیده,byzantin,kompliziert,پیچلی,byzantin,byzantino,ya kisiasa cha magumu,karmaşık,візантійський,پیچیدہ,adjective,A Byzantine system existed.,Overly complex.,
Cacophony,ضجيج,কর্কশ শব্দ,刺耳聲,هیاهو,cacophonie,Kakophonie,شور,cacofonia,cacofonía,kelele,kakofoni,какофонія,شور,noun,The street was a cacophony of horns.,Harsh mixture of sounds.,
Cajole,يغري بلطف,মিষ্টি কথায় রাজি করানো,哄騙,راضی کردن,amadouer,überreden,نرم قانع کول,convencer com charme,persuadir,consolar,kandırmak,улесливо переконувати,لبھانا,verb,She cajoled him into joining the trip.,To persuade using flattery.,
Calibration,معايرة,ক্যালিব্রেশন,校準,کالیبراسیون,étalonnage,Kalibrierung,برابرونه,calibração,calibración,urekebishaji kalibrasyon,калібрування,کیلیبریشن,noun,Regular calibration ensures accurate measurements.,The process of adjusting equipment for precision and accuracy.,,
Call it a day,ينهي العمل,আজকের মতো শেষ করা,收工,کار را تمام کردن,arrêter pour aujourd’hui,Feierabend machen,کار ختمول,encerrar por hoje,dar por terminado,kumaliza kazi,günü bitirmek,закінчити на сьогодні,آج کا کام ختم کرنا,idiom,Let’s call it a day and continue tomorrow.,To stop working on something for the day.,
Candid,صريح,সোজাসাপ্টা,坦率,صریح,franc,offen,صادق,cândido,cándido,wa wazi,dürüst,відвертий,صاف گو,adjective,A candid interview revealed truth.,Honest and direct.,
Candidacy,ترشح,প্রার্থিতা,候選,نامزدی,candidature,Bewerbung,نامزدي,candidatura,candidatura,ugombeaji,Kandidatur,кандидатура,امیدواری,noun,He announced his candidacy.,State of being a candidate.,
Candor,صراحة,খোলামেলা ভাব,坦率,صداقت,franchise,Offenheit,رښتینولي,franqueza,franqueza,uwazi,açık sözlülük,відвертість,صاف گوئی,noun,I appreciated her candor.,Honesty and openness.,
Capacitor,مكثف كهربائي,ক্যাপাসিটর,電容器,خازن,condensateur,Kondensator,برقي ذخیره کوونکی,capacitor,condensador,kondensa,kondansatör,конденсатор,کیپیسٹر,noun,The capacitor stores electrical energy temporarily.,An electrical component that stores charge.,
Capex,الإنفاق الرأسمالي,মূলধনী ব্যয়,資本支出,هزینه سرمایه,capex,Investitionsausgaben,سرمایه لګښت,capex,capex,uwekezaji,sermaye gideri,капітальні витрати,سرمایہ خرچ,noun,Capex increased this year.,Capital expenditure.,
Capital flight,هروب رؤوس الأموال,পুঁজি পলায়ন,資本外逃,فرار سرمایه,fuite des capitaux,Kapitalflucht,د پانګې تېښته,fuga de capitais,huida de capital,mtiririko wa mtaji,sermaye kaçışı,відтік капіталу,سرمایہ فرار,noun,Capital flight weakened economy.,Capital leaving country.,
Capitulate,يستسلم,আত্মসমর্পণ করা,投降,تسلیم شدن,capituler,kapitulieren,تسلیمېدل,capitular,capitular,kusalimu,teslim olmak,капітуляція,ہتھیار ڈالنا,verb,They refused to capitulate.,To surrender.,
Capricious,متقلب,খামখেয়ালি,反覆無常的,دمدمی مزاج,capricieux,launisch,ناپایدار,caprichoso,caprichoso,mwenye kubadilika,kaprisli,примхливий,من موجی,adjective,Capricious weather ruined plans.,Unpredictable behavior or change.,
Carry-on bag,حقيبة يد للسفر,হ্যান্ড লাগেজ,隨身行李,کیف دستی,sac cabine,Handgepäck,لاسي بکس,bagagem de mão,equipaje de mano,mkoba wa mkononi,el bagajı,ручна поклажа,ہینڈ کیری بیگ,noun,Her carry-on bag fit under the airplane seat.,A small piece of luggage kept with a traveler during a flight.,
Cashflow,التدفق النقدي,নগদ প্রবাহ,現金流,جریان نقدی,cashflow,Cashflow,نغدي جریان,cashflow,cashflow,mtiririko wa fedha,nakit akışı,грошовий потік,نقدی بہاؤ,noun,Cashflow improved significantly.,Money moving in/out.,
Cashier,أمين صندوق,ক্যাশিয়ার,收銀員,صندوقدار,caissier,Kassierer,کیشیر,caixa,cajero,mtunza fedha,kasiyer,касир,کیشیئر,noun,The cashier scanned the groceries quickly.,A worker who handles payments in a store.,
Castigate,يوبخ,কঠোর সমালোচনা করা,嚴厲批評,تنبیه شدید,castiger,bestrafen,سخت تنبیه کول,castigar,castigar,kukemea,azarlamak,карати,سخت تنبیہ کرنا,verb,He was castigated publicly.,To scold severely.,
Cathartic,تنفيسي,মানসিক মুক্তিদায়ক,宣洩情感的,تخلیه‌کننده,cathartique,kathartisch,احساساتي اراموونکی,catártico,catártico,ya kuondoa hisia,kathartik,катарсичний,جذباتی سکون دینے والا,adjective,Writing in a journal became a cathartic experience for him.,Providing emotional release or relief.,
Caucus,تجمع حزبي,ককাস,黨團會議,مجمع حزبی,caucus,Fraktion,کاکس,caucus,caucus,kikundi cha kisiasa,ön seçim grubu,фракція,کاکس,noun,The caucus met today.,Party political meeting.,
Censure,توبيخ,নিন্দা,譴責,سانسور کردن,censure,rügen,غندل,censurar,censurar,kulaumu,kınama,цензура,ملامت,noun,The official censure was severe.,Strong disapproval.,
Central bank,البنك المركزي,কেন্দ্রীয় ব্যাংক,中央銀行,بانک مرکزی,banque centrale,Zentralbank,مرکزي بانک,banco central,banco central,benki kuu,merkez bankası,центральний банк,مرکزی بینک,noun,The central bank raised rates.,Monetary authority.,
Chauvinism,تعصب,অতিমাত্রিক দেশপ্রেম,沙文主義,شوونیسم,chauvinisme,Chauvinismus,تعصب,chauvinismo,chovinismo,ubaguzi,cinsiyetçilik,шовінізм,تعصب,noun,Gender chauvinism persists.,Excessive nationalism/bias.,
Chicanery,خداع,প্রতারণা,欺騙,فریبکاری,chicane,Schikane,فریبکاری,chicana,chicanery,udanganyifu,hile,шахрайство,دھوکہ,noun,Political chicanery was exposed.,Deception for gain.,
Chores,الأعمال المنزلية,ঘরের কাজ,家務,کارهای خانه,tâches ménagères,Hausarbeiten,کور کارونه,tarefas domésticas,quehaceres domésticos,kazi za nyumbani,ev işleri,хатні справи,گھریلو کام,noun,We finished our chores before dinner.,Regular household tasks such as cleaning or laundry.,
Circuitry,دوائر كهربائية,সার্কিট ব্যবস্থা,電路系統,مدارها,circuiterie,Schaltung,برقي مدارونه,circuitaria,circuitería,mifumo ya umeme,devre sistemi,схемотехніка,سرکٹری,noun,The device’s circuitry was damaged by water exposure.,The system of electrical circuits in a device.,
Circumspect,حذر,সতর্ক,謹慎,محتاط,circonspect,vorsichtig,احتیاط,circunspecto,circunspecto,makini,temkinli,обережний,محتاط,adjective,He was circumspect in decisions.,Cautious.,
Citation,اقتباس مرجعي,তথ্যসূত্র উদ্ধৃতি,引用,استناد,citation,Zitat,حواله,citação,cita,marejeo,atıf,цитування,حوالہ,noun,Every quotation in the essay requires a citation.,A reference to a source of information used in academic writing.,
Civil liberties,الحريات المدنية,নাগরিক স্বাধীনতা,公民自由,آزادی‌های مدنی,libertés civiles,Bürgerrechte,مدني ازادۍ,liberdades civis,libertades civiles,haki za raia,Bürgerrechte,громадянські свободи,شہری آزادیاں,noun,Civil liberties were protected.,Individual freedoms.,
Clandestine,سري,গোপন,秘密,پنهانی,clandestin,geheim,پټ,clandestino,clandestino,ya siri,gizli,таємний,خفیہ,adjective,A clandestine meeting occurred.,Secret.,
Clickbait,عنوان مضلل,ক্লিকবেইট,點擊誘餌,کلیک‌بیت,putaclics,Clickbait,د کلیک جال,isca de cliques,clickbait,mtego wa kubofya,tık tuzağı,клікбейт,کلک بیٹ,noun,The article’s headline was obvious clickbait.,Content designed mainly to attract attention and encourage clicks.,
Closet,خزانة ملابس,আলমারি,衣櫃,کمد,placard,Schrank,الماری,armário,armario,kabati,dolap,шафа,الماری,noun,His shoes are in the closet near the door.,A small storage space for clothes or personal items.,
Cloud storage,تخزين سحابي,ক্লাউড স্টোরেজ,雲端儲存,ذخیره‌سازی ابری,stockage en nuage,Cloudspeicher,کلاوډ ذخیره,armazenamento em nuvem,almacenamiento en la nube,hifadhi ya wingu,bulut depolama,хмарне сховище,کلاؤڈ اسٹوریج,noun,All her photos were backed up to cloud storage.,An online service used to store digital files remotely.,
Coalesce,يتحد,একত্রিত হওয়া,合併,ادغام شدن,coalescer,zusammenfließen,یو ځای کېدل,coalescer,coalescer,kuungana,birleşmek,зливатися,مل جانا,verb,Groups coalesced into one.,To come together.,
Coalition government,حكومة ائتلافية,জোট সরকার,聯合政府,دولت ائتلافی,gouvernement de coalition,Koalitionsregierung,ائتلافي حکومت,governo de coalizão,gobierno de coalición,serikali ya muungano,koalisyon hükümeti,коаліційний уряд,اتحادی حکومت,noun,A coalition government formed.,Multiple parties governing.,
Coerce,يجبر,জোর করা,強迫,اجبار کردن,coercer,zwingen,زورول,coagir,coaccionar,kulazimisha,zorlamak,примушувати,زبردستی کرنا,verb,He was coerced into agreement.,To force.,
Coercion,اكراه,জোর,強迫,اجبار,coercition,Zwang,زور,coercão,coerción,ushurutisho,zorlama,примус,جبر,noun,Coercion was used unfairly.,Forceful pressure.,
Coercive,إكراهي,জবরদস্তিমূলক,強制,اجباری,coercitif,zwanghaft,زور,coercivo,coercitivo,ya kulazimisha,zorlayıcı,примусовий,جبری,adjective,Coercive tactics were used.,Forcing compliance.,
Cogent,مقنع,প্রমাণসিদ্ধ,有說服力的,متقاعدکننده,convaincant,stichhaltig,قانع کوونکی,convincente,convincente,ya kushawishi,ikna edici,переконливий,قابلِ قبول,adjective,A cogent argument persuaded them.,Clear and convincing.,
Coherent,متماسك,সুসংগত,連貫的,منسجم,cohérent,zusammenhängend,منظم,coerente,coherente,iliyopangiliwa,tutarlı,зв’язний,مربوط,adjective,"Her argument was clear, logical, and coherent.",Logically connected and easy to understand.,
Coincidence,صدفة,কাকতালীয় ঘটনা,巧合,تصادف,coïncidence,Zufall,تصادف,coincidência,coincidencia,bahati nasibu,rastlantı,збіг,اتفاق,noun,It was a coincidence that they wore the same shirt.,An unexpected event happening by chance.,
Cold turkey,فجأة وبشكل كامل,হঠাৎ পুরোপুরি বন্ধ করা,突然戒掉,ترک ناگهانی,sevrage brutal,kalter Entzug,ناڅاپي پرېښودل,parar de repente,dejar de golpe,kuacha ghafla,birden bırakmak,різко кинути,اچانک چھوڑ دینا,idiom,He quit smoking cold turkey last year.,To stop a habit completely and suddenly.,
Cold war,الحرب الباردة,শীতল যুদ্ধ,冷戰,جنگ سرد,guerre froide,Kalter Krieg,سړه جګړه,guerra fria,guerra fría,vita baridi,Küresel Soğuk Savaş,холодна війна,سرد جنگ,noun,The Cold War shaped politics.,Non-hot ideological conflict.,
Collective security,الأمن الجماعي,সমষ্টিগত নিরাপত্তা,集體安全,امنیت جمعی,sécurité collective,kollektive Sicherheit,ډله ییز امنیت,segurança coletiva,seguridad colectiva,usalama wa pamoja,kollektif güvenlik,колективна безпека,اجتماعی تحفظ,noun,Collective security was invoked.,Shared defense principle.,
Commence,يبدأ,শুরু করা,開始,شروع کردن,commencer,beginnen,پیل کول,comerçar,comenzar,kuanza,başlamak,починати,شروع کرنا,verb,The meeting commenced.,To begin.,
Commensurate,متناسب,অনুপাতে,相稱,متناسب,commensuré,angemessen,برابر,comensurável,commensurable,sawa,uyumlu,пропорційний,مناسب,adjective,Pay is commensurate with work.,Proportional.,
Commodity,سلعة,পণ্য,商品,کالا,produit de base,Rohstoff,اجناس,commodity,commodity,bidhaa,emtia,товар,کموڈیٹی,noun,Oil is a key commodity.,Basic economic good.,
Commute,يتنقل للعمل,যাতায়াত করা,通勤,رفت‌وآمد کردن,faire la navette,pendeln,تګ راتګ کول,deslocar-se,desplazarse,kusafiri kwenda kazi,işe gidip gelmek,добиратися,آمدورفت کرنا,verb,She commutes to the city by train every morning.,To travel regularly between home and work or school.,
Compelling,مقنع,আকর্ষণীয়,引人注目的,قانع‌کننده,convaincant,überzeugend,قوي,comprador,convincente,ya kuvutia,ikna edici,переконливий,دلائل پر مبنی,adjective,A compelling story attracted attention.,Very convincing or engaging.,
Compendium,خلاصة,সারসংক্ষেপ,概要,خلاصه,compendium,Sammlung,لنډیز,compêndio,compendio,muhtasari,derleme,збірник,خلاصہ,noun,A compendium of laws exists.,Summary collection.,
Complacent,راضٍ عن النفس,আত্মতুষ্ট,自滿,خودراضی,complacent,selbstgefällig,خود راضي,complacente,complaciente,kutoshughulika,rahatına düşkün,самовдоволений,خود مطمئن,adjective,They became complacent.,Self-satisfied.,
Complain,يشتكي,অভিযোগ করা,抱怨,شکایت کردن,se plaindre,sich beschweren,شکايت کول,reclamar,quejarse,kulalamika,şikayet etmek,скаржитися,شکایت کرنا,verb,Several customers complained about the slow service.,To express dissatisfaction or annoyance.,
Compliance,امتثال,অনুবর্তিতা,合規,انطباق,conformité,Compliance,اطاعت,conformidade,cumplimiento,utiifu,uyum,відповідність,تعمیل,noun,Compliance is mandatory.,Following rules/regulations.,
Compression,ضغط,সংকোচন,壓縮,فشرده‌سازی,compression,Kompression,فشار,compressão,compresión,mgandamizo,sıkıştırma,стиснення,کمپریشن,noun,The engine relies on compression to generate power.,The process of reducing volume or increasing pressure.,
Compromise,تسوية,আপস,妥協,سازش,compromis,Kompromiss,توافق,compromisso,compromiso,makubaliano,uzlaşma,компроміс,سمجھوتہ,noun,They reached a compromise.,Mutual agreement.,
Concede,يعترف,স্বীকার করা,承認,پذیرفتن,conceder,zugeben,منل,conceder,conceder,kukubali,kabul etmek,поступатися,ماننا,verb,He conceded defeat.,To admit or yield.,
Conciliate,يرضي,মিটমাট করা,調解,آشتی دادن,conciler,versöhnen,روغه کول,conciliar,conciliar,kupatanisha,uzlaştırmak,примиряти,صلح کرنا,verb,They conciliated both sides.,To reconcile.,
Conciliatory,تصالحي,মিটমাটকারী,調和,آشتی‌جویانه,conciliant,versöhnlich,روغه کوونکی,conciliatório,conciliatorio,ya upatanishi,uzlaştırıcı,примирливий,صلح جو,adjective,A conciliatory tone helped.,Intended to reduce conflict.,
Concomitant,مصاحب,সহগামী,伴隨,همراه,concomitant,begleitend,مل,concomitante,concomitante,ya kuambatana,eşlik eden,супутній,ساتھ ساتھ,adjective,Risk is concomitant with reward.,Occurring together.,
Concur,يوافق,একমত হওয়া,同意,موافقت کردن,être d’accord,zustimmen,هوکړه کول,concordar,concordar,kukubaliana,katılmak,погоджуватися,متفق ہونا,verb,I concur with your assessment.,To agree with someone.,
Conducive,مؤاتٍ,সহায়ক,有助,مساعد,favorable,förderlich,مرستندوی,conducivo,conducivo,ya kusaidia,elverişli,сприятливий,مفید,adjective,Quiet is conducive to study.,Helping something happen.,
Conductor,موصل,পরিবাহী পদার্থ,導體,رسانا,conducteur,Leiter,موصل,condutor,conductor,pitishaji iletken,провідник,موصل,noun,Copper is commonly used as an electrical conductor.,A material that allows heat or electricity to flow easily.,,
Conflagration,حريق كبير,বৃহৎ অগ্নিকাণ্ড,大火,آتش‌سوزی,conflagration,Großbrand,ستر اور,conflagração,conflagración,moto mkubwa,büyük yangın,пожежа,بڑی آگ,noun,The conflagration spread fast.,Large fire.,
Confluent,متدفق,মিশ্রিত,匯流,جاری‌شونده,confluent,zusammenfließend,به یو ځای کېدل,confluente,confluente,ya kuungana,birleşen,злитий,ملتا جلتا,adjective,Confluent streams formed.,Flowing together.,
Conglomerate,تكتل,সংগঠন,集團,کنگلومرا,conglomérat,Konzern,کارپوریشن,conglomerado,conglomerado,ushirika,büyük şirket,конгломерат,بڑا ادارہ,noun,The conglomerate expanded.,Large diversified corporation.,
Conjecture,افتراض,অনুমান,猜測,حدس,conjecture,Vermutung,حدس,conjetura,conjetura,dhana,tahmin,припущення,اندازہ,noun,That is mere conjecture.,An unproven guess.,
Connoisseur,خبير,বিশেষজ্ঞ,鑑賞家,کارشناس,connaisseur,Kenner,ماهر/connoisseur,conhecedor,conocedor,mtaalamu,uzman,знавець,ماہر,noun,A wine connoisseur judged it.,Expert.,
Conspicuous,بارز,স্পষ্ট,顯眼的,بارز,visible,auffällig,ښکاره,conspícuo,conspicuo,ya wazi,dikkat çekici,помітний,نمایاں,adjective,His absence was conspicuous.,Easily seen or noticeable.,
Constituency,دائرة انتخابية,নির্বাচনী এলাকা,選區,حوزه انتخابیه,circonscription,Wahlkreis,انتخاباتي حوزه,circunscrição,circunscripción,eneo bunge,seçim bölgesi,виборчий округ,حلقہ,noun,He won his constituency.,Electoral district.,
Constitutionalism,الدستورية,সংবিধানবাদ,立憲主義,مشروطه‌گرایی,constitutionnalisme,Konstitutionalismus,د اساسي قانون حاکمیت,constitucionalismo,constitucionalismo,utawala wa katiba,anayasalcılık,конституціоналізм,آئینی نظام,noun,Constitutionalism limits power.,Rule of constitution.,
Consumer confidence,ثقة المستهلك,ভোক্তা আস্থা,消費者信心,اعتماد مصرف‌کننده,confiance des consommateurs,Verbrauchervertrauen,د مصرف کونکي باور,confiança do consumidor,confianza del consumidor,uaminifu wa watumiaji,consumer güveni,довіра споживачів,صارف اعتماد,noun,Consumer confidence rose.,Trust in economy.,
Containment policy,سياسة الاحتواء,নিয়ন্ত্রণ নীতি,圍堵政策,سیاست مهار,politique d’endiguement,Eindämmungspolitik,د مخنیوي سیاست,política de contenção,política de contención,siasa ya kuzuia,Etkileme politikası,політика стримування,کنٹرول پالیسی,noun,Containment policy shaped strategy.,Restrict rival expansion.,
Contemptuous,ازدرائي,অবজ্ঞাপূর্ণ,輕蔑,تحقیرآمیز,contemptueux,verächtlich,سپکاوی,desdenhoso,despectivo,dharau,küçümseyici,зневажливий,حقارت آمیز,adjective,A contemptuous glance followed.,Showing disdain.,
Contend,يجادل,তর্ক করা,爭論,ادعا کردن,contester,bestreiten,مبارزه کول,contender,contender,kupambana,mücadele etmek,боротися,مقابلہ کرنا,verb,They contend that the policy is unfair.,To argue or struggle for something.,
Contentious,خلافي,বিতর্কিত,爭議,مجادله‌ای,contentieux,streitbar,اختلافي,contencioso,contencioso,mzozo,tartışmalı,суперечливий,تنازعہ خیز,adjective,A contentious issue arose.,Argumentative.,
Contingency,احتمال طارئ,জরুরি সম্ভাবনা,意外情況,شرایط احتمالی,éventualité,Eventualität,احتمالي حالت,contingência,contingencia,dharura,ihtimal,непередбачена обставина,ہنگامی صورتحال,noun,The contract includes a contingency for supply chain disruptions.,A possible future event that must be prepared for.,
Contrite,ندم,অনুতপ্ত,懊悔,پشیمان,contrit,reumütig,پښیمانه,contrito,contrito,toba etmekten,pişman,каючийся,پشیمان,adjective,He felt contrite.,Regretful.,
Convenient,مريح,সুবিধাজনক,方便的,راحت,pratique,bequem,اسانه,conveniente,conveniente,rahisi,kullanışlı,зручний,آسان,adjective,The grocery store is convenient because it’s nearby.,"Easy to use, reach, or helpful in a situation.",
Convoluted,معقد,জটিল,錯綜複雜的,پیچیده,complexe,verschachtelt,پیچلی,convoluto,convoluto,changamano,karmaşık,заплутаний,پیچیدہ,adjective,A convoluted explanation confused them.,Overly complex.,
Copious,غزير,প্রচুর,大量,فراوان,copieux,reichlich,ډېر,copioso,copioso,tele,çok,великі обсяги,کثرت,adjective,Copious notes were taken.,Abundant.,
Core competency,الكفاءة الأساسية,মূল দক্ষতা,核心能力,شایستگی اصلی,compétence clé,Kernkompetenz,اصلي وړتیا,competência central,competencia central,ujuzi wa msingi,Kilit yetkinlik,ключова компетенція,بنیادی مہارت,noun,Innovation is a core competency.,Key business strength.,
Corroborate,يؤكد,নিশ্চিত করা,證實,تایید کردن,corroborer,bestätigen,تایید کول,corroborar,corroborar,kuthibitisha,doğrulamak,підтверджувати,تصدیق کرنا,verb,Evidence corroborates the story.,To confirm.,
Corrosion,تآكل,ক্ষয়,腐蝕,خوردگی,corrosion,Korrosion,زنګ,corrosão,corrosión,kutu,korozyon,корозія,زنگ لگنا,noun,Saltwater accelerated the corrosion of the metal structure.,The gradual destruction of material through chemical reactions.,
Cost an arm and a leg,باهظ الثمن جدًا,অত্যন্ত ব্যয়বহুল,非常昂貴,خیلی گران بودن,coûter les yeux de la tête,ein Vermögen kosten,ډېر ګران وي,custar os olhos da cara,costar un ojo de la cara,gharama kubwa,çok pahalı olmak,коштувати дуже дорого,بہت مہنگا ہونا,idiom,That new smartphone costs an arm and a leg.,To be extremely expensive.,
Cost-cutting,خفض التكاليف,ব্যয় হ্রাস,削減成本,کاهش هزینه,réduction des coûts,Kostensenkung,لګښت کمول,redução de custos,reducción de costos,upunguzaji wa gharama,maliyet azaltma,скорочення витрат,اخراجات میں کمی,noun,Cost-cutting improved margins.,Reducing expenses.,
Coup d’état,انقلاب عسكري,সামরিক অভ্যুত্থান,政變,کودتا,coup d’État,Staatsstreich,کودتا,golpe de estado,golpe de estado,mapinduzi,darbe,державний переворот,فوجی بغاوت,noun,A coup d’état occurred.,Overthrow government.,
Coupon,قسيمة خصم,কুপন,優惠券,کوپن,coupon,Gutschein,تخفيفي کوپن,cupom,cupón,kuponi,kupon,купон,رعایتی کوپن,noun,She used several coupons to reduce the grocery bill.,A voucher that provides a discount on products or services.,
Creator economy,اقتصاد صناع المحتوى,কনটেন্ট নির্মাতা অর্থনীতি,創作者經濟,اقتصاد تولیدکنندگان de créateurs,Creator Economy,د منځپانګې اقتصاد,economia criativa,economía de creadores,uchumi wa waundaji,içerik üretici ekonomisi,економіка творців,کریئیٹر اکانومی,noun,Many influencers now earn money through the creator economy.,The online business ecosystem built around digital content creators.,,
Credulous,ساذج,সরলবিশ্বাসী,輕信,زودباور,crédule,gutgläubig,ساده باور,cándido,credulón,mwaminifu,kolay inanan,довірливий,سادہ,adjective,Credulous people believed it.,Too easily believing.,
Cross that bridge when you come to it,يتعامل مع المشكلة لاحقًا,সময় এলে দেখা যাবে,船到橋頭自然直,وقتی رسیدی حلش کن,on verra le moment venu,die Brücke überqueren wenn man dort ist,وروسته فکر کول,resolver depois,ya veremos después,tutashughulikia baadaye,vakti gelince bakarız,вирішувати проблему коли вона виникне,وقت آنے پر دیکھیں گے,idiom,Don’t worry about next year yet — we’ll cross that bridge when we come to it.,To deal with a problem only when it actually happens.,
Crumbs,فتات,রুটির গুঁড়া,麵包屑,خرده نان,miettes,Krümel,د ډوډۍ ټوټې,migalhas,migas,makombo,kırıntılar,крихти,ٹکڑے,noun,There were cookie crumbs all over the table.,Small broken pieces of food such as bread or cookies.,
Current,تيار كهربائي,বিদ্যুৎ প্রবাহ,電流,جریان électrique,courant,Strom,برقي جریان,corrente,corriente,mkondo akım,струм,برقی رو,noun,The technician measured the current in the circuit.,The flow of electric charge through a conductor.,,
Cursory,سطحي,উপরিভাগীয়,草率的,سطحی,sommaire,oberflächlich,سطحي,superficial,superficial,juu juu,yüzeysel,поверхневий,سرسری,adjective,A cursory glance is enough.,Hasty or superficial.,
Cut corners,يوفر على حساب الجودة,কাজে শর্টকাট নেওয়া,偷工減料,میانبر زدن,faire des économies,an allen Ecken sparen,لنډه لار نيول,cortar custos,recortar gastos,kupunguza ubora,köşeleri kesmek,економити на якості,معیار کم کرنا,idiom,The company cut corners to finish the project faster.,To do something cheaply or carelessly to save time or money.,
Cut to the chase,يدخل في صلب الموضوع,মূল কথায় আসা,切入重點,رفتن سر اصل مطلب,aller droit au but,auf den Punkt kommen,اصلي خبرې ته راتلل,ir direto ao ponto,ir al grano,kuenda moja kwa moja konuya girmek,перейти до суті,اصل بات پر آنا,idiom,"I’m short on time, so please cut to the chase.",To skip unnecessary details and get to the main point.,,
Dark mode,الوضع الداكن,ডার্ক মোড,深色模式,حالت تیره,mode sombre,Dunkelmodus,تیاره حالت,modo escuro,modo oscuro,hali nyeusi,karanlık mod,темний режим,ڈارک موڈ,noun,I switched my apps to dark mode at night.,A display setting using dark backgrounds to reduce brightness.,
Data cap,حد البيانات,ডেটা সীমা,數據上限,محدودیت داده,plafond de données,Datenlimit,د معلوماتو حد,limite de dados,límite de datos,kikomo cha data,veri sınırı,ліміт даних,ڈیٹا حد,noun,Streaming videos quickly exceeded my monthly data cap.,A maximum amount of mobile or internet data allowed during a billing cycle.,
Database,قاعدة بيانات,ডাটাবেস,資料庫,پایگاه داده,base de données,Datenbank,د معلوماتو زېرمه,banco de dados,base de datos,hifadhidata,veritabanı,база даних,ڈیٹابیس,noun,The customer database contains thousands of records.,An organized collection of digital information.,
Day off,يوم إجازة,ছুটির দিন,休假日,روز تعطیل,jour de congé,freier Tag,رخصتي ورځ,dia de folga,día libre,siku ya mapumziko,izin günü,вихідний,چھٹی کا دن,noun,I’m taking a day off next Friday.,A day when a person does not work or attend school.,
Debauchery,فسق,দুর্নীতি,放蕩,هرزگی,débauche,Ausschweifung,بدکاری,deboche,debauchery,ufisadi,ahlaksızlık,розпуста,بدکاری,noun,Debauchery was condemned.,Excessive indulgence.,
Debilitate,يضعف,দুর্বল করা,削弱,ناتوان کردن,débiliter,schwächen,کمزوری کول,debilitar,debilitar,kudhoofisha,zayıflatmak,послаблювати,کمزور کرنا,verb,Disease debilitated him.,To weaken.,
Debug,تصحيح الأخطاء,ডিবাগ করা,除錯,اشکال‌زدایی,déboguer,debuggen,ستونزه سمول,depurar,depurar,kurekebisha hitilafu,hata ayıklamak,налагоджувати,ڈی بگ کرنا,verb,The programmer spent hours trying to debug the software.,To identify and fix errors in a system or program.,
Debunk,يفند,মিথ্যা প্রমাণ করা,揭穿,رد کردن,démystifier,entlarven,افشا کول,desmascarar,desmentir,kufichua,çürütmek,спростовувати,جھوٹا ثابت کرنا,verb,They debunked the myth.,To expose falsehood.,
Decolonization,إنهاء الاستعمار,উপনিবেশমুক্তি,非殖民化,استعمارزدایی,décolonisation,Dekolonisierung,استعمار ختمول,descolonização,descolonización,uhuru kutoka ukoloni,Dekolonizasyon,деколонізація,نوآبادیاتی خاتمہ,noun,Decolonization reshaped Africa.,End of colonial rule.,
Deepfake,تزييف عميق,ডিপফেক,深度偽造,دیپ‌فیک,deepfake,Deepfake,جعلي ويډيو,deepfake,deepfake,video bandia,deepfake,діпфейк,ڈیپ فیک,noun,The viral clip turned out to be a deepfake.,Artificially generated media that imitates real people convincingly.,
Defamation,التشهير,মানহানি,誹謗,افترا,diffamation,Verleumdung,بدنامي,difamação,difamación,kashfa,iftira,наклеп,ہتک عزت,noun,The celebrity filed a lawsuit for defamation.,The act of damaging someone's reputation through false statements.,
Deference,احترام,সম্মান,尊重,احترام,déférence,Ehrerbietung,درناوی,deferência,deferencia,heshima,saygı,повага,احترام,noun,He showed deference to elders.,Respectful submission.,
Deflation,انكماش,মূল্যহ্রাস,通貨緊縮,تورم منفی,déflation,Deflation,د قیمتونو کموالی,deflação,deflación,deflasi,deflasyon,дефляція,مہنگائی میں کمی,noun,Deflation hurt growth.,Price decrease.,
Delegation,تفويض,প্রতিনিধিত্ব,授權,تفویض,délégation,Delegation,استازیتوب,delegação,delegación,mwakilishi,delegasyon,делегування,اختیار دینا,noun,Delegation improved efficiency.,Transfer of authority.,
Deleterious,ضار,ক্ষতিকর,有害,زیان‌بار,délétère,schädlich,ضررناک,deletério,deletereo,ya kudhuru,zararlı,шкідливий,نقصان دہ,adjective,Pollution is deleterious.,Harmful.,
Delineate,يرسم بدقة,বর্ণনা করা,描繪,ترسیم کردن,délimiter,umreißen,تشریح کول,delimitar,delinear,kuchora,tasvir etmek,окреслювати,حد بندی کرنا,verb,The report delineates issues.,To describe clearly.,
Delivery,توصيل,ডেলিভারি,外送,تحویل,livraison,Lieferung,رسونه,entrega,entrega,usafirishaji,teslimat,доставка,ڈیلیوری,noun,The food delivery arrived earlier than expected.,The act of bringing goods or packages to someone.,
Demagogue,محرض,জনপ্রিয় নেতা,煽動者,عوام‌فریب,Demagoge,Demagoge,فتنه ګر,demagogo,demagogo,kiongozi wa fitina,demagog,демагог,عوام فریب,noun,A demagogue gained support.,Manipulative leader.,
Demagoguery,الديماغوجية,উস্কানিমূলক রাজনীতি,煽動政治,عوام‌فریبی,démagogie,Demagogie,عوام فریبي,demagogia,demagogia,uchochezi,demagoji,демагогія,عوام فریبی,noun,Demagoguery increased tensions.,Manipulative politics.,
Demur,اعتراض,আপত্তি করা,提出異議,اعتراض کردن,demander,einwenden,اعتراض کول,demorar,demorar,kupinga,itiraz etmek,заперечувати,اعتراض کرنا,verb,She demurred at the proposal.,To object or hesitate.,
Demure,خجول,লাজুক,端莊,خجالتی,demure,schüchtern,شرمیلا,demure,demure,mnyenyekevu,utangaç,сором’язливий,شرمیلا,adjective,A demure expression followed.,Reserved modesty.,
Denigrate,يشوه,অবমাননা করা,詆毀,تخریب کردن,dénigrer,verunglimpfen,بدنامول,denegrir,denigrar,kudharau,küçümsemek,очорнювати,بدنام کرنا,verb,They denigrate opponents.,To belittle.,
Denizen,ساكن,নিবাসী,居民,ساکن,détenu,Einwohner,اوسېدونکی,habitante,habitante,mkazi,yerleşik,мешканець,رہائشی,noun,A city denizen spoke.,Inhabitant.,
Denounce,يدين,নিন্দা করা,譴責,محکوم کردن,dénoncer,verurteilen,غندل,denunciar,denunciar,kulaani,kınamak,засуджувати,مذمت کرنا,verb,They denounced corruption.,To publicly criticize.,
Deployment,نشر النظام,ডিপ্লয়মেন্ট,部署,استقرار,déploiement,Bereitstellung,سیستم نصبول,implantação,despliegue,usambazaji wa mfumo,dağıtım,розгортання,ڈیپلائمنٹ,noun,The deployment of the new software was delayed.,The process of releasing software into operation.,
Deposition,إفادة قانونية,জবানবন্দি,庭外證詞,شهادت رسمی,déposition,Aussage,رسمي بيان,deposição,deposición,ushahidi rasmi,ifade,свідчення,بیان حلفی,noun,The witness gave a lengthy deposition before the trial.,Formal sworn testimony recorded before a court proceeding.,
Deregulation,تحرير القيود,নিয়ন্ত্রণমুক্তি,放鬆管制,آزادسازی,deréglementation,Entregulierung,آزادول,deregulação,desregulación,kuondoa udhibiti,deregülasyon,дерегуляція,آزاد کاری,noun,Deregulation boosted markets.,Removing rules.,
Deride,يسخر,উপহাস করা,嘲笑,تمسخر کردن,se moquer,verspotten,ملنډې وهل,escarnecer,escarnio,kudhihaki,alay etmek,знущатися,مذاق اڑانا,verb,They derided his idea.,To mock.,
Derogatory,ازدرائي,অবমাননাকর,貶低,تحقیرآمیز,dérogatoire,abwertend,توهین‌آمیز,derrogatório,derogatorio,ya kudharau,aşağılayıcı,принизливий,توہین آمیز,adjective,Derogatory remarks were made.,Disrespectful.,
Desiccate,يجفف,শুকানো,乾燥,خشک کردن,dessécher,austrocknen,وچول,desidratar,desecar,kukausha,kurutmak,висушувати,خشک کرنا,verb,The land was desiccated.,To dry out.,
Despondent,يائس,হতাশ,沮喪,ناامید,désespéré,mutlos,ناامید,desesperado,desalentado,kukata tamaa,ümitsiz,зневірений,مایوس,adjective,He felt despondent.,Very low in spirit.,
Desultory,غير منتظم,অনিয়মিত,散漫,پراکنده,desultoire,sprunghaft,بې نظم,desultorio,desultorio,kutokuwa na mpangilio,düzensiz,непослідовний,بے ربط,adjective,Desultory efforts failed.,Random or unfocused.,
Detente,انفراج,উত্তেজনা হ্রাস,緩和,تنش‌زدایی,détente,Entspannung,نرمښت,détente,distensión,mgawanyiko wa amani,Detant,розрядка,تناؤ میں کمی,noun,Detente reduced tensions.,Easing hostility.,
Deter,يمنع,নিবারণ করা,威懾,بازداشتن,dissuader,abschrecken,منع کول,impedir,detener,kuzuia,caydırmak,стримувати,روکنا,verb,High fines deter crime.,To discourage action through fear.,
Deterrent,رادع,নিবারক,威懾,بازدارنده,dissuasif,abschreckend,بازدارنده,disuasivo,disuasorio,kizuizi,caydırıcı,стримуючий,روکنے والا,noun,Punishment is a deterrent.,Prevents action.,
Detrimental,ضار,ক্ষতিকর,有害的,زیان‌بار,nuisible,schädlich,زیان رسونکی,detrimental,detrimental,ya kudhuru,zararlı,шкідливий,نقصان دہ,adjective,Smoking is detrimental to health.,Harmful.,
Diaphanous,شفاف,স্বচ্ছ,透明,نازک,diaphane,durchscheinend,شفاف,diáfano,diáfano,ya uwazi,hafif,прозорий,شفاف,adjective,Diaphanous fabric flowed.,Light and transparent.,
Diatribe,هجوم,তীব্র সমালোচনা,抨擊,انتقاد تند,diatribe,Schmährede,سخت نقد,diatribe,diatriba,ukosoaji mkali,sert eleştiri,інвектива,شدید تنقید,noun,A diatribe followed.,Angry speech.,
Dichotomy,ثنائية,দ্বৈততা,二分法,دوگانگی,dichotomie,Dichotomie,دوګونی,dicotomia,dicotomía,dichotomy,ikilem,дихотомія,دوئی,noun,There is a dichotomy between theory and practice.,A division into two contrasting parts.,
Didactic,تعليمي,শিক্ষামূলক,教導,آموزشی,didactique,didaktisch,تعلیمي,didático,didáctico,ya kufundisha,öğretici,дидактичний,تعلیمی,adjective,The tone was didactic.,Instructional.,
Diffident,خجول,লাজুক,缺乏自信,کم‌رو,diffident,schüchtern,شرمنده,diffidente,difidente,ya aibu,çekingen,сором’язливий,شرمیلا,adjective,A diffident student hesitated.,Lacking confidence.,
Dilatory,مماطل,ধীরগতি,拖延,سهل‌انگار,dilatoire,verzögernd,ځنډوونکی,dilatório,dilatorio,ya kuchelewesha,oportünist olmayan,затяжний,سست,adjective,Dilatory tactics delayed progress.,Slow or delaying.,
Diligent,مجتهد,পরিশ্রমী,勤奮的,کوشا,diligent,fleißig,زیارکښ,diligente,diligente,mwenye bidii,dikkatli,старанний,محنتی,adjective,She is a diligent student.,Careful and hardworking.,
Diode,صمام ثنائي,ডায়োড,二極體,دیود,diode,Diode,ډایوډ,diodo,diodo,diodi,diyot,діод,ڈائیوڈ,noun,A diode allows current to flow in only one direction.,An electronic component controlling current direction.,
Diplomacy,الدبلوماسية,কূটনীতি,外交,دیپلماسی,diplomatie,Diplomatie,دیپلوماسي,diplomacia,diplomacia,diplomasia,diplomasi,дипломатія,سفارت کاری,noun,Diplomacy prevented war.,International relations.,
Direct message,رسالة خاصة,ডাইরেক্ট মেসেজ,私人訊息,پیام خصوصی,message privé,Direktnachricht,خصوصي پيغام,mensagem direta,mensaje directo,ujumbe wa moja kwa moja,doğrudan mesaj,приватне повідомлення,براہ راست پیغام,noun,He sent me a direct message on social media.,A private message sent through an online platform.,
Discerning,مميز,বিচক্ষণ,有洞察力,دقیق,discernant,urteilend,هوښیار,discernente,discerniente,mwenye ufahamu,ayırıcı,проникливий,بصیر,adjective,A discerning reader noticed flaws.,Perceptive.,
Disconcert,يربك,অসন্তুষ্ট করা,使不安,آشفته کردن,déconcerter,verunsichern,ګډوډول,desconcertar,desconcertar,kuchanganya,şaşırtmak,збентежувати,پریشان کرنا,verb,The news disconcerted them.,To unsettle.,
Discredit,يشوه السمعة,মানহানি,抹黑,بی‌اعتبار کردن,décréditer,in Misskredit bringen,بدنامول,desacreditar,desacreditar,kudhalilisha,itibarsızlaştırmak,дискредитувати,بدنام کرنا,verb,The report discredited him.,Damage reputation.,
Discretionary,تقديري,বিবেচনামূলক,酌情的,اختیاری,discrétionnaire,Ermessens-,اختیاري,discricionário,discrecional,hiari,takdire bağlı,дискреційний,صوابدیدی,adjective,Managers have discretionary authority over certain expenses.,Subject to personal judgment or choice.,
Disdain,ازدراء,অবজ্ঞা,輕視,تحقیر,dédain,Verachtung,سپکاوی,desdém,desdén,dharau,küçümseme,зневага,حقارت,noun,He showed disdain for rules.,Contempt.,
Disparage,ينتقص,অবমূল্যায়ন করা,貶低,تحقیر کردن,déprécier,herabsetzen,بدنامول,desacreditar,desacreditar,kudharau,küçümsemek,принижувати,کم تر سمجھنا,verb,They disparaged his work.,To belittle.,
Disparate,متفاوت,ভিন্ন,不同的,متفاوت,disparate,unterschiedlich,بېلابېل,dispar,desigual,tofauti,farklı,різний,مختلف,adjective,They have disparate views.,Essentially different.,
Disparity,تفاوت,পার্থক্য,差異,تفاوت,disparité,Ungleichheit,توپیر,disparidade,disparidad,kutofautiana,farklılık,нерівність,عدم مساوات,noun,Income disparity increased.,Inequality.,
Dissemble,يتظاهر,ভান করা,掩飾,تظاهر کردن,dissimuler,täuschen,پټول,disfarçar,disimular,kuficha,rol yapmak,приховувати,دکھاوا کرنا,verb,He dissembled emotions.,To hide true feelings.,
Disseminate,ينشر,প্রচার করা,傳播,منتشر کردن,diffuser,verbreiten,خپرول,disseminar,diseminar,kusambaza,yaymak,поширювати,پھیلانا,verb,They disseminate information.,To spread widely.,
Dissent,معارضة,ভিন্নমত,異議,مخالفت,dissidence,Widerspruch,اختلاف,dissidência,disenso,upinzani,muhalefet,незгода,اختلاف,noun,Dissent was suppressed.,Opposition of opinion.,
Dissertation,أطروحة,অভিসন্দর্ভ,學位論文,رساله,thèse,Dissertation,رساله,dissertação,disertación,tasnifu,tez,дисертація,مقالہ,noun,She spent three years writing her doctoral dissertation.,A long academic paper based on original research.,
Diverge,ينحرف,বিচ্যুত হওয়া,分歧,انحراف داشتن,diverger,auseinandergehen,انحراف کول,divergir,divergir,kutofautiana,ayrılmak,розходитись,جدا ہونا,verb,Their opinions diverge sharply.,To separate or differ.,
Diversification,تنويع,বৈচিত্র্যকরণ,多元化,تنوع,bonification,Diversifikation,تنوع,diversificação,diversificación,mseto,çeşitlendirme,диверсифікація,تنوع,noun,Diversification reduced risk.,Spreading investments.,
Do not disturb,عدم الإزعاج,ডু নট ডিস্টার্ব,勿擾模式,مزاحم نشوید,mode ne pas déranger,Nicht stören,مزاحمت مه کوئ,não perturbe,no molestar,usinisumbue,rahatsız etmeyin,режим не турбувати,ڈو ناٹ ڈسٹرب,noun,I enable do not disturb while studying.,"A setting that silences calls, alerts, and notifications temporarily.",
Doctrine,عقيدة,নীতি,教義,دکترین,doctrine,Doctrine,عقیده,doutrina,doctrina,mafundisho,öğreti,доктрина,نظریہ,noun,The doctrine guided policy.,Set of beliefs/principles.,
Dogged,عنيد,অটল,頑強,سرسخت,tenace,hartnäckig,کلک,dogged,dogged,mwenye msimamo,stubborn,наполегливий,ضدی,adjective,Dogged effort paid off.,Persistent.,
Dogmatic,دوغمائي,গোঁড়া,教條式的,جزمی,dogmatique,dogmatisch,سخت عقیده والا,dogmático,dogmático,ya kaida tu,sorgucu,догматичний,مسلطانہ,adjective,His dogmatic views alienated others.,Stubbornly opinionated.,
Don’t hold your breath,لا تتوقع ذلك قريبًا,শিগগির আশা কোরো না,別抱太大希望,زیاد امیدوار نباش,ne retiens pas ton souffle,mach dir keine Hoffnungen,ډېره هيله مه کوه,não crie expectativas,no esperes mucho,usitarajie sana,boşuna bekleme,не варто чекати,زیادہ امید مت رکھو,idiom,"If you expect him to apologize, don’t hold your breath.",Used to say something probably will not happen soon.,
Down to earth,متواضع وواقعي,সহজ-সরল,腳踏實地,خاکی و واقع‌بین,pieds sur terre,bodenständig,ساده او واقعي,humilde,sencillo,mnyenyekevu,ayakları yere basan,приземлений,سادہ مزاج,adjective,"Despite her fame, she’s very down to earth.","Practical, realistic, and modest.",
Downsizing,تقليص,ছাঁটাই,裁員,کوچک‌سازی,réduction d'effectifs,Personalabbau,کارکوونکي کمول,redução,reducción,kupunguza wafanyakazi,personel azaltma,скорочення штату,کم کرنا,noun,Downsizing affected staff.,Reducing workforce.,
Drawer,درج,ড্রয়ার,抽屜,کشو,tiroir,Schublade,دروازه کشو,gaveta,cajón,droo,çekmece,шухляда,دراز,noun,The batteries are in the top drawer.,A sliding storage compartment in furniture.,
Drizzle,رذاذ مطر,গুঁড়ি গুঁড়ি বৃষ্টি,毛毛雨,باران نم‌نم,bruin,Nieselregen,سپک باران,garoa,llovizna,mvua nyepesi,çiseleme,мряка,ہلکی بارش,noun,A light drizzle continued throughout the afternoon.,Very light rain falling in small drops.,
Due diligence,العناية الواجبة,যাচাই-বাছাই,盡職調查,موشکافی,due diligence,Sorgfaltspflicht,پوره پلټنه,diligência,verificación,dhati zote,özenli inceleme,належна перевірка,مکمل تحقیق,noun,Due diligence was completed.,Investigation before deal.,
Dusty,مغبر,ধুলোময়,滿是灰塵的,پر گرد و غبار,poussiéreux,staubig,دوړنempoeirado,polviento,yenye vumbi,tozlu,запилений,گرد آلود,adjective,The old bookshelf was dusty after years in storage.,Covered with fine dirt or dust.,,
Easy does it,تمهل,আস্তে করো,慢慢來,آرام انجام بده,doucement,immer mit der Ruhe,ورو ورو,calma ahí,con calma,pole pole,yavaş yavaş,обережно,آہستہ آہستہ,idiom,Easy does it while carrying those fragile boxes.,A warning to move carefully or slowly.,
Ebullient,متحمس,উচ্ছ্বসিত,熱情洋溢,پرجوش,ébulliant,überschwänglich,پُر جوش,ebuliente,ebulliciente,mwenye furaha,coşkulu,бурхливий,پرجوش,adjective,Ebullient crowds celebrated.,Very enthusiastic.,
Eccentric,غريب الأطوار,অদ্ভুত,古怪,عجیب,éclectique,exzentrisch,عجیب,eccentrico,eccentrico,mgeni,eksantrik,ексцентричний,عجیب,adjective,He is eccentric but brilliant.,Unusual behavior.,
Economies of scale,اقتصاديات الحجم,স্কেলের অর্থনীতি,規模經濟,صرفه مقیاس,économies d'échelle,Skaleneffekte,د اندازې ګټه,economias de escala,economías de escala,faida ya ukubwa,ölçek ekonomisi,ефект масштабу,پیمانے کی معیشت,noun,Economies of scale reduced costs.,Larger production lowers cost.,
Efface,يمحو,মুছে ফেলা,抹去,پاک کردن,effacer,auslöschen,له منځه وړل,apagar,borrar,kufuta,silmek,стирати,مٹانا,verb,Time effaced memories.,To erase.,
Efficiency,كفاءة,দক্ষতা,效率,بهره‌وری,efficacité,Effizienz,موثريت,eficiência,eficiencia,ufanisi,verimlilik,ефективність,کارکردگی,noun,The new motor improved fuel efficiency significantly.,The ability to achieve results with minimal waste or energy.,
Effrontery,وقاحة,নির্লজ্জতা,厚顏無恥,بی‌ادبی,effronterie,Frechheit,بې ادبي,effrontezza,effrontería,utovu wa heshima,küstahlık,безсоромність,بے شرمی,noun,He had the effrontery to lie.,Bold disrespect.,
Egalitarian,مساواتي,সমতাবাদী,平等,برابری‌خواه,égalitaire,egalitär,برابري غوښتونکی,igualitário,igualitario,usawa,eşitlikçi,егалітарний,برابری پسند,adjective,An egalitarian society emerged.,Equality-based.,
Egregious,فاحش,চরম খারাপ,惡劣,فاحش,éhonté,ungeheuerlich,ډېر بد,egregio,egregio,mbaya sana,rezil,кричущий,انتہائی برا,adjective,An egregious error occurred.,Shockingly bad.,
Electoral college,المجمع الانتخابي,নির্বাচন কলেজ,選舉人團,مجمع انتخاباتی,collège électoral,Electoral College,انتخاباتي کالج,colégio eleitoral,colegio electoral,chuo cha uchaguzi,Wahlmännergremium,виборча колегія,الیکٹورل کالج,noun,The electoral college decided.,Indirect voting system.,
Elevator,مصعد,লিফট,電梯,آسانسور,ascenseur,Aufzug,لفټ,elevador,ascensor,lifti,asansör,ліфт,لفٹ,noun,We took the elevator to the tenth floor.,A machine that carries people between floors in a building.,
Elicit,يستخرج,উদ্ধার করা,引出,برانگیختن,élucider,herauslocken,استخراجول,elicitar,sacar,kuchochea,ortaya çıkarmak,викликати,نکالنا,verb,The teacher elicited responses.,To draw out a response.,
Elusive,صعب المنال,ধরা কঠিন,難以捉摸的,گریزپا,insaisissable,flüchtig,نه نیول کېدونکی,elusivo,elusivo,ngumu kufahamu,kaçamaklı,невловимий,دشوار الحصول,adjective,The answer remained elusive.,Difficult to find or understand.,
Eminent,بارز,বিশিষ্ট,傑出,برجسته,éminent,renommiert,مشهور,emérito,eminente,maarufu,önde gelen,видатний,نامور,adjective,An eminent scientist spoke.,Highly respected.,
Emoji,رمز تعبيري,ইমোজি,表情符號,ایموجی,emoji,Emoji,ايموجي,emoji,emoji,emoji,emoji,емодзі,ایموجی,noun,She added a laughing emoji to the text message.,A small digital icon used to express emotion or ideas.,
Empathy,تعاطف,সহমর্মিতা,同理心,همدلی,empathie,Empathie,همدردي,empatia,empatía,huruma,empati,емпатія,ہمدردی,noun,Good managers show empathy toward stressed employees.,The ability to understand and share another person’s feelings.,
Empirical,تجريبي,অভিজ্ঞতামূলক,經驗的,تجربی,empirique,empirisch,تجربوي,empírico,empírico,ya majaribio,ampirik,емпіричний,تجرباتی,adjective,We rely on empirical data.,Based on observation or experiment.,
Emulate,يحاكي,অনুকরণ করা,模仿,تقلید کردن,émuler,nachahmen,تقلید کول,emular,emular,kuiga,taklit etmek,наслідувати,نقل کرنا,verb,He emulated his mentor.,To imitate.,
Encomium,مديح,প্রশংসা,讚詞,ستایش,éloge,Lobrede,ستاينه,encomio,encomio,sifa,övgü,похвала,تعریف,noun,An encomium was delivered.,Formal praise.,
Encryption,تشفير,এনক্রিপশন,加密,رمزگذاری,chiffrement,Verschlüsselung,کوډګري,criptografia,cifrado,usimbaji fiche,şifreleme,шифрування,انکرپشن,noun,Encryption protects sensitive user information.,The process of converting data into a secure coded form.,
Encumbrance,عبء قانوني,আইনি বাধা,產權負擔,بار قانونی,charge,Belastung,قانوني بار,ônus,gravamen,kizuizi cha kisheria,yükümlülük,обтяження,قانونی بوجھ,noun,The property was sold free of encumbrances.,A legal claim or liability attached to property or assets.,
End-to-end encryption,تشفير من طرف إلى طرف,এন্ড-টু-এন্ড এনক্রিপশন,端對端加密,رمزگذاری سرتاسری,chiffrement de bout en bout,Ende-zu-Ende-Verschlüsselung,پای تر پایه کوډګري,criptografia de ponta a ponta,cifrado de extremo a extremo,usimbaji fiche wa mwisho hadi mwisho,uçtan uca şifreleme,наскрізне шифрування,اینڈ ٹو اینڈ انکرپشن,noun,The messaging app offers end-to-end encryption for privacy.,A security system where only communicating users can read messages.,
Endemic,متوطن,স্থানীয়,地方性,بومی,endémique,endemisch,ځایي,endêmico,endémico,ya kienyeji,endemik,ендемічний,مقامی,adjective,Corruption is endemic.,Locally widespread.,
Enervate,يضعف,দুর্বল করা,削弱,ناتوان کردن,énerver,ermatten,کمزوری کول,enervar,enervar,kudhoofisha,zayıflatmak,ослаблювати,کمزور کرنا,verb,Heat enervated the workers.,To weaken.,
Enhance,يعزز,উন্নত করা,增強,تقویت کردن,améliorer,verbessern,ښه کول,melhorar,mejorar,kuongeza,geliştirmek,покращувати,بہتر بنانا,verb,Lighting enhances mood.,To improve.,
Enigmatic,غامض,রহস্যময়,神秘的,مرموز,énigmatique,geheimnisvoll,مرموز,enigmático,enigmático,siri,sırrlı,загадковий,پراسرار,adjective,She gave an enigmatic smile.,Mysterious.,
Enmity,عداوة,শত্রুতা,敵意,دشمنی,inimitié,Feindschaft,دښمني,inimizade,enemistad,uadui,düşmanlık,ворожнеча,دشمنی,noun,Long-standing enmity existed.,Deep hostility.,
Entail,يستلزم,প্রয়োজন করা,涉及,مستلزم بودن,impliquer,erfordern,ضرورت لرل,implicar,implicar,kuhusisha,gerektirmek,вимагати,درکار ہونا,verb,The job entails travel.,To involve as necessary.,
Ephemeral,زائل,ক্ষণস্থায়ী,短暫,گذرا,éphémère,vergänglich,لنډمهاله,efêmero,efímero,ya muda mfupi,geçici,ефемерний,عارضی,adjective,Fame is ephemeral.,Short-lived.,
Epistemology,نظرية المعرفة,জ্ঞানতত্ত্ব,認識論,معرفت‌شناسی,épistémologie,Erkenntnistheorie,معرفت پوهنه,epistemologia,epistemología,utambuzi wa maarifa,epistemoloji,епістемологія,علمِ معرفت,noun,Epistemology studies knowledge.,Branch of philosophy dealing with knowledge.,
Equanimity,اتزان,সমতা,平靜,آرامش,équanimité,Gelassenheit,توازن,equanimidade,ecuanimidad,utulivu,Gelassenlik,спокій,سکون,noun,He maintained equanimity.,Calmness under pressure.,
Equity stake,حصة ملكية,মালিকানা অংশ,股權,سهم مالکیت,part de capital,Eigenkapitalanteil,برخه سهام,participação acionária,participación accionaria,hisa,hisse,частка власності,حصہ,noun,They bought an equity stake.,Ownership share.,
Equivocal,ملتبس,অস্পষ্ট,模棱兩可,دوپهلو,équivoque,mehrdeutig,مبهم,equívoco,equívoco,mbaya maarifa,çift anlamlı,неоднозначний,غیر واضح,adjective,His statement was equivocal.,Ambiguous.,
Equivocate,يتحايل,অস্পষ্ট কথা বলা,含糊其辭,دوپهلو گفتن,équivoquer,ausweichen,مبهم خبرې کول,equivocar,equivocar,kukwepa,savsamak,ухилятися,گول مول بات کرنا,verb,He equivocated during questioning.,To be ambiguous intentionally.,Using too many words.
Eradicate,يقضي على,নির্মূল করা,根除,ریشه‌کن کردن,éradiquer,ausrotten,له منځه وړل,erradicar,erradicar,kutokomeza,yok etmek,ліквідувати,ختم کرنا,verb,The disease was eradicated.,To eliminate completely.,
Errand,مهمة قصيرة,ছোটখাটো কাজ,差事,کار کوتاه,course,Besorgung,وړه دنده,recado,recado,shughuli ndogo,ufak iş,доручення,چھوٹا کام,noun,I need to run a few errands after work.,A short trip made to complete a specific task.,
Erratic,متقلب,অনিয়মিত,不穩定,نامنظم,erratique,unbeständig,نا منظم,errático,errático,isiyo thabiti,düzensiz,нерегулярний,غیر مستقل,adjective,His behavior was erratic.,Unpredictable.,
Erroneous,خاطئ,ভুল,錯誤,نادرست,erroné,fehlerhaft,غلط,errôneo,erróneo,ya makosa,hatalı,помилковий,غلط,adjective,That assumption is erroneous.,Incorrect.,
Eschew,يتجنب,এড়ানো,避開,اجتناب کردن,éviter,meiden,ډډه کول,evitar,esquivar,kuepuka,kaçınmak,уникати,پرہیز کرنا,verb,She eschews luxury.,Avoid deliberately.,
Esoteric,غامض,গূঢ়,深奧的,رمزی,ésotérique,esoterisch,پټ معنا,esotérico,esotérico,ya siri,ezoterik,езотеричний,خفیہ,adjective,Esoteric knowledge is hard to understand.,Understood by few.,
Espionage,التجسس,গুপ্তচরবৃত্তি,間諜,جاسوسی,espionnage,Spionage,جاسوسي,espionagem,espionaje,uhalifu wa siri,istihbarat,шпигунство,جاسوسی,noun,Espionage increased.,Spying activities.,
Ethical,أخلاقي,নৈতিক,倫理的,اخلاقی,éthique,ethisch,اخلاقي,ético,ético,kimaadili,etik,етичний,اخلاقی,adjective,The research followed ethical guidelines.,Relating to moral principles.,
Every cloud has a silver lining,لكل مشكلة جانب إيجابي,খারাপের মধ্যেও ভালো থাকে,黑暗中總有一線光明,هر سختی خیری دارد,à quelque chose malheur est bon,jede Wolke hat einen Silberstreif,هر مشکل کې خیر وي,toda nuvem tem seu lado bom,no hay mal que por bien no venga,kila baya lina jema,her işte bir hayır vardır,немає лиха без добра,ہر برائی میں بھلائی ہوتی ہے,idiom,"Even though he lost his job, every cloud has a silver lining.",There is usually something positive in a bad situation.,
Evoke,يستحضر,জাগানো,喚起,برانگیختن,évoquer,hervorrufen,راپارول,evocar,evocar,kukumbusha,çağrıştırmak,викликати,یاد دلانا,verb,The music evokes memories.,To bring to mind.,
Exacerbate,يفاقم,আরও খারাপ করা,惡化,بدتر کردن,aggraver,verschlimmern,خرابول,exacerbar,exacerbar,kuzidisha,kötüleştirmek,погіршувати,بگاڑنا,verb,Stress exacerbates illness.,To worsen.,
Exculpate,تبرئة,নির্দোষ প্রমাণ করা,開脫,تبرئه کردن,innocenter,entlasten,برائت ورکول,exculpar,exculpar,kufutia lawama,aklamak,виправдовувати,بری کرنا,verb,Evidence exculpated him.,Prove innocence.,
Exemplify,يجسد,উদাহরণ দেওয়া,舉例,نمونه بودن,illustrer,veranschaulichen,نمونه ورکول,ejemplificar,ejemplificar,kudhihirisha,örneklendirmek,ілюструвати,مثال دینا,verb,This case exemplifies the rule.,To serve as example.,
Exigent,ملح,জরুরি,緊急,فوری,exigeant,anspruchsvoll,فوری,exigente,exigente,dharura,acil,нагальний,فوری,adjective,Exigent demands followed.,Pressing.,
Exorbitant,مفرط,অতিরিক্ত,過高,گزاف,exorbitant,exorbitant,ډېر زیات,exorbitante,exorbitante,kupita kiasi,aşırı,надмірний,بہت زیادہ,adjective,Exorbitant prices annoyed customers.,Excessively high.,
Expedite,يسرع,দ্রুত করা,加速,تسریع کردن,accélérer,beschleunigen,چټکول,acelerar,acelerar,kuharakisha,hızlandırmak,прискорювати,تیز کرنا,verb,They expedited the process.,To speed up.,
Expiate,يكفر,প্রায়শ্চিত্ত করা,贖罪,کفاره دادن,expier,sühnen,کفاره کول,expiar,expiar,kufidia,cezalandırmak,спокутувати,کفارہ ادا کرنا,verb,He expiated his guilt.,Atone for wrongdoing.,
Extension cord,سلك تمديد,এক্সটেনশন কর্ড,延長線,سیم رابط,rallonge,Verlängerungskabel,غځېدونکی تار,extensão,alargador,waya wa kuongeza,uzatma kablosu,подовжувач,ایکسٹینشن کورڈ,noun,We used an extension cord for the fan.,A long electrical cable used to extend power access.,
Extol,يمدح,প্রশংসা করা,讚揚,ستودن,exalter,preisen,ستايل,elogiar,exaltar,kusifu,övmek,возвеличувати,تعریف کرنا,verb,They extolled his virtues.,To praise highly.,
Extrapolate,استقراء,অনুমান করা,推斷,برون‌یابی,extrapoler,extrapolieren,اټکل کول,extrapolar,extrapolar,kubashiri,sapmakla tahmin etmek,екстраполювати,قیاس کرنا,verb,It is risky to extrapolate from small data.,To infer beyond available data.,
Face the music,يواجه العواقب,পরিণতি মেনে নেওয়া,面對後果,پذیرفتن عواقب,faire face aux conséquences,sich den Konsequenzen stellen,پايلې منل,encarar as consequências,afrontar las consecuencias,kukubali matokeo,sonuçlara katlanmak,зіткнутися з наслідками,نتائج کا سامنا کرنا,idiom,"After lying to his boss, he had to face the music.",To accept punishment or unpleasant consequences.,
Facetious,مازح,রসিকতাপূর্ণ,輕浮的幽默,طنزآمیز,facetieux,scherzhaft,ټوکي,faceto,facético,ya utani,şakacı,жартівливий,مزاحیہ,adjective,He made a facetious remark.,Humor not meant to be serious.,
Facilitate,يسهل,সহজ করা,促進,تسهیل کردن,faciliter,erleichtern,اسانه کول,facilitar,facilitar,kurahisisha,kolaylaştırmak,полегшувати,آسان بنانا,verb,Technology facilitates learning.,To make easier.,
Faction,فصيل,দলীয় গোষ্ঠী,派系,جناح,faction,Fraktion,ډله,facção,facción,faksi,klik,фракція,گروہ,noun,A faction opposed reforms.,Subgroup within party.,
Fail-safe,آمن عند الفشل,خرابی প্রতিরোধী,故障保護的,ایمن در خرابی,sécurité intégrée,ausfallsicher,د ناکامۍ خوندي,failsafe,a prueba de fallos,salama wakati wa hitilafu,emniyetli sistem,відмовостійкий,فیل سیف,adjective,The reactor includes a fail-safe shutdown mechanism.,Designed to prevent danger or malfunction if something fails.,
Failed state,دولة فاشلة,ব্যর্থ রাষ্ট্র,失敗國家,دولت شکست‌خورده,État failli,gescheiterter Staat,ناکام دولت,estado falido,estado fallido,nchi iliyoshindwa,başarısız devlet,неспроможна держава,ناکام ریاست,noun,A failed state emerged.,Weak governance state.,
Fallacy,مغالطة,ভ্রান্ত ধারণা,謬誤,مغالطه,fallace,Irrtum,مغالطه,falácia,falacia,dhahania batili,fallacy,помилка,مغالطہ,noun,That argument is a logical fallacy.,A mistaken belief or flawed reasoning.,
Fallible,قابل للخطأ,ভুলযোগ্য,易錯,خطاپذیر,fallible,fehlbar,د خطا وړ,fallível,falible,ya kukosea,yanılabilir,помилковий,غلطی پذیر,adjective,Humans are fallible.,Capable of making mistakes.,
Fastidious,دقيق,খুঁতখুঁতে,挑剔,وسواسی,fastidieux,pedant,ډېر دقیق,fastidioso,fastidioso,mkali,hassas,прискіпливий,نازک مزاج,adjective,A fastidious editor corrected errors.,Very picky.,
Fatuous,أحمق,মূর্খ,愚蠢,احمق,fatu,albern,بې عقله,fatuo,fatuo,mpumbavu,saf,безглуздий,بیوقوف,adjective,A fatuous comment followed.,Silly.,
Faucet,صنبور,কল,水龍頭,شیر آب,robinet,Wasserhahn,نل,torneira,grifo,bomba,musluk,кран,نلکہ,noun,The kitchen faucet was leaking slightly.,A device that controls water flow from a pipe.,
Feasible,ممكن,সম্ভব,可行,قابل اجرا,faisable,machbar,ممکن,factível,factible,inawezekana,mümkün,здійсненний,ممکن,adjective,The plan is feasible.,Capable of being done.,
Fecund,خصب,উর্বর,肥沃,بارور,fécond,fruchtbar,حاصلخیز,fecundo,fecundo,zaa,fertil,плідний,زرخیز,adjective,Fecund ideas emerged.,Productive.,
Federalism,الفيدرالية,ফেডারালিজম,聯邦制,فدرالیسم,fédéralisme,Föderalismus,فدرالي نظام,federalismo,federalismo,shirikisho,Föderalismus,федералізм,وفاقیت,noun,Federalism divides power.,Shared government system.,
Fervent,حار,উদ্দীপ্ত,熱情的,پُرشور,fervent,leidenschaftlich,تودوخه,fervoroso,ferviente,mwenye shauku,ateşli,палкий,پرجوش,adjective,A fervent supporter spoke.,Intensely passionate.,
Fiduciary,ائتماني,বিশ্বাসভিত্তিক,信託責任的,امانی,fiduciaire,treuhänderisch,امانتي,fiduciário,fiduciario,ya udhamini,emanet görevi taşıyan,фідуціарний,امانت دار,adjective,The attorney has a fiduciary duty to act in the client’s best interest.,Relating to a relationship based on trust and legal responsibility.,
Finsta,حساب خاص,ফিনস্টা,私人小帳,حساب مخفی,finsta,Finsta,شخصي حساب,finsta,finsta,akaunti ya siri,finsta,приватний акаунт,خفیہ اکاؤنٹ,noun,Teenagers sometimes use a finsta for close friends only.,A private or secondary social media account used informally.,
Firmware,البرمجيات الثابتة,ফার্মওয়্যার,韌體,فریمور,micrologiciel,Firmware,ثابت سافټویر,firmware,firmware,firmware bellenim,мікропрограма,فرم ویئر,noun,A firmware update fixed the battery issue.,Software permanently programmed into hardware devices.,,
Fiscal deficit,العجز المالي,রাজস্ব ঘাটতি,財政赤字,کسری بودجه,déficit fiscal,Haushaltsdefizit,مالی خساره,déficit fiscal,déficit fiscal,upungufu wa bajeti,bütçe açığı,дефіцит бюджету,مالی خسارہ,noun,Fiscal deficit widened.,Spending exceeds revenue.,
Fiscal policy,السياسة المالية,রাজস্ব নীতি,財政政策,سیاست مالی,politique fiscale,Fiskalpolitik,مالی سیاست,política fiscal,política fiscal,sera ya fedha,fiskal politika,фіскальна політика,مالی پالیسی,noun,Fiscal policy affects growth.,Government spending/tax policy.,
Flagrant,فاضح,স্পষ্ট,公然,آشکار,flagrant,offensichtlich,ښکاره,flagrante,flagrante,dhahiri,açık,кричущий,واضح,adjective,Flagrant violation occurred.,Egregiously obvious.,
Fledgling,ناشئ,নবীন,新生,نوپا,faiblard,Anfänger,نو,rondador,novato,changa mpya,acemi,початківець,نو آموز,noun,A fledgling company grew.,New or inexperienced.,
Flex mode,وضعية الطي,ফ্লেক্স মোড,摺疊模式,حالت خم‌شونده,mode flex,Flex-Modus,تاو حالت,modo flex,modo flexible,hali ya kukunja,flex modu,режим згинання,فلیکس موڈ,noun,The foldable phone supports flex mode for video calls.,A device mode designed for partially folded screens.,
Flippant,استهتاري,অমার্জিত,輕率,بی‌ادب,irrévérencieux,respektlos,بې ادبه,frívolo,frívolo,ya dharau,saygısız,зневажливий,غیر سنجیدہ,adjective,Her flippant tone annoyed them.,Not showing seriousness.,
Flu,إنفلونزا,ফ্লু,流感,آنفولانزا,grippe,Grippe,زکام gripe,gripe,homa ya mafua,grip,грип,فلو,noun,Several employees stayed home because of the flu.,A contagious viral illness causing fever and body aches.,,
Fluctuate,يتقلب,উত্থান-পতন,波動,نوسان داشتن,fluctuer,schwanken,بدلېدل,flutuar,fluctuar,kubadilika,dalgalanmak,коливатися,اتار چڑھاؤ ہونا,verb,Prices fluctuate daily.,To rise and fall.,
Fold laundry,طي الملابس,কাপড় ভাঁজ করা,摺衣服,تا کردن لباس,plier le linge,Wäsche falten,جامې تا کول,dobrar roupa,doblar la ropa,kunja nguo,çamaşır katlamak,складати білизну,کپڑے تہہ کرنا,verb,I usually fold laundry while watching television.,To arrange washed clothes neatly by bending them.,
Foldable,قابل للطي,ভাঁজ করা যায় এমন,可摺疊的,تاشو,pliable,faltbar,تاوېدونکی,dobrável,plegable,inayokunjika,katlanabilir,складаний,فولڈ ہونے والا,adjective,The company released a new foldable smartphone this year.,A device designed to bend or fold without damage.,
Follower count,عدد المتابعين,ফলোয়ার সংখ্যা,追蹤人數,تعداد دنبال‌کننده,nombre d’abonnés,Followerzahl,د تعقیبوونکو شمېر,número de seguidores,número de seguidores,idadi ya wafuasi,takipçi sayısı,кількість підписників,فالوور تعداد,noun,His follower count increased after the viral post.,The total number of people following an online account.,
Forbearance,تسامح,সহিষ্ণুতা,忍耐,بردباری,patience,Geduld,صبر,força,paciencia,subira,sabır,терпіння,بردباری,noun,Forbearance was required.,Patience.,
Forecasting,التنبؤ,পূর্বাভাস,預測,پیش‌بینی,prévision,Prognose,پیشګويي,previsão,pronóstico,utabiri,tahmin,прогнозування,پیش گوئی,noun,Forecasting demand is critical.,Predicting future trends.,
Foreign direct investment,الاستثمار الأجنبي المباشر,বিদেশি বিনিয়োগ,外國直接投資,سرمایه‌گذاری مستقیم خارجی,investissement direct étranger,Direktinvestition,بهرنۍ پانګه,banco estrangeiro,inversión extranjera,mwekezaji wa moja kwa moja,doğrudan yatırım,прямі іноземні інвестиції,غیر ملکی سرمایہ کاری,noun,FDI increased.,Investment from abroad.,
Foreign policy,السياسة الخارجية,পররাষ্ট্র নীতি,外交政策,سیاست خارجی,politique étrangère,Außenpolitik,بهرنۍ پالیسي,política externa,política exterior,siasa ya nje,A dış politika,зовнішня політика,خارجہ پالیسی,noun,Foreign policy shifted.,External relations strategy.,
Formidable,هائل,ভয়ংকর,強大的,مهیب,redoutable,beeindruckend,ډېر قوي,formidável,formidable,pembaya,korkutucu,потужний,خوفناک,adjective,A formidable opponent awaited them.,Impressive or intimidating.,
Fortuitous,عرضي,আকস্মিক,偶然,اتفاقی,fortuit,accidentel,ناڅاپي,fortuito,fortuito,bahati,sans eseri,випадковий,اتفاقی,adjective,A fortuitous meeting occurred.,Happening by chance.,
Fractious,عصبي,খিটখিটে,易怒的,ناسازگار,fractieux,streitlustig,نا آرامه,irritável,irritable,ya kugombana,huysuz,дратівливий,چڑچڑا,adjective,The child was fractious.,Bad-tempered.,
Franchise,امتياز تجاري,ফ্র্যাঞ্চাইজি,特許經營,فرانچایز,franchise,Franchise,فرانچایز,franquia,franquicia,franchise,franchise,франшиза,فرنچائز,noun,The franchise expanded globally.,Business license model.,
Frivolous,تافه,তুচ্ছ,輕浮的,بی‌اهمیت,frivole,leichtfertig,بې ارزښته,frívolo,frívolo,ya kipuuzi,önemsiz,легковажний,فضول,adjective,He was fined for a frivolous lawsuit.,Lacking seriousness or importance.,
Frontend,الواجهة الأمامية,ফ্রন্টএন্ড,前端,فرانت‌اند,interface utilisateur,Frontend,مخکینۍ برخه,front-end,frontend,sehemu ya mbele,ön uç,фронтенд,فرنٹ اینڈ,noun,The frontend design focuses on user experience.,The visible user-facing portion of a software application.,
Frugal,مقتصد,মিতব্যয়ী,節儉,صرفه‌جو,frugal,sparsam,سپما کوونکی,frugal,frugal,mkumbufu,ekonomik,ощадливий,کفایت شعار,adjective,She lives a frugal life.,Economical.,
Futile,عبثي,নিষ্ফল,徒勞的,بیهوده,futile,vergeblich,بې ګټې,fútil,fútil,bila matokeo,boşuna,марний,فضول,adjective,Their efforts were futile.,Incabable of producing result.,
Gainsay,ينكر,অস্বীকার করা,否認,انکار کردن,contester,bestreiten,رد کول,negar,negar,kukataa,inkar etmek,заперечувати,رد کرنا,verb,He cannot gainsay facts.,To deny.,
Galvanize,يحفز,উদ্দীপ্ত করা,激勵,برانگیختن,mobiliser,anspornen,هڅول,galvanizar,galvanizar,kuhamasisha,harekete geçirmek,мобілізувати,متحرک کرنا,verb,The speech helped galvanize volunteers into action.,To stimulate or motivate people into taking action.,
Garrulous,ثرثار,বাচাল,多話的,پرگو,garrule,geschwätzig,ډېر خبرې کوونکی,loquaz,charlatán,msemaji,muhabbetli,балакучий,بکواس کرنے والا,adjective,A garrulous passenger talked nonstop.,Excessively talkative.,
Geopolitics,الجغرافيا السياسية,ভূ-রাজনীতি,地緣政治,ژئوپلیتیک,géopolitique,Geopolitik,جیوپولیټکس,geopolítica,geopolítica,jiopolitiki,jeopolitik,геополітика,جیو پولیٹکس,noun,Geopolitics shapes strategy.,Politics influenced by geography.,
Gerrymandering,تلاعب بالدوائر,জেলাগুলো পরিবর্তন,選區劃分操控,تقسیم حوزه انتخابیه,manipulation des circonscriptions,Gerrymandering,د ټاکنو لوبې,gerrymandering,gerrymandering,udanganyifu wa mipaka,Wahlkreismanipulation,джерримендеринг,انتخابی دھاندلی,noun,Gerrymandering distorted votes.,Manipulating districts.,
Get a taste of your own medicine,يذوق من نفس الكأس,নিজের কাজের ফল ভোগ করা,自食其果,سزای عمل خود را دیدن,goûter à son propre remède,die eigene Medizin schmecken,د خپل کار سزا ليدل,provar do próprio veneno,probar su propia medicina,kupata matokeo ya matendo,kendi silahıyla vurulmak,скуштувати власних ліків,اپنے کیے کا مزہ چکھنا,idiom,"After teasing everyone for years, he finally got a taste of his own medicine.",To be treated the same unpleasant way you treated others.,
Get cold feet,يتردد خوفًا,ভয়ে পিছিয়ে যাওয়া,臨陣退縮,ترسیدن در آخرین لحظه,avoir des doutes kalte Füße bekommen,وېرېدل,ficar nervoso,echarse atrás,kuogopa son anda vazgeçmek,злякатися,گھبرا جانا,idiom,She got cold feet before the wedding ceremony.,To become nervous or afraid before doing something important.,,,
Get out of hand,يفلت من السيطرة,নিয়ন্ত্রণের বাইরে চলে যাওয়া,失去控制,از کنترل خارج شدن,devenir incontrôlable,außer Kontrolle geraten,له کنټروله وتل,sair do controle,salirse de control,kutodhibitika,kontrol dışına çıkmak,вийти з-під контролю,کنٹرول سے باہر ہونا,idiom,The party got out of hand after midnight.,To become difficult to control.,
Get something off your chest,يريح ضميره بالكلام,মনের কথা বলা,一吐為快,درد دل کردن,se soulager,etwas loswerden,زړه سپکول,desabafar,sacarse algo del pecho,kutoa hisia,dökülmek,виговоритися,دل کی بات کہنا,idiom,I need to get something off my chest about yesterday’s meeting.,To talk honestly about something troubling you.,
Get the hang of it,يتقن الأمر,কৌশল রপ্ত করা,掌握訣竅,یاد گرفتن مهارت,prendre le coup,den Dreh rausbekommen,عادت کېدل,pegar o jeito,cogerle el truco,kuzoea,kavramak,освоїти,مہارت حاصل کرنا,idiom,It took me a while to get the hang of driving stick shift.,To learn how to do something properly.,
Ghosting,التجاهل المفاجئ,হঠাৎ যোগাযোগ বন্ধ করা,突然失聯,ناپدید شدن ناگهانی,ghosting,Ghosting,ناڅاپي پرېکون,sumiço digital,ghosting,kupotea ghafla,hayalet gibi kaybolma,ігнорування без пояснення,اچانک رابطہ ختم کرنا,noun,Ghosting has become common in online dating culture.,Suddenly ending communication without explanation.,
Git repository,مستودع جيت,গিট রিপোজিটরি,Git 儲存庫,مخزن گیت,dépôt Git,Git-Repository,ګیټ زېرمه,repositório Git,repositorio Git,hazina ya Git,Git deposu,репозиторій Git,گٹ ریپوزٹری,noun,The code is stored in a shared Git repository.,A storage location for version-controlled source code.,
Give it a shot,يجرب,একবার চেষ্টা করা,試一試,امتحان کردن,tenter sa chance,versuchen,هڅه کول,tentar,intentarlo,kujaribu,bir denemek,спробувати,کوشش کرنا,idiom,"I’ve never cooked Thai food, but I’ll give it a shot.",To attempt something.,
Give someone the benefit of the doubt,يفترض حسن النية,সন্দেহের সুবিধা দেওয়া,往好處想,حسن نیت فرض کردن,accorder le bénéfice du doute,im Zweifel für jemanden entscheiden,ښه ګومان کول,dar o benefício da dúvida,dar el beneficio de la duda,kutoa nafasi ya kuaminika,şüpheden yararlanmak,дати кредит довіри,اچھا گمان کرنا,idiom,I’ll give her the benefit of the doubt since she apologized.,To choose to believe someone despite uncertainty.,
Go bananas,يفقد أعصابه,অতিরিক্ত উত্তেজিত হওয়া,發瘋,دیوانه شدن,devenir fou,ausflippen,لېونی کېدل,ficar louco,volverse loco,kuchanganyikiwa,çıldırmak,збожеволіти,پاگل ہو جانا,idiom,The kids went bananas when they saw the puppies.,To become extremely excited or crazy.,
Go the extra mile,يبذل جهداً إضافياً,অতিরিক্ত চেষ্টা করা,額外付出,بیشتر تلاش کردن,faire un effort supplémentaire,die Extrameile gehen,اضافي هڅه کول,ir além,hacer un esfuerzo extra,kujitoa zaidi,fazladan çaba göstermek,докласти додаткових зусиль,اضافی کوشش کرنا,idiom,Great teachers always go the extra mile for students.,To make more effort than expected.,
Go with the flow,يسير مع الظروف,পরিস্থিতির সাথে মানিয়ে চলা,順其自然,همراه جریان رفتن,suivre le mouvement,mit dem Strom schwimmen,د حالاتو سره تلل,deixar acontecer,dejarse llevar,kuendana na hali,akışına bırakmak,плисти за течією,حالات کے ساتھ چلنا,idiom,We didn’t make strict plans on vacation — we just went with the flow.,To adapt casually to situations without resistance.,
Goodwill,شهرة الشركة,সুনাম,商譽,سرقفلی,goodwill,Firmenwert,نیک نامي,goodwill,fondo de comercio,uheshima,maddi olmayan değer,ділова репутація,نیک نام,noun,Goodwill increased valuation.,Intangible reputation value.,
Gregarious,اجتماعي,মিশুক,群居的,اجتماعی,sociable,gesellig,ټولنیز,sociável,sociable,ya kijamii,sosyal,товариський,ملنسار,adjective,She is very gregarious at parties.,Sociable and enjoying company.,
Hackneyed,مبتذل,ক্লিশে,陳腐,کلیشه‌ای,hackneyé,abgedroschen,زاړه خبرې,manido,manido,ya kawaida,bayat,затертий,پرانا,adjective,Hackneyed phrases weaken writing.,Overused and unoriginal.,
Handle,اسم المستخدم,ইউজারনেম,帳號名稱,نام کاربری,pseudo,Benutzername,کارن نوم,nome de usuário,nombre de usuario,jina la mtumiaji,kullanıcı adı,нікнейм,یوزرنیم,noun,Her social media handle is easy to remember.,A username used on social media platforms.,
Hang in there,تماسك,ধৈর্য ধরে থাকো,撐住,تحمل کن,tenir bon,durchhalten,صبر کول,aguentar,resistir,vumilia,dayanmak,тримайся,حوصلہ رکھنا,idiom,Hang in there — things will improve soon.,To remain patient and persistent during difficulties.,
Hang up,يغلق الهاتف,ফোন কেটে দেওয়া,掛斷電話,قطع کردن تماس,raccrocher,auflegen,ټیلیفون بندول,desligar,colgar,kata simu,telefonu kapatmak,покласти слухавку,فون بند کرنا,verb,She accidentally hung up during the conversation.,To end a telephone call.,
Haphazard,عشوائي,এলোমেলো,雜亂無章的,بی‌نظم,désordonné,unkoordiniert,بې ترتیبه,desorganizado,desordenado,ovyo ovyo,dağınık,безладний,بے ترتیب,adjective,The files were arranged in a haphazard manner.,"Lacking organization, planning, or order.",
Hapless,سيء الحظ,দুর্ভাগা,不幸的,بدبخت,malheureux,unglücklich,بدبخته,infeliz,infortunado,mwenye bahati mbaya,şanssız,нещасливий,بدقسمت,adjective,The hapless traveler missed every train.,Unlucky or unfortunate.,
Harangue,خطبة نارية,তীব্র বক্তৃতা,長篇演講,خطابه تند,harangue,Schimpfrede,تقریر,torração,diatriba,hotuba,sert konuşma,вигук,تقریر,noun,A political harangue followed.,Long angry speech.,
Harbinger,نذير,আগাম সংকেত,先兆,پیش‌درآمد,annonciateur,Vorzeichen,نښه,precursor,heraldo,ishara ya mapema,habercı,провісник,پیش خیمہ,noun,Clouds are a harbinger of rain.,Something that signals future events.,
Hashtag,وسم,হ্যাশট্যাগ,主題標籤,هشتگ,hashtag,Hashtag,هشتګ,hashtag,hashtag,alama ya reli,etiket,хештег,ہیش ٹیگ,noun,Add a hashtag so more users can find the post.,A word or phrase preceded by the # symbol used for categorization online.,
Haughty,متعجرف,অহংকারী,傲慢,مغرور,haughty,hochmütig,متکبر,háutain,haughty,mwenye kiburi,kibirli,зазнавчий,متکبر,adjective,His haughty attitude alienated others.,Arrogantly superior.,
Headphones,سماعات رأس,হেডফোন,耳機,هدفون,casque,Kopfhörer,هیډفون,fones de ouvido,auriculares,vifaa vya kusikiliza,kulaklık,навушники,ہیڈفون,noun,I use headphones while studying at the library.,A device worn over the ears for listening to audio.,
Hedging,التحوط,হেজিং,對沖,پوشش ریسک,couverture,Absicherung,محافظت,hedging,cobertura,kinga,hedging,хеджування,ہیجنگ,noun,Hedging reduced risk.,Risk protection strategy.,
Hedonism,اللذة,সুখবাদ,享樂主義,لذت‌گرایی,hédonisme,Hedonismus,لذت,hedonismo,hedonismo,furaha,hedonizm,гедонізм,عیش,noun,Hedonism prioritizes pleasure.,Pleasure-seeking.,
Hegemonic stability,الاستقرار الهيمني,আধিপত্য স্থিতিশীলতা,霸權穩定,ثبات هژمونیک,stabilité hégémonique,hegemoniale Stabilität,د واک ثبات,estabilidade hegemônica,estabilidad hegemónica,utulivu wa nguvu,Hegemonik istikrar,гегемонна стабільність,غالب استحکام,noun,Hegemonic stability declined.,Dominant power maintains order.,
Hegemony,الهيمنة,আধিপত্য,霸權,هژمونی,hégémonie,Hegemonie,واکمني,hegemonia,hegemonía,utawala wa nguvu,Hegemonya,гегемонія,غلبہ,noun,Hegemony shaped politics.,Dominant influence.,
Heinous,شنيع,জঘন্য,兇惡,فجیع,héneux,schändlich,وحشیانه,horrendo,horrendo,ya kutisha,dehşet verici,жахливий,سنگین جرم,adjective,A heinous crime shocked the public.,Horrible or wicked.,
Heretic,هرطوقي,ধর্মবিরোধী,異端,بدعت‌گذار,hérétique,Ketzer,ملحد,herege,hereje,mhalifu,dinsiz,єретик,بدعتی,noun,He was called a heretic.,One who opposes belief.,
Hiatus,فجوة,বিরতি,間隙,وقفه,hiatus,Pause,وقفه,hiato,hiato,pumziko,pauze,перерва,وقفہ,noun,A hiatus occurred in work.,Gap or break.,
Hinder,يعيق,বাধা দেওয়া,阻礙,مانع شدن,entraver,behindern,خنډ اچول,impedir,obstaculizar,kuzuia,engellemek,перешкоджати,رکاوٹ ڈالنا,verb,Noise hindered concentration.,To obstruct.,
Hinge,مفصلة,কবজা,鉸鏈,لولا,charnière,Scharnier,قبضه,dobradiça,bisagra,bawaba,menteşe,шарнір,قبضہ,noun,The hinge on the foldable device feels sturdy.,A movable joint allowing a device to fold.,
Hit the books,يذاكر بجد,মনোযোগ দিয়ে পড়াশোনা করা,用功讀書,درس خواندن شدید,bûcher,pauken,سخت مطالعه کول,estudar muito,ponerse a estudiar,kusoma kwa bidii,inek gibi çalışmak,старанно вчитися,دل لگا کر پڑھنا,idiom,I need to hit the books before the exam tomorrow.,To study seriously and with concentration.,
Hit the nail on the head,أصاب كبد الحقيقة,একদম ঠিক বলা,一針見血,دقیق گفتن,taper dans le mille,den Nagel auf den Kopf treffen,سمه خبره کول,acertar em cheio,dar en el clavo,kusema sahihi,tam üstüne basmak,влучити в точку,بالکل صحیح کہنا,idiom,Your explanation really hit the nail on the head.,To describe something exactly correctly.,
Hit the road,يغادر,রওনা হওয়া,上路,راه افتادن,prendre la route,losfahren,سفر پيلول,pegar a estrada,emprender camino,kuondoka,yola çıkmak,вирушати,روانہ ہونا,idiom,We should hit the road before traffic gets worse.,To leave or begin a journey.,
Hit the sack,يذهب للنوم,ঘুমাতে যাওয়া,去睡覺,خوابیدن,aller au lit,in die Heia gehen,ويده کېدل,ir dormir,irse a dormir,kwenda kulala,yatmaya gitmek,лягати спати,سونے جانا,idiom,I’m exhausted — I’m going to hit the sack early tonight.,To go to bed.,
Homogeneous,متجانس,সমজাতীয়,同質,همگن,homogène,homogen,همجنس,homogêneo,homogéneo,sawa,homojen,однорідний,یکساں,adjective,A homogeneous mixture formed.,Uniform in composition.,
Humanitarian intervention,التدخل الإنساني,মানবিক হস্তক্ষেপ,人道干預,مداخله بشردوستانه,intervention humanitaire,humanitäre Intervention,بشري مداخله,intervenção humanitária,intervención humanitaria,uingiliaji wa kibinadamu,insani müdahale,гуманітарне втручання,انسانی مداخلت,noun,Humanitarian intervention occurred.,Intervention for human rights.,
Hypothesis,فرضية,অনুমান,假設,فرضیه,hypothèse,Hypothese,فرضیه,hipótese,hipótesis,dhana,hipotez,гіпотеза,مفروضہ,noun,The hypothesis was tested in the lab.,A proposed explanation to test.,
Iconoclast,محطم الأصنام,প্রচলিত বিরোধী,反傳統者,شکستنِ سنت‌ها,iconoclaste,Ikonoklast,روایت شکن,iconoclasta,iconoclasta,mpingaji wa mila,gelenek yıkıcı,іконоборець,روایت شکن,noun,The writer was an iconoclast.,One who challenges established beliefs.,
Iconoclastic,ضد تقليدي,প্রচলিত বিরোধী,反傳統,شکستن سنت,iconoclaste,ikonoklastisch,روایت شکن,iconoclasta,iconoclasta,mpinga mila,gelenek yıkıcı,іконоборчий,روایت شکن,adjective,He has iconoclastic views.,Challenging tradition.,
Ideology,أيديولوجية,বিচারধারা,意識形態,ایدئولوژی,idéologie,Ideologie,نظریه,ideologia,ideología,itikadi,ideoloji,ідеологія,نظریہ,noun,Political ideology matters.,System of beliefs.,
Ignominious,مخز,লজ্জাজনক,恥辱,رسوا,ignominieux,schmachvoll,رسوا,ignominioso,ignominioso,ya aibu,utanç verici,ганебний,شرمناک,adjective,An ignominious defeat followed.,Shameful.,
Imminent,وشيك,নিকটবর্তী,即將發生,نزدیک,imminent,bevorstehend,نژدې,imminente,inminente,kukaribia,yakın,неминучий,قریب,adjective,A storm is imminent.,About to happen.,
Immutable,غير قابل للتغيير,অপরিবর্তনীয়,不可改變,تغییرناپذیر,immuable,unveränderlich,نه بدلېدونکی,imutável,inmutable,ambayo haiwezi kubadilika,un değişmez,незмінний,ناقابلِ تبدیلی,adjective,Laws seemed immutable.,Unchangeable.,
Impartial,محايد,নিরপেক্ষ,公平的,بی‌طرف,impartial,unparteiisch,بې پرې,imparcial,imparcial,haki tarafsız,бейсторонній,غیر جانبدار,adjective,The judge must be impartial.,Unbiased.,,
Impeachment,عزل,অভিশংসন,彈劾,استیضاح,destitution,Amtsenthebung,برطرفي,impeachment,destitución,kuondolewa,Görevden alma,імпічмент,عہدے سے ہٹانا,noun,Impeachment was initiated.,Removal process.,
Impeccable,لا تشوبه شائبة,নিখুঁত,無可挑剔的,بی‌نقص,impeccable,makellos,بې عیبه,impecável,impecable,isiyo na dosari,kusursuz,бездоганний,بے عیب,adjective,Her impeccable manners impressed the guests.,Perfect and without mistakes or faults.,
Impecunious,فقير,দরিদ্র,貧窮,بی‌پول,impecunieux,mittellos,بې پيسه,impecunioso,impecunioso,maskini,fakir,безгрошовий,غریب,adjective,An impecunious student struggled.,Poor.,
Impede,يعرقل,বাধা দেওয়া,阻礙,مانع شدن,empêcher,behindern,خنډ کول,impedir,impedir,kuzuia,engellemek,перешкоджати,رکاوٹ ڈالنا,verb,Rain impeded progress.,To slow or block.,
Imperialism,الإمبريالية,সাম্রাজ্যবাদ,帝國主義,امپریالیسم,impérialisme,Imperialismus,امپریالیزم,imperialismo,imperialismo,ubeberu,emperyalizm,імперіалізм,سامراجیت,noun,Imperialism expanded control.,Expansion of power.,
Impetuous,متهور,হঠকারী,衝動,شتابزده,impétueux,ungestüm,بېړه کوونکی,impetuoso,impetuoso,mwenye pupa,düşüncesiz,імпульсивний,جلد باز,adjective,An impetuous decision was made.,Acting without thought.,
Impetus,دافع,প্রেরণা,推動力,انگیزه,impulsion,Anstoß,تحریک,impulso,impulso,msukumo,itici güç,імпульс,تحریک,noun,The speech gave impetus to reform.,Momentum or driving force.,
Implicit,ضمني,অন্তর্নিহিত,隱含的,ضمنی,implicite,implizit,ضمني,implícito,implícito,ya kueleweka bila kusema,dolaylı,неявний,ضمنی,adjective,There was implicit trust.,Implied though not stated.,
Impugn,يطعن في,প্রশ্ন করা,質疑,زیر سوال بردن,mettre en doute,anzweifeln,چيلنج کول,impugnar,impugnar,kupinga,sorgulamak,ставити під сумнів,چیلنج کرنا,verb,They impugn his motives.,To challenge validity.,
Impulse buy,شراء اندفاعي,হঠাৎ কেনাকাটা,衝動購物,خرید ناگهانی,achat impulsif,Impulskauf,ناڅاپي پېرود,compra por impulso,compra impulsiva,ununuzi wa papara,dürtüsel satın alma,імпульсивна покупка,جذباتی خریداری,noun,The expensive headphones were an impulse buy at the checkout counter.,A purchase made suddenly without prior planning.,
In hot water,في ورطة,বিপদে পড়া,陷入麻煩,به دردسر افتادن,avoir des ennuis,in Schwierigkeiten sein,په ستونزه کې وي,em apuros,en problemas,kuwa matatani,başını belaya sokmak,мати проблеми,مصیبت میں ہونا,idiom,He’s in hot water after missing another deadline.,To be in trouble or facing criticism.,
In no time,بسرعة كبيرة,অল্প সময়ে,很快,خیلی سریع,en un rien de temps,im Handumdrehen,ډېر ژر,em pouco tempo,en poco tiempo,haraka sana,hemen,миттєво,جلدی,idiom,We finished the project in no time.,Very quickly or soon.,
In the long run,على المدى الطويل,দীর্ঘমেয়াদে,從長遠來看,در بلندمدت,à long terme,langfristig,په اوږده موده کې,a longo prazo,a largo plazo,baadaye,uzun vadede,у довгостроковій перспективі,طویل مدت میں,idiom,Saving money regularly helps in the long run.,Over a long period of time eventually.,
Inbox zero,صفر رسائل واردة,ইনবক্স জিরো,收件匣歸零,صفر شدن صندوق ورودی,boîte de réception vide,Posteingang null,تش صندوق ورودي,caixa de entrada vazia,bandeja vacía,kikasha tupu,gelen kutusu sıfır,порожня скринька,خالی ان باکس,noun,She practices inbox zero to stay organized at work.,A productivity method focused on keeping email inboxes empty or nearly empty.,
Incessant,متواصل,নিরবচ্ছিন্ন,持續不斷,بی‌وقفه,incessant,unaufhörlich,پرله‌پسې,incessante,incesante,ya mara kwa mara,sürekli,безперервний,مسلسل,adjective,Incessant noise disturbed sleep.,Unending.,
Inchoate,بدائي,অপূর্ণ,未成形,ناقص,inchoatif,unausgereift,نا بشپړ,incoativo,incoativo,ya mwanzo,olgunlaşmamış,незрілий,نامکمل,adjective,Inchoate ideas formed.,Not fully developed.,
Incisive,حاد,তীক্ষ্ণ,犀利,تیز,incisif,scharf,تیز,incisivo,incisivo,makali,keskin,різкий,تیز,adjective,She gave an incisive analysis.,Clear and sharp.,
Incongruous,غير متناسق,অসামঞ্জস্যপূর্ণ,不協調,ناهماهنگ,incongru,inkongruent,نامتناسب,incongruente,incongruente,isiyoendana,uyumsuz,недоречний,غیر موزوں,adjective,The tone felt incongruous.,Not in harmony.,
Incredulous,مشكك,অবিশ্বাসী,難以置信,باورناپذیر,incrédule,ungläubig,بې باوره,incrédulo,incrédulo,asiyesadiki,inanmaz,недовірливий,بے یقین,adjective,He looked incredulous.,Unable to believe.,
Incumbent,شاغل المنصب,বর্তমান পদধারী,現任者,مقام‌دار,incumbent,Amtsträger,موجوده,incumbente,incumbente,mshikilia nafasi,yerleşik görevli,чинний,موجودہ,holder of office,The incumbent won again.,Current office holder.,
Indemnify,يعوض,ক্ষতিপূরণ প্রদান করা,賠償,غرامت دادن,indemniser,entschädigen,تاوان ورکول,indenizar,indemnizar,kufidia,tazmin etmek,відшкодовувати,ہرجانہ دینا,verb,The supplier agreed to indemnify the retailer against losses.,"To compensate for harm, damage, or financial loss.",
Indict,يتهم,অভিযোগ করা,起訴,متهم کردن,inculper,anklagen,ملزم کول,indiciar,inculpar,kushtaki,iddianame açmak,звинувачувати,الزام لگانا,verb,He was indicted for fraud.,To formally accuse.,
Indifferent,غير مبالٍ,উদাসীন,冷漠,بی‌تفاوت,indifférent,gleichgültig,بې پروا,indiferente,indiferente,kutojali,duygusuz,байдужий,لاپروا,adjective,They were indifferent to the outcome.,Not caring.,
Indispensable,لا غنى عنه,অপরিহার্য,不可或缺,ضروری,indispensable,unentbehrlich,نه بېل کېدونکی,indispensável,indispensable,muhimu sana,vazgeçilmez,незамінний,لازمی,adjective,Water is indispensable to life.,Absolutely necessary.,
Indolent,كسول,অলস,懶惰,تنبل,indolent,träge,سست,indolente,indolente,mvivu,tembel,ледачий,سست,adjective,He led an indolent life.,Lazy.,
Inductor,ملف حثي,ইন্ডাক্টর,電感器,سلف,inductance,Induktor,برقي کویل,indutor,inductor,koili ya umeme,endüktör,індуктор,انڈکٹر,noun,The inductor helps regulate current changes.,An electrical component that stores energy in a magnetic field.,
Ineluctable,لا مفر منه,অপরিহার্য,不可避免,اجتناب‌ناپذیر,inéluctable,unvermeidlich,نه تېښته,inelutável,ineludible,ya lazima,kaçınılmaz,неминучий,لازمی,adjective,An ineluctable outcome occurred.,Inevitable.,
Inert,خامل,নিষ্ক্রিয়,惰性,غیرفعال,inert,inert,غیر فعال,inerte,inerte,isiyo tendaji,etkisiz,інертний,غیر فعال,adjective,The gas is inert.,Inactive or non-reactive.,
Infallible,معصوم عن الخطأ,অভুল,絕對正確,خطاناپذیر,infaillible,unfehlbar,بې خطا,infalible,infalible,isiyokosea,hatasız,непомильний,غلطی سے پاک,adjective,No system is infallible.,Unable to be wrong.,
Inflation rate,معدل التضخم,মুদ্রাস্ফীতি হার,通貨膨脹率,نرخ تورم,taux d'inflation,Inflationsrate,د انفلاسیون کچه,taxa de inflação,tasa de inflación,kiwango cha mfumuko wa bei,enflasyon oranı,рівень інфляції,مہنگائی کی شرح,noun,Inflation rate rose.,Price increase measure.,
Influencer,مؤثر على وسائل التواصل,ইনফ্লুয়েন্সার,網紅,اینفلوئنسر,influenceur,Influencer,اغېزمن کس,influenciador,influencer,mshawishi,fenomen,інфлюенсер,انفلوئنسر,noun,The influencer promoted the skincare brand online.,A person who affects audience opinions through social media presence.,
Infrastructure,البنية التحتية,অবকাঠামো,基礎設施,زیرساخت,infrastructure,Infrastruktur,زیربنا,infraestrutura,infraestructura,miundombinu,altyapı,інфраструктура,بنیادی ڈھانچہ,noun,Investment in infrastructure grew.,Basic systems.,
Ingredient,مكون,উপকরণ,食材,ماده اولیه,ingrédient,Zutat,جز,ingrediente,ingrediente,kiungo,malzeme,інгредієнт,اجزاء,noun,Flour is the main ingredient in the recipe.,One of the foods or substances used to make something.,
Inhibit,يمنع,নিরোধ করা,抑制,مهار کردن,inhiber,hemmen,مخنیوی,inibir,inhibir,kuzuia,baskılamak,гальмувати,روکنا,verb,Fear inhibits creativity.,To restrain or prevent.,
Inimical,معادٍ,শত্রুভাবাপন্ন,敵對,دشمن,inimical,feindlich,دښمن,inimigo,inimical,ya uadui,düşmanca,ворожий,دشمن,adjective,Conditions were inimical.,Hostile.,
Injunction,أمر قضائي,নিষেধাজ্ঞামূলক আদালতের আদেশ,禁制令,حکم قضایی,injonction,einstweilige Verfügung,محکمې حکم,injunção,mandato judicial,amri ya mahakama,ihtiyati tedbir,судова заборона,عدالتی حکم,noun,The judge issued an injunction preventing the merger.,A court order requiring or prohibiting a specific action.,
Innocuous,غير مؤذ,ক্ষতিকর নয়,無害,بی‌ضرر,inoffensif,harmlos,بې ضرر,inofensivo,inocuo,isiyo na madhara,zararsız,нешкідливий,غیر مضر,adjective,Innocuous comments caused no harm.,Harmless.,
Insatiable,لا يشبع,অতৃপ্ত,不滿足,سیری‌ناپذیر,insatiable,unersättlich,نه سیرېدونکی,insaciável,insaciable,hajitosheki,doyumsuz,ненаситний,نا قابلِ تسکین,adjective,She had an insatiable curiosity.,Cannot be satisfied.,
Inscrutable,غامض,অবোধগম্য,高深莫測,غیرقابل فهم,inscrutable,undurchschaubar,نه لوستل کېدونکی,insondável,inscrutable,ya kushangaza,anlaşılmaz,незбагненний,پراسرار,adjective,An inscrutable expression remained.,Mysterious.,
Insidious,خبيث,ধীরে ক্ষতিকর,陰險,موذی,insidieux,heimtückisch,پټه خطرناک,insidioso,insidioso,ya hila,kurnazca,підступний,خفیہ نقصان دہ,adjective,Insidious disease spread slowly.,Gradually harmful.,
Insipid,باهت,নীরস,乏味,بی‌مزه,insipide,lau,بې خونده,insípido,insípido,bila ladha,lezzetsiz,нудний,بے ذائقہ,adjective,Insipid speech bored listeners.,Lacking flavor or interest.,
Insolvency,الإعسار,দেউলিয়াত্ব,無力償債,ورشکستگی,insolvabilité,Insolvenz,افلاس,insolvência,insolvencia,ufilisika,iflas,неплатоспроможність,دیوالیہ پن,noun,The company entered insolvency proceedings after years of debt.,The condition of being unable to pay debts.,
Insular,معزول,বিচ্ছিন্ন,孤立的,جزیره‌ای,insulaire,insular,جدا,insular,insular,ya kujitenga,kapalı,острівний,تنہائی پسند,adjective,Their views were insular.,Isolated or narrow-minded.,
Insurrection,تمرد,বিদ্রোহ,起義,شورش,insurrection,Aufstand,بغاوت,insurreição,insurrección,uasi,ayaklanma,повстання,بغاوت,noun,An insurrection began.,Uprising against authority.,
Interest rate,سعر الفائدة,সুদের হার,利率,نرخ بهره,taux d'intérêt,Zinssatz,د سود کچه,taxa de juros,tasa de interés,riba,r faiz oranı,відсоткова ставка,شرح سود,noun,Interest rates increased.,Cost of borrowing.,
Intermittent,متقطع,মাঝে মাঝে,間歇,متناوب,intermittent,unterbrochen,وقفه دار,intermitente,intermitente,kwa vipindi,aralıklı,переривчастий,وقفے وقفے سے,adjective,Intermittent rain fell.,Occurring irregularly.,
Interventionism,التدخلية,হস্তক্ষেপবাদ,干預主義,مداخله‌گرایی,interventionnisme,Interventionismus,مداخله‌ګري,intervencionismo,intervencionismo,uingiliaji,intervansiyonizm,інтервенціонізм,مداخلت پسندی,noun,Interventionism increased globally.,Policy of interference.,
Intractable,عصيب,অদম্য,難以處理,حل‌ناپذیر,intraitable,schwierig,سخت,ingovernável,intratável,kushindwa,kontrol edilemez,непіддатливий,مشکل,adjective,An intractable problem remained.,Difficult to manage.,
Intransigent,عنيد,অকাট্য,不妥協,لجوج,intransigeant,unversöhnlich,سخت,intransigente,intransigente,mkaidi,uzlaşmaz,непоступливий,ضد,adjective,Intransigent positions blocked talks.,Unyielding.,
IPO (Initial Public Offering),طرح عام أولي,প্রাথমিক গণপ্রস্তাব,首次公開募股,عرضه اولیه,entrée en bourse,IPO,ابتدایی عام عرضه,IPO,IPO,hisa ya kwanza,hisse arzı,IPO,ابتدائی عوامی پیشکش,noun,The IPO raised capital.,First stock market listing.,
Irascible,سريع الغضب,খিটখিটে,易怒,زودخشم,irascible,jähzornig,تندخوی,irascível,irascible,hasira,patlamaya hazır,дратівливий,غضبناک,adjective,An irascible boss shouted.,Easily angered.,
Irredentism,الاسترداد,ভূমি পুনরুদ্ধারবাদ,復興主義,تمامیت‌خواهی سرزمینی,irrédentisme,Irredentismus,ځمکنۍ ادعا,irredentismo,irredentismo,madai ya ardhi,irredantizm,ірредентизм,زمین واپسی,noun,Irredentism caused conflict.,Claiming lost territory.,
It rings a bell,يبدو مألوفًا,পরিচিত মনে হওয়া,聽起來很熟悉,آشنا به نظر رسیدن,ça me dit quelque chose,das kommt mir bekannt vor,اشنا ښکاري,soa familiar,me suena,conocido,kulağa tanıdık gelmek,здається знайомим,مانوس لگنا,idiom,"His name rings a bell, but I can’t remember where we met.",To sound familiar or recognizable.,
Jettison,التخلص من,ফেলে দেওয়া,拋棄,دور انداختن,jeter,über Bord werfen,غورځول,descartar,desechar,kutupa,atmak,викидати,پھینک دینا,verb,They jettison unnecessary ideas.,To discard or abandon.,
Jump to conclusions,يتسرع في الاستنتاج,তাড়াহুড়ো করে সিদ্ধান্ত নেওয়া,妄下結論,زود قضاوت کردن,tirer des conclusions hâtives,voreilige Schlüsse ziehen,ژر نتيجه اخيستل,tirar conclusões precipitadas,sacar conclusiones rápidas,kutoa hitimisho haraka,hemen sonuca varmak,робити поспішні висновки,جلدی نتیجہ نکالنا,idiom,Don’t jump to conclusions before hearing the full story.,To form an opinion without enough information.,
Jurisdiction,الاختصاص القضائي,আদালতের এখতিয়ার,司法管轄權,صلاحیت قضایی,Gouvernance,Zuständigkeit,قضايي واک,jurisdição,jurisdicción,mamlaka,yargı yetkisi,юрисдикція,دائرہ اختیار,noun,The court lacked jurisdiction over the international dispute.,The official legal authority to make decisions or judgments.,
Juxtapose,يضع بجانب,একসাথে রাখা,並置,کنار هم قرار دادن,juxtaposer,nebeneinanderstellen,څنګ ته ایښودل,justapor,yuxtaponer,kulinganisha,pankratmak,зіставляти,مقابل رکھنا,verb,The film juxtaposes past and present.,To place side by side for contrast.,
Juxtaposition,مقابلة,মিলন,並置,کنار هم قرار دادن,juxtaposition,Nebeneinanderstellung,هم‌جوړونه,yuxtaposición,yuxtaposición,kulinganisha,kıyaslama,зіставлення,مقابلہ,noun,The juxtaposition highlights contrast.,Placing side by side.,
Keep an eye on,يراقب,খেয়াল রাখা,留意,مراقب بودن,surveiller,im Auge behalten,پام کول,ficar de olho,echar un ojo,kufuatilia,göz kulak olmak,стежити,نظر رکھنا,idiom,Can you keep an eye on my bag for a minute?,To watch or monitor something carefully.,
Keep in touch,يبقى على تواصل,যোগাযোগ রাখা,保持聯絡,در تماس ماندن,rester en contact,in Kontakt bleiben,په اړيکه کې پاتې کېدل,manter contato,mantener contacto,endelea kuwasiliana,iletişimde kalmak,залишатися на зв’язку,رابطے میں رہنا,idiom,Let’s keep in touch after graduation.,To continue communicating with someone.,
Keep your fingers crossed,يتمنى الحظ الجيد,সৌভাগ্য কামনা করা,祈求好運,امیدوار بودن,croiser les doigts,die Daumen drücken,هيله لرل,torcer os dedos,cruzar los dedos,kutamani bahati nzuri,parmaklarını çapraz yapmak,тримати кулаки,اچھے کی امید رکھنا,idiom,Keep your fingers crossed that the weather stays nice this weekend.,To hope strongly for good luck or success.,
Kernel,النواة,কার্নেল,核心,هسته,noyau,Kernel,اصلي سيستم,núcleo,núcleo,kiini çekirdek,ядро,کرنل,noun,The operating system kernel manages hardware resources.,The central core of an operating system.,,
Know the ropes,يعرف التفاصيل,সবকিছু জানা,熟悉門道,وارد بودن,die ficelles du métier kennen,sich auskennen,په کار پوهېدل,conhecer o funcionamento,saber cómo funciona,kujua mfumo,işi bilmek,знати всі тонкощі,کام کی سمجھ ہونا,idiom,Ask Maria for help — she knows the ropes around here.,To understand how something works from experience.,
Laconic,مقتضب,সংক্ষিপ্ত,簡潔,کوتاه,laconique,knapp,لنډ,lacônico,lacónico,ufupi,kısa,лаконічний,مختصر,adjective,A laconic reply followed.,Very brief speech.,
Laggy,بطيء ومتقطع,ধীর ও আটকে যায় এমন,延遲卡頓的,کند و پرتاخیر,lent et saccadé,verzögert,ورو او ځنډېدونکی,lento e travando,lento y trabado,ya kuchelewa,kasma yapan,зависаючий,سست اور اٹکنے والا,adjective,My phone becomes laggy when too many apps are open.,Responding slowly because of performance delays.,
Lament,يندب,বিলাপ করা,哀悼,سوگواری,lamentation,klagen,نارې کول,lamentar,lamentar,kulalamika,yas tutmak,оплакувати,نوحہ کرنا,verb,They lamented the loss.,To express sorrow.,
Lamentable,مؤسف,দুঃখজনক,可悲,تأسف‌بار,lamentable,bedauerlich,افسوسناک,lamentável,lamentable,ya kusikitisha,üzücü,жалюгідний,افسوسناک,adjective,The result was lamentable.,Regrettable.,
Latency,زمن الاستجابة,ল্যাটেন্সি,延遲,تأخیر,latence,Latenz,ځنډ,latência,latencia,ucheleweshaji,gecikme,затримка,لیٹنسی,noun,High latency caused delays during the video call.,The time delay in data transmission or processing.,
Latent,كامن,লুকায়িত,潛在,نهفته,latent,latent,پټ,latente,latente,iliyofichwa,gizli,прихований,پوشیدہ,adjective,Latent issues emerged.,Hidden but present.,
Laudable,جدير بالثناء,প্রশংসনীয়,值得讚揚,ستودنی,laudable,lobenswert,د ستاینې وړ,louvável,loable,ya kusifiwa,övgüye değer,схвальний,قابل تعریف,adjective,Laudable efforts were made.,Worthy of praise.,
Left out,متروك بالخارج,বাইরে ফেলে রাখা,忘在外面的,置置 شده,laissé dehors,liegen gelassen,بهر پاتې شوی,deixado de fora,dejado afuera,imeachwa nje,dışarıda bırakılmış,залишений зовні,باہر چھوڑا ہوا,adjective,The milk was left out overnight and spoiled.,Not put away or accidentally forgotten somewhere.,
Leftovers,بقايا الطعام,অবশিষ্ট খাবার,剩菜,غذای باقی‌مانده,restes,Essensreste,پاتې خواړه,sobras,sobras,mabaki ya chakula,artan yemekler,залишки їжі,بچا ہوا کھانا,noun,We ate leftovers from last night’s dinner.,Food remaining after a meal.,
Legislature,السلطة التشريعية,বিধানসভা,立法機關,قوه مقننه,législature,Legislative,مقننه قوه,legislatura,legislatura,bunge,yasama organı,законодавча влада,مقننہ,noun,The legislature passed law.,Law-making body.,
Legitimate,شرعي,বৈধ,合法的,مشروع,légitime,legitim,مشروع,legítimo,legítimo,halali,meşru,законний,جائز,adjective,They had a legitimate claim.,Conforming to law or reason.,
Let someone off the hook,يعفي من المسؤولية,দায়মুক্ত করা,放某人一馬,بخشیدن کسی,libérer quelqu’un de ses responsabilités,jemanden davonkommen lassen,معاف کول,livrar alguém,dejar libre a alguien,kumsamehe biriini kurtarmak,звільнити від відповідальності,چھوڑ دینا,idiom,The teacher let him off the hook with only a warning.,To free someone from blame or punishment.,,
Lethargic,خامل,অলস,昏睡的,بی‌حال,léthargique,träge,بې انرژي,léthargico,letárgico,mlegevu,uyuşuk,млявий,سست,adjective,He felt lethargic after the meal.,Lacking energy or sluggish.,
Lethargy,خمول,অলসতা,昏睡,بی‌حالی,Lethargie,Lethargie,سستي,letargia,letargo,uchovu,halsizlik,млявість,سستی,noun,He was overcome by lethargy.,Lack of energy.,
Levity,خفة,হালকাপনা,輕率,سبکی,légèreté,Leichtsinn,سبکی,leviandade,ligereza,kutoheshimu,şakacılık,легковажність,ہلکا پن,noun,His levity annoyed them.,Insincere humor.,
Liability,مسؤولية,দায়,責任,مسئولیت,responsabilité,Haftung,ذمہ داري,responsabilidade,responsabilidad,wajibu,sorumluluk,відповідальність,ذمہ داری,noun,He accepted liability.,Legal responsibility.,
Liquidity,السيولة,তারল্য,流動性,نقدینگی,liquidité,Liquidität,مایعیت,liquidez,liquidez,uwezo wa fedha,Likidite,ліквідність,لیکویڈیٹی,noun,Liquidity is essential.,Ease of converting assets.,
Liquidity crisis,أزمة السيولة,তারল্য সংকট,流動性危機,بحران نقدینگی,crise de liquidité,Liquiditätskrise,د نقدو بحران,crise de liquidez,crisis de liquidez,uhaba wa fedha,Likidite krizi,криза ліквідності,لیکویڈیٹی بحران,noun,A liquidity crisis emerged.,Cash shortage.,
Litigation,التقاضي,মামলা পরিচালনা,訴訟,دادرسی,contentieux,Rechtsstreit,قضايي دعوه,litigação,litigio,mashauri ya kisheria,dava süreci,судовий процес,مقدمہ بازی,noun,The corporation spent millions on litigation costs.,The process of taking legal action in court.,
Livestream,بث مباشر,লাইভস্ট্রিম,直播,پخش زنده,diffusion en direct,Livestream,ژوندی خپرونه,transmissão ao vivo,transmisión en vivo,utangazaji wa moja kwa moja,canlı yayın,пряма трансляція,لائیو اسٹریم,noun,Thousands watched the livestream of the concert.,A real-time online video broadcast.,
Load-bearing,حامل للأحمال,ভার বহনকারী,承重的,باربر,porteur,tragend,د وزن وړ,portante,de carga,inayobeba uzito,yük taşıyan,несучий,وزن اٹھانے والا,adjective,The wall is load-bearing and cannot be removed safely.,Capable of supporting structural weight.,
Lobbying,الضغط السياسي,লবিং,遊說,لابی‌گری,lobbying,Lobbyismus,لابي کول,lobbying,lobbying,shinikizo la kisiasa,Lobicilik,лобіювання,لابی کاری,noun,Lobbying influenced policy.,Advocacy pressure.,
Loquacious,ثرثار,বাচাল,多話,پرگو,loquace,gesprächig,ډېر خبرې کوونکی,loquaz,loquaz,msemaji,konaşkan,балакучий,بکواس,adjective,A loquacious speaker impressed no one.,Talkative.,
Lucid,واضح,স্পষ্ট,清晰,روشن,lucide,klar,روښانه,lúcido,lúcido,wazi,açık,ясний,واضح,adjective,A lucid explanation helped.,Clear and understandable.,
Luminous,مضيء,উজ্জ্বল,發光,درخشان,lumineux,leuchtend,ځلانده,luminoso,luminoso,angavu,parlak,світний,روشن,adjective,A luminous sky appeared.,Shining or bright.,
Lurid,فاضح,ভয়াবহ,駭人,هولناک,lugubre,schrecklich,ډارونکی,lúgubre,lúgubre,ya kutisha,ürkütücü,жахливий,خوفناک,adjective,A lurid story emerged.,Grotesque or shocking.,
Macroeconomics,الاقتصاد الكلي,ম্যাক্রো অর্থনীতি,宏觀經濟,اقتصاد کلان,macroéconomie,Makroökonomie,کلان اقتصاد,macroeconomia,macroeconomía,macroeconomia,makroekonomi,макроекономіка,معاشیات کل,noun,Macroeconomics studies growth.,Whole-economy study.,
Magnify,يكبر,বড় করা,放大,بزرگ کردن,agrandir,vergrößern,لوړول,ampliar,ampliar,kukuza,büyütmek,збільшувати,بڑھانا,verb,The lens magnifies images.,To enlarge.,
Make a long story short,باختصار,সংক্ষেপে বলতে,長話短說,خلاصه بگویم,pour faire court,kurz gesagt,لنډه دا چې,resumindo,en resumen,kwa kifupi,uzun lafın kısası,коротко кажучи,مختصر یہ کہ,idiom,"To make a long story short, we missed the flight.",Used before giving a brief summary.,
Make ends meet,يدبر أموره المالية,খরচ চালানো,勉強維持生計,سر کردن زندگی,joindre les deux bouts,über die Runden kommen,خرڅ برابرول,fazer as contas fecharem,llegar a fin de mes,kutosheleza mahitaji,geçinmek,зводити кінці з кінцями,گزارا کرنا,idiom,It’s difficult to make ends meet with rising rent prices.,To earn just enough money to cover expenses.,
Malicious,خبيث,বিদ্বেষপূর্ণ,惡意,بدخواه,malveillant,böswillig,بد نیت,malicioso,malicioso,ya uovu,kötü niyetli,зловмисний,بد نیتی,adjective,Malicious rumors spread quickly.,Intending harm.,
Malleable,قابل للتشكيل,নমনীয়,可塑的,شکل‌پذیر,malléable,verformbar,انعطاف منونکی,maleável,maleable,lainayobadilika,esnek,ковкий,نرم,adjective,Gold is a malleable metal.,Easily shaped or influenced.,
Mandate,تفويض/ولاية,ম্যান্ডেট,授權,اختیار,mandat,Mandat,صلاحیت,mandato,mandato,mamlaka,Mandat,мандат,اختیار,noun,The government has mandate.,Authority from voters.,
Mandate system,نظام الانتداب,ম্যান্ডেট ব্যবস্থা,委任統治,قیمومیت,mandat système,Mandatssystem,د واک نظام,sistema de mandato,sistema de mandato,mfumo wa udhamini,Mandat sistemi,мандатна система,نظامِ مینڈیٹ,noun,The mandate system governed colonies.,League of Nations system.,
Maverick,متمرد,বিদ্রোহী,特立獨行,یاغی,maverick,Querdenker,بغاوتي,maverick,maverick,mpinzani,asi kurallara uymayan,незалежний,باغی,noun,He is a political maverick.,Independent thinker.,
Melancholy,حزن,বিষণ্ণতা,憂鬱,اندوه,mélancolie,Melancholie,خفګان,melancolia,melancolía,huzuni,melankoli,меланхолія,اداسی,noun,A feeling of melancholy lingered after finishing the tragic novel.,"A deep, reflective sadness.",
Mendacious,كاذب,মিথ্যাবাদী,虛偽,دروغگو,mensonger,lügnerisch,دروغجن,mendaz,mendaz,mwongo,yalancı,брехливий,جھوٹا,adjective,Mendacious claims spread quickly.,Lying.,
Mendacity,كذب,মিথ্যাচার,虛偽,دروغ,mensonge,Lüge,دروغ,mendacidade,mendacidad,uwongo,yalan,брехливість,جھوٹ,noun,Mendacity damaged trust.,Falsehood.,
Mercurial,متقلب,চঞ্চল,善變,دمدمی مزاج,mercureux,launisch,ناپایدار,mercurial,mercurial,mwenye kubadilika,oynak,мінливий,متغیر المزاج,adjective,A mercurial temperament.,Fickle or changeable.,
Meretricious,براق كاذب,নকল ঝলমলে,俗氣,فریبنده,meretricious,aufgesetzt,مصنوعي,meretricio,meretricio,ya bandia,sahte gösterişli,показний,جعلی چمکدار,adjective,Meretricious charm faded.,Superficially attractive.,
Merger,اندماج,মার্জার,合併,ادغام,fusion,Fusion,ادغام,fusão,fusión,muungano,birleşme,злиття,انضمام,noun,The merger was approved.,Company combination.,
Messy,فوضوي,এলোমেলো,凌亂的,نامرتب,en désordre,unordentlich,ګډوډ,bagunçado,desordenado,chafu dağınık,безладний,بکھرا ہوا,adjective,His desk is always messy after work.,"Disorganized, untidy, or not clean.",,
Methodology,منهجية,পদ্ধতিবিজ্ঞান,研究方法,روش‌شناسی,méthodologie,Methodik,طريقه,methodologia,metodología,mbinu metodolojisi,методологія,طریقہ کار,noun,The paper’s methodology was carefully explained.,A system of methods used in research or analysis.,,
Meticulous,دقيق,নির্ভুল,一絲不苟,دقیق,méticuleux,akribisch,ډېر دقیق,meticuloso,meticuloso,makini,dikkatli,ретельний,انتہائی دقیق,adjective,She is meticulous in work.,Very careful.,
Microcontroller,متحكم دقيق,মাইক্রোকন্ট্রোলার,微控制器,میکروکنترلر,microcontrôleur,Mikrocontroller,کوچنی کنټرولر,microcontrolador,microcontrolador,mdhibiti mdogo,mikrodenetleyici,мікроконтролер,مائیکرو کنٹرولر,noun,The washing machine uses a microcontroller for automation.,A compact integrated circuit used to control devices.,
Microeconomics,الاقتصاد الجزئي,মাইক্রো অর্থনীতি,微觀經濟,اقتصاد خرد,microéconomie,Mikroökonomie,جزوي اقتصاد,microeconomia,microeconomía,microeconomia,mikroekonomi,мікроекономіка,معاشیات خرد,noun,Microeconomics studies firms.,Individual markets.,
Microprocessor,معالج دقيق,মাইক্রোপ্রসেসর,微處理器,ریزپردازنده,microprocesseur,Mikroprozessor,کوچنی پروسسور,microprocessador,microprocesador,mikroprosesa,mikroişlemci,мікропроцесор,مائیکرو پروسیسر,noun,The smartphone contains an advanced microprocessor.,A compact integrated circuit that performs computing operations.,
Militate,يعارض,বিরোধিতা করা,阻礙,تأثیر منفی داشتن,militer,entgegenwirken,مخالف, militante,militar,en contra olmak,karşı çıkmak,протидіяти,مخالفت کرنا,verb,These factors militate against success.,Weigh against.,
Minatory,تهديدي,হুমকিস্বরূপ,威脅,تهدیدآمیز,minatoire,drohend,ګواښوونکی,minatório,minatorio,ya kutishia,tehditkâr,погрозливий,خوفناک,adjective,A minatory tone was used.,Threatening.,
Misanthrope,عدو البشر,মানববিদ্বেষী,厭世者,انسان‌ستیز,misanthrope,Menschenfeind,د انسان ضد,misantropo,misantropo,chuki ya watu,insan düşmanı,мізантроп,انسان دشمن,noun,The misanthrope avoided society.,Hates humanity.,
Miss the boat,يفوت الفرصة,সুযোগ হারানো,錯失良機,فرصت را از دست دادن,rater le coche,den Zug verpassen,فرصت له لاسه ورکول,perder a oportunidade,perder la oportunidad,kupitwa na nafasi,fırsatı kaçırmak,втратити шанс,موقع گنوا دینا,idiom,Investors who waited too long missed the boat.,To fail to take advantage of an opportunity in time.,
Mitigate,يخفف,হ্রাস করা,減輕,کاهش دادن,atténuer,mildern,کمول,mitigar,mitigar,kupunguza,hafifletmek,пом’якшувати,کم کرنا,verb,Laws mitigate risk.,To reduce severity.,
Monetary policy,السياسة النقدية,মুদ্রানীতি,貨幣政策,سیاست پولی,politique monétaire,Geldpolitik,د پیسو سیاست,política monetária,política monetaria,sera ya fedha,para politikası,монетарна політика,مالیاتی پالیسی,noun,Monetary policy tightened.,Central bank policy.,
Monetization,تحقيق الدخل,আয়করণ,貨幣化,درآمدزایی,monetisation,Monetarisierung,پیسو کول,monetização,monetización,uchumaji,paraya çevirme,монетизація,آمدنی بنانا,noun,Monetization increased revenue.,Generating income.,
Multipolarity,تعدد الأقطاب,বহুমেরু ব্যবস্থা,多極化,چندقطبی,multipolarité,Multipolarität,څو قطبي نظام,multipolaridade,multipolaridad,ulimwengu wa nguvu nyingi,çok kutupluluk,багатополярність,کثیر قطبی نظام,noun,Multipolarity increased instability.,Multiple power centers.,
Munificent,سخي,উদার,慷慨,سخاوتمند,munificent,großzügig,سخي,munificente,munificente,mkarimu,cömert,щедрий,سخی,adjective,A munificent donation helped.,Very generous.,
Mute,كتم الإشعارات,নোটিফিকেশন বন্ধ করা,靜音,بی‌صدا کردن,silencier,stummschalten,غلی کول,silenciar,silenciar,kunyamazisha,sessize almak,вимкнути звук,میوٹ کرنا,verb,I muted the group chat because it was too active.,To disable sound or notifications temporarily.,
Nadir,الحضيض,নিম্নতম বিন্দু,最低點,سقوط,nadir,Tiefpunkt,نقطه پایین,nadir,nadir,kiwango cha chini,en düşük nokta,надир,انتہائی نچلا,noun,He reached his nadir.,Lowest point.,
Narrative,سرد,বর্ণনা,敘事,روایت,récit,Erzählung,کیسه,narrativa,narrativa,simulizi,anlatı,оповідь,بیانیہ,noun,The memoir follows a nonlinear narrative structure.,A spoken or written account of connected events.,
Nascent,ناشئ,উদীয়মান,初生,نوظهور,naissant,aufstrebend,نوې,nascente,naciente,chipukizi,yeni doğan,зародковий,ابتدائی,adjective,A nascent movement grew.,Just beginning.,
Nationalism,القومية,জাতীয়তাবাদ,民族主義,ناسیونالیسم,nationalisme,Nationalismus,قومیت,nacionalismo,nacionalismo,utaifa,milliyetçilik,націоналізм,قومیت,noun,Nationalism rose sharply.,National identity ideology.,
Nationalization,تأميم,জাতীয়করণ,國有化,ملی‌سازی,nationalisation,Verstaatlichung,ملی کول,nacionalização,nacionalización,kutaifisha,devletleştirme,націоналізація,قومیت سازی,noun,The industry faced nationalization.,State takeover.,
Neoliberalism,الليبرالية الجديدة,নব্য উদারনীতি,新自由主義,نئولیبرالیسم,néolibéralisme,Neoliberalismus,نوی لیبرالیزم,neoliberalismo,neoliberalismo,ubepari mpya,neoliberalizm,неолібералізм,نئی لبرل ازم,noun,Neoliberalism shaped policy.,Market-focused ideology.,
"No pain, no gain",لا نجاح بلا تعب,কষ্ট ছাড়া অর্জন নেই,不勞無獲,نابرده رنج گنج میسر نمی‌شود,pas de douleur pas de gain,ohne Fleiß kein Preis,بې زحمته ګټه نشته,sem dor sem ganho,sin dolor no hay recompensa,hakuna mafanikio bila juhudi,emeksiz yemek olmaz,без зусиль нема результату,محنت کے بغیر کامیابی نہیں,idiom,"He wakes up at 5 a.m. to train because no pain, no gain.",Hard work is necessary for success.,
Noisome,نتن,দুর্গন্ধযুক্ত,惡臭,بدبو,nauséabond,übel,بدبویه,nojento,nauseabundo,ya harufu mbaya,kötü kokulu,огидний,بدبودار,adjective,A noisome odor spread.,Smelly or unpleasant.,
Nonalignment,عدم الانحياز,জোট নিরপেক্ষতা,不結盟,عدم تعهد,non-alignement,Blockfreiheit,غیر وابستگي,não alinhamento,no alineación,kutofungamana,tarafsızlık,неприєднання,غیر جانبداری,noun,Nonalignment shaped policy.,Not aligning with blocs.,
Noncompete,اتفاقية عدم المنافسة,প্রতিযোগিতা নিষেধ চুক্তি,競業禁止協議,توافق عدم رقابت,clause de non-concurrence,Wettbewerbsverbot,د سيالۍ منع,acordo de não concorrência,acuerdo de no competencia,makubaliano ya kutoshindana,rekabet etmeme sözleşmesi,угода про неконкуренцію,عدم مقابلہ معاہدہ,noun,She signed a noncompete before joining the startup.,A contractual clause restricting competitive business activity.,
Notification,إشعار,নোটিফিকেশন,通知,اعلان,notification,Benachrichtigung,خبرتیا,notificação,notificación,taarifa,bildirim,сповіщення,نوٹیفکیشن,noun,She received a notification about the software update.,An alert or message generated by an app or device.,
Noxious,ضار,ক্ষতিকর,有害,مضر,nocif,noxisch,ضررناک,nocivo,nocivo,ya sumu,zehirli,шкідливий,زہریلا,adjective,Noxious fumes rose.,Harmful or poisonous.,
Nuance,دقة,সূক্ষ্ম পার্থক্য,細微差別,ظرافت,nuance,Nuance,نری توپیر,nuança,matiz,utofauti mdogo,ince fark,нюанс,باریک فرق,noun,The nuance of her tone changed the meaning.,Slight difference in meaning or expression.,
Obdurate,عنيد,জেদি,頑固,لجوج,obstiné,stur,ضد,obstinado,obstinado,mkaidi,inatçı,непоступливий,ضد,adjective,An obdurate refusal followed.,Stubborn.,
Obeisance,خضوع,নম্রতা,敬禮,تعظیم,obéissance,Ehrerbietung,اطاعت,obediência,obediencia,heshima,itaat,поклін,تعظیم,noun,He made obeisance.,Bowing respect.,
Obfuscate,يُربك,অস্পষ্ট করা,混淆,مبهم کردن,obfusquer,verschleiern,مبهم کول,obfuscar,obfuscar,kuchanganya,karıştırmak,заплутувати,الجھن پیدا کرنا,verb,They obfuscate the truth.,To make unclear.,
Obloquy,تشهير,অপবাদ,誹謗,افترا,obloque,Diffamierung,بدنامي,obloquio,obloquio,kashfa,suçlama,наклеп,بدنامی,noun,He faced obloquy.,Public disgrace.,
Obscure,غامض,অস্পষ্ট,晦澀,مبهم,obscur,unklar,مبهم,obscuro,obscuro,fichika,gizli,неясний,غیر واضح,adjective,The meaning remains obscure.,Not clear or hard to understand.,
Obsolete,منسوخ,অপ্রচলিত,過時,منسوخ,obsolète,veraltet,زوړ,obsoleto,obsoleto,iliyopitwa na wakati,eski,застарілий,پرانا,adjective,Typewriters are obsolete.,No longer in use.,
Obstreperous,صاخب,চিৎকারকারী,喧鬧,سرکش,obstiné,lärmend,شور,obstinado,obstinado,msumbufu,huysuz,норовливий,شور مچانے والا,adjective,Obstreperous children disrupted class.,Noisy and unruly.,
Oligarchy,الأوليغارشية,অলিগার্কি,寡頭政治,الیگارشی,oligarchie,Oligarchie,اولیگارشي,oligarquia,oligarquía,utawala wa wachache,Oligarşi,олігархія,چند اشرافی,noun,An oligarchy controlled wealth.,Rule by few.,
On cloud nine,في غاية السعادة,অত্যন্ত আনন্দিত,欣喜若狂,خیلی خوشحال,au paradis,im siebten Himmel,ډېر خوشحاله,nas nuvens,en las nubes,furaha sana,havalarda uçmak,на сьомому небі,بہت خوش,idiom,She was on cloud nine after getting the promotion.,Extremely happy.,
On the same page,متفق,একই মত থাকা,意見一致,هم‌نظر بودن,être sur la même longueur d’onde,auf derselben Wellenlänge sein,يو نظر لرل,estar na mesma página,estar de acuerdo,kuwa na uelewa mmoja,aynı fikirde olmak,бути однієї думки,ایک ہی رائے ہونا,idiom,"Before starting the project, we made sure everyone was on the same page.",To share the same understanding or agreement.,
On thin ice,في وضع خطير,ঝুঁকিপূর্ণ অবস্থায়,如履薄冰,در موقعیت خطرناک,sur la sellette,auf dünnem Eis,په خطر کې,em situação delicada,en una situación delicada,katika hatari,ince buz üzerinde,у небезпечному становищі,خطرے میں,idiom,He’s on thin ice after missing another payment.,In a risky or dangerous situation.,
Onerous,مرهق,কঠিন,繁重,سنگین,onéreux,belastend,دروند,oneroso,oneroso,bila urahisi,zorlayıcı,обтяжливий,بھاری,adjective,Onerous duties followed.,Burdensome.,
Opaque,معتم,অস্বচ্ছ,不透明,تیره,opaque,opak,تت,opaco,opaco,isiyo na uwazi,opak,непрозорий,غیر شفاف,adjective,The glass is opaque.,Not transparent.,
Oppressive,قمعي,দমনমূলক,壓迫,سرکوبگر,oppressif,unterdrückend,ظالمانه,opressivo,opresivo,ya ukandamizaji,baskıcı,гнітючий,جابرانہ,adjective,The regime was oppressive.,Unjustly harsh.,
Opulent,فخم,বিলাসবহুল,奢華,مجلل,opulent,opulent,شاندار,opulento,opulento,ya kifahari,lüks,розкішний,عالی شان,adjective,An opulent mansion stood there.,Luxurious.,
Orthodox,أرثوذكسي,গোঁড়া,正統,ارتدکس,orthodox,orthodox,سنتی,ortodoxo,ortodoxo,ya kawaida,ortodoks,ортодоксальний,روایتی,adjective,They follow orthodox beliefs.,Traditional or established.,
Ostensible,ظاهري,দৃশ্যমান,表面的,ظاهری,ostensible,scheinbar,ظاهري,ostensivo,ostensible,ya kuonekana,iddia edilen,удаваний,ظاہری,adjective,His ostensible reason was unclear.,Appearing true but possibly false.,
Ostentatious,استعراضي,আড়ম্বরপূর্ণ,浮夸的,تجملی,ostentatoire,protzig,ښکاره کوونکی,ostentoso,ostentoso,ya kujionyesha,gösterişli,показний,نمائشی,adjective,His ostentatious car drew attention.,Meant to impress or show off.,
Outlet,مقبس كهربائي,বৈদ্যুতিক সকেট,插座,پریز,prise Steckdose,برقي ځای,tomada,enchufe,soketi,priz,розетка,بجلی کا ساکٹ,noun,I couldn’t find an outlet to charge my laptop.,A socket providing electricity for devices.,,
Outsourcing,التعهيد,আউটসোর্সিং,外包,برون‌سپاری,externalisation,Outsourcing,برون سپارنه,terceirização,tercerización,kukabidhi nje,outsourcing,аутсорсинг,آؤٹ سورسنگ,noun,Outsourcing reduced costs.,External contracting.,
Overdraft,سحب على المكشوف,অতিরিক্ত উত্তোলন,透支,برداشت بیش از موجودی,découvert,Überziehung,له حساب زيات ايستل,cheque especial,sobregiro,utoaji zaidi ya salio,eksi bakiye,овердрафт,اوور ڈرافٹ,noun,The bank charged a fee for the overdraft.,A negative bank balance caused by spending more than is available.,
Overhead,المصاريف العامة,ওভারহেড,間接成本,هزینه سربار,frais généraux,Gemeinkosten,عمومي لګښت,despesas gerais,gastos generales,gharama za uendeshaji,genel gider,накладні витрати,اوور ہیڈ,noun,Overhead costs rose.,Operating expenses.,
Panacea,علاج شامل,সব রোগের ঔষধ,萬靈藥,درمان همه چیز,panacée,Allheilmittel,د هر څه درمل,panaceia,panacea,dawa ya kila kitu,her derde deva,панацея,ہر مرض کا علاج,noun,No panacea exists.,Universal cure.,
Paradigm,نموذج,আদর্শ,範式,الگو,paradigme,Paradigma,نمونه,paradigma,paradigma,mfano,örnek,парадигма,نمونہ,noun,A paradigm shift changed the industry.,A typical example or model.,
Paradox,مفارقة,বিরোধাভাস,悖論,تناقض,paradoxe,Paradoxon,تناقض,paradoxo,paradoja,kinyume,çelişki,парадокс,تضاد,noun,Life is full of paradoxes.,A contradictory statement.,
Pariah,منبوذ,বহিষ্কৃত,賤民,طرد شده,paria,Paria,مطرود,paria,paria,mwotaji,parya,ізгой,تنہا,noun,He became a pariah.,Outcast.,
Parochial,محلي,স্থানীয় সংকীর্ণ,地方性的,محلی,parochial,engstirnig,محدود,paroquial,parroquial,finyo,pis görüşlü,провінційний,تنگ نظر,adjective,He has parochial views.,Narrow-minded.,
Parsimonious,بخيل,কৃপণ,吝嗇,خسیس,parcimonieux,geizig,بخیل,parcimonioso,parcimonioso,mchoyo,cimri,скупий,کنجوس,adjective,A parsimonious spender saved.,Overly frugal.,
Parsimony,بخل,কৃপণতা,吝嗇,خساست,parcimonie,Geiz,بخل,parcimônia,parquedad,kupunguza matumizi,cimrilik,скупість,بخل,noun,His parsimony was extreme.,Extreme frugality.,
Pathology,علم الأمراض,রোগবিদ্যা,病理學,آسیب‌شناسی,pathologie,Pathologie,پتالوژي,patologia,patología,ugonjwa,hastalık bilimi,патологія,امراض کا علم,noun,Pathology studies disease.,Study of diseases.,
Peer review,مراجعة الأقران,সহকর্মী মূল্যায়ন,同行評審,داوری همتا,évaluation par les pairs,Begutachtung,د همکارانو ارزونه,revisão por pares,revisión por pares,mapitio ya wataalamu,akran değerlendirmesi,рецензування,ماہرین کی جانچ,noun,The journal requires peer review before publication.,An evaluation process conducted by experts in the same field.,
Pejorative,ازدرائي,অপমানজনক,貶義,تحقیرآمیز,péjoratif,abwertend,توهین‌آمیز,pejorativo,peyorativo,kudhalilisha,küçümseyici,зневажливий,توہین آمیز,adjective,Pejorative terms were used.,Negative meaning.,
Pellucid,واضح للغاية,স্বচ্ছ ও পরিষ্কার,極其清晰的,شفاف و روشن,limpide,klar,روښانه,pelúcido,lúcido,wazi kabisa,berrak,прозорий,نہایت واضح,adjective,The professor gave a pellucid explanation of the theory.,Exceptionally clear in meaning or expression.,
Perennial,دائم,চিরস্থায়ী,多年生,دائمی,perpétuel,mehrjährig,دایمي,perene,perenne,ya kudumu,çok yıllık,багаторічний,ہمیشہ رہنے والا,adjective,Perennial issues remain.,Lasting for a long time.,
Perfidious,خائن,বিশ্বাসঘাতক,背信,خائن,perfide,treulos,خیانتکار,perfídia,perfido,khaini,hain,підступний,غدار,adjective,A perfidious ally betrayed them.,Treacherous.,
Perfunctory,شكلي,যান্ত্রিক,敷衍,سرسری,expéditif,oberflächlich,سطحي,perfunctório,perfunctorio,juu juu,özensiz,формальний,سرسری,adjective,A perfunctory reply followed.,Hasty or superficial.,
Perishable,قابل للتلف,সহজে নষ্ট হয় এমন,易腐壞的,فاسدشدنی,périssable,leicht verderblich,ژر خرابېدونکی,perecível,perecedero,inayoharibika çabuk bozulan,швидкопсувний,جلد خراب ہونے والا,adjective,Milk and fresh fish are highly perishable products.,Likely to spoil or decay quickly.,,
Permeate,يتخلل,প্রবেশ করা,滲透,نفوذ کردن,pénétrer,durchdringen,ننوځي,permeiar,penetrar,kupenya,sızmak,проникати,پھیل جانا,verb,The smell permeated the room.,To spread throughout.,
Pernicious,ضار,ক্ষতিকর,有害,مضر,pernicieux,schädlich,زیان رسونکی,pernicioso,pernicioso,ya hatari,zararlı,шкідливий,نقصان دہ,adjective,Pernicious effects were noted.,Harmful.,
Pervasive,منتشر,ব্যাপক,普遍,گسترده,envahissant,verbreitet,پراخ,pervasivo,pervasivo,ya kuenea,yaygın,поширений,وسیع,adjective,Corruption is pervasive.,Widespread.,
Petulant,عصبي,রাগী,任性,بدخلق,petulant,reizbar,نا آرامه,petulante,petulante,mkali,huzursuz,дратівливий,چڑچڑا,adjective,A petulant child complained.,Bad-tempered.,
Phishing,التصيد الاحتيالي,ফিশিং প্রতারণা,網路釣魚,فیشینگ,hameçonnage,Phishing,فشینګ,phishing,phishing,udanganyifu wa mtandao,oltalama,фішинг,فشنگ,noun,The email was part of a phishing scam.,A cybercrime technique used to steal personal information through deception.,
Piece of cake,سهل للغاية,খুব সহজ,小菜一碟,خیلی آسان,facile,ein Kinderspiel,ډېر اسانه,pedaço de bolo,pan comido,rahisi sana,çocuk oyuncağı,дуже легко,بہت آسان,idiom,The driving test was a piece of cake for him.,Something that is very easy to do.,
Piston,مكبس,পিস্টন,活塞,پیستون,piston,Kolben,پسټون,pistão,pistón,pistoni,piston,поршень,پسٹن,noun,The piston moves rapidly inside the engine cylinder.,A cylindrical engine component that moves under pressure.,
Placate,يهدئ,শান্ত করা,安撫,آرام کردن,apaiser,beruhigen,ارامول,aplacar,aplacar,kutuliza,yatıştırmak,заспокоювати,ٹھنڈا کرنا,verb,They tried to placate the angry crowd.,To calm or pacify.,
Plaintive,حزين,বেদনাদায়ক,哀傷,غمگین,plaintif,klagend,غمجن,plangente,plañidero,huzuni,hüzünlü,жалібний,دردناک,adjective,A plaintive cry was heard.,Sad.,
Plausible,معقول,সম্ভাব্য,似乎合理,محتمل,plausible,plausibel,قابل قبول,plausível,plausible,ya kuaminika,güvenilir,правдоподібний,قابلِ قبول,adjective,His story sounded plausible.,Reasonable or believable.,
Play it by ear,يتصرف حسب الظروف,পরিস্থিতি বুঝে চলা,見機行事,طبق شرایط پیش رفتن,improviser,nach Gefühl entscheiden,وضعیت ته کتل,improvisar,improvisar,kufanya kulingana na hali,doğaçlama yapmak,діяти по ситуації,حالات کے مطابق چلنا,idiom,We don’t have a fixed plan yet — we’ll play it by ear.,To decide how to act as a situation develops.,
Pluralism,التعددية,বহুত্ববাদ,多元主義,کثرت‌گرایی,pluralisme,Pluralismus,کثرتیت,pluralismo,pluralismo,wingi wa maoni,çoğulculuk,плюралізм,کثرتیت,noun,Pluralism supports diversity.,Multiple viewpoints.,
Portfolio,محفظة,পোর্টফোলিও,投資組合,پرتفوی,portefeuille,Portfolio,پورټفولیو,carteira,cartera,portfolio,portföy,портфель,پورٹ فولیو,noun,Diversify your portfolio.,Collection of assets.,
Pragmatic,عملي,বাস্তববাদী,務實,عملی,pragmatique,pragmatisch,عملی,pragmático,pragmático,ya vitendo,pragmatik,прагматичний,عملی,adjective,She took a pragmatic approach.,Practical.,
Precarious,غير مستقر,অনিশ্চিত,不穩定,ناپایدار,précaire,prekär,ناجایز,precário,precario,hatari,tehlikeli,ненадійний,غیر مستحکم,adjective,A precarious situation developed.,Unstable or risky.,
Precedent,سابقة قانونية,আইনি নজির,法律先例,سابقه,précédent,Präzedenzfall,مخکنۍ قضيه,precedente,precedente,mfano wa kisheria,emsal,прецедент,نظیر,noun,The ruling established an important legal precedent.,An earlier case or decision used as an example in future legal cases.,
Precocious,مبكر النضج,অকালপক্ব,早熟,زودرس,précoce,frühreif,ژر رسېدلی,precocemente,precoces,mwenye kukomaa mapema,früh gelişmiş,ранній,قبل از وقت,adjective,A precocious child reads early.,Advanced at an early age.,
Prerogative,امتياز,অধিকার,特權,امتیاز,prérogative,Privileg,امتیاز,prerrogativa,prerrogativa,haki maalum,ayrıcalık,прерогатива,خصوصی حق,noun,That is your prerogative.,Exclusive right.,
Proclivity,ميل,প্রবণতা,傾向,تمایل,proclivité,Neigung,تمایل,proclividade,proclividad,uwezo wa tabia,eğilim,схильність,میلان,noun,A proclivity for risk-taking.,Tendency toward something.,
Procrastinate,يماطل,গড়িমসি করা,拖延,به تعویق انداختن,procrastiner,aufschieben,ځنډول,procrastinar,procrastinar,kuahirisha,ertelemek,відкладати,ٹال مٹول کرنا,verb,Students often procrastinate before important exams.,To delay doing something unnecessarily.,
Procurement,المشتريات,সংগ্রহ ও ক্রয়,採購,تدارکات,approvisionnement,Beschaffung,پيرودنه,aquisição,adquisición,ununuzi,tedarik,закупівля,خریداری,noun,The procurement team negotiated lower supplier costs.,The process of obtaining goods or services for a business.,
Prodigious,هائل,অসাধারণ,驚人的,عظیم,prodigieux,prodigal,ستر,prodigioso,prodigioso,ya ajabu,devasa,вражаючий,عظیم,adjective,A prodigious talent emerged.,Extraordinary.,
Productivity,الإنتاجية,উৎপাদনশীলতা,生產力,بهره‌وری,productivité,Produktivität,تولید,produtividade,productividad,tija ya kazi,verimlilik,продуктивність,پیداوار,noun,Productivity increased.,Output efficiency.,
Prolific,غزير الإنتاج,উৎপাদনশীল,多產,پُربار,prolifique,produktiv,زیاد تولیدوونکی,prolífico,prolífico,mzalishaji mwingi,üretken,плідний,پیداواری,adjective,A prolific writer published many books.,Highly productive.,
Prologue,مقدمة,প্রস্তাবনা,序言,پیشگفتار,prologue,Prolog,سریزه,prólogo,prólogo,dibaji,prolog,пролог,دیباچہ,noun,The novel’s prologue introduces the main conflict.,An introductory section at the beginning of a literary work.,
Propaganda,الدعاية,প্রচার,宣傳,تبلیغات,propagande,Propaganda,پروپاګند,propaganda,propaganda,propaganda,Propaganda,пропаганда,پروپیگنڈا,noun,Propaganda shaped opinion.,Biased information.,
Protectionism,الحماية التجارية,সুরক্ষাবাদ,保護主義,حمایت‌گرایی,protectionnisme,Protektionismus,حفاظت پالیسۍ,protecionismo,proteccionismo,ulinzi wa biashara,korumacılık,протекціонізм,تحفظ پسندی,noun,Protectionism increased tariffs.,Trade restrictions.,
Prototype,نموذج أولي,প্রোটোটাইপ,原型,نمونه اولیه,prototype,Prototyp,لومړنی نمونه,protótipo,prototipo,prototipu,prototip,прототип,ابتدائی نمونہ,noun,The team tested a prototype before mass production.,An early model used for testing and development.,
Provincial,محلي,প্রাদেশিক,地方,استانی,provincial,provinziell,ولایتي,provincial,provincial,ya mkoa,taşralı,провінційний,دیہی,adjective,He has provincial thinking.,Narrow or local.,
Proxy war,حرب بالوكالة,প্রক্সি যুদ্ধ,代理戰爭,جنگ نیابتی,guerre par procuration,Stellvertreterkrieg,نیابتي جګړه,guerra por procuração,guerra por delegación,vita vya wakala,vekalet savaşı,проксі-війна,بالواسطہ جنگ,noun,Proxy wars intensified.,Indirect conflict.,
Prudent,حكيم,বিচক্ষণ,謹慎的,عاقل,prudent,vorsichtig,هوښیار,prudente,prudente,mwenye busara,ihtiyatlı,обачний,عاقل,adjective,It is prudent to save money.,Acting with caution and foresight.,
Pugnacious,عدواني,ঝগড়াটে,好鬥,جنگجو,pugnace,streitlustig,جنګی,pugnaz,pugnaz,mpiganaji,kavgacı,войовничий,جھگڑالو,adjective,A pugnacious attitude emerged.,Quick to fight.,
Pull someone’s leg,يمزح مع شخص,মজা করা,開玩笑,سر به سر گذاشتن,se moquer gentiment,jemanden auf den Arm nehmen,ټوکې کول,fazer brincadeira,tomar el pelo,kumchezea mtu,dalga geçmek,жартувати,مذاق کرنا,idiom,"Relax, I’m just pulling your leg.",To joke or tease someone playfully.,
Pull yourself together,يهدأ,নিজেকে সামলানো,振作起來,خودت را جمع کن,se ressaisir,sich zusammenreißen,ځان قابو کول,se recompor,controlarse,kujituliza,kendine gelmek,взяти себе в руки,خود کو سنبھالنا,idiom,Take a deep breath and pull yourself together.,To calm down and regain control of emotions.,
Push notification,إشعار فوري,পুশ নোটিফিকেশন,推播通知,اعلان فوری,notification push,Push-Benachrichtigung,فوري خبرتیا,notificação push,notificación push,arifa ya papo hapo,anlık bildirim,пуш-сповіщення,پش نوٹیفکیشن,noun,I disabled push notifications from shopping apps.,An alert sent automatically from an app to a device.,
Put all your eggs in one basket,يخاطر بكل شيء,সব আশা এক জায়গায় রাখা,孤注一擲,همه چیز را روی یک گزینه گذاشتن,mettre tous ses œufs dans le même panier,alles auf eine Karte setzen,ټول هيلې په يوه ځای ايښودل,colocar tudo em uma opção,poner todo en una sola opción,kuweka kila kitu sehemu moja,tüm yumurtaları aynı sepete koymak,ризикувати всім одразу,سب کچھ ایک جگہ لگا دینا,idiom,It’s risky to put all your eggs in one basket financially.,To depend entirely on one plan or opportunity.,
Quantitative easing,التيسير الكمي,পরিমাণগত সহজীকরণ,量化寬鬆,تسهیل کمی,assouplissement quantitatif,quantitative Lockerung,کمي اسانول,afrouxamento quantitativo,flexibilización cuantitativa,urahisishaji wa fedha,para genişleme,кількісне пом’якшення,مالی نرمی,noun,Quantitative easing expanded money supply.,Money injection policy.,
Querulous,شكاك,অভিযোগপ্রবণ,愛抱怨,نق نقو,querelleur,nörglerisch,شکایت کوونکی,queixoso,quejumbroso,mlalamikaji,sızlanan,незадоволений,شکایت کرنے والا,adjective,A querulous tone annoyed others.,Complaining.,
Quintessential,نموذجي,আদর্শ,典型的,نمونه کامل,quintessentiel,typisch,نمونه,quintessencial,quintensencial,halisi kabisa,özlü,квінтесенційний,مثالی,adjective,She is the quintessential leader.,Representing the perfect example.,
Quixotic,مثالي بشكل غير واقعي,অবাস্তব আদর্শবাদী,不切實際而理想化的,خیال‌پردازانه,utopique,schwärmerisch,خیالي,quixotesco,quijotesco,isiyowezekana romantik,gerçekçi olmayan idealist,донкіхотський,غیر حقیقت پسندانہ آئیڈیل پسند,adjective,His quixotic attempt to eliminate traffic overnight failed quickly.,Exceedingly idealistic or unrealistic in a hopeful way.,
Rancorous,حاقد,বিদ্বেষপূর্ণ,怨恨,کینه‌ای,rancunier,nachtragend,کینه لرونکی,rancoroso,rencoroso,mwenye chuki,nankör,злобний,کینہ پرور,adjective,Rancorous remarks followed.,Bitter resentment.,
Ravenous,جائع بشدة,অত্যন্ত ক্ষুধার্ত,飢餓的,گرسنه,ravissant,hungrig,ډېر وږی,voraz,voraz,njaa kali,açgözlü,жадібний,بہت بھوکا,adjective,They were ravenous after hiking.,Extremely hungry.,
Read receipt,إشعار القراءة,রিড রিসিপ্ট,已讀回條,تأیید خواندن,accusé de lecture,Lesebestätigung,د لوست تاييد,confirmação de leitura,confirmación de lectura,uthibitisho wa kusoma,okundu bilgisi,підтвердження прочитання,ریڈ رسید,noun,He turned off read receipts for more privacy.,A feature showing whether a message has been opened.,
Realpolitik,السياسة الواقعية,বাস্তব রাজনীতি,現實政治,واقع‌گرایی,politique réaliste,Realpolitik,واقع پالیسۍ,realpolitik,realpolitik,siasa ya ukweli,Realpolitik,реальна політика,حقیقی سیاست,noun,Realpolitik guided decisions.,Pragmatic power politics.,
Rebranding,إعادة العلامة,পুনঃব্র্যান্ডিং,品牌重塑,بازسازی برند,rebranding,Rebranding,بیا برانډینګ,rebranding,rebranding,kubadilisha chapa,marka yenileme,ребрендинг,برانڈنگ,noun,Rebranding improved image.,Changing brand identity.,
Rebut,يدحض,খণ্ডন করা,反駁,رد کردن,réfuter,widerlegen,ردول,refutar,refutar,kukanusha,çürütmek,спростовувати,رد کرنا,verb,They rebut the argument.,To oppose with evidence.,
Receipt,إيصال,রসিদ,收據,رسید,reçu,Quittung,رسيد,recibo,recibo,risiti,fiș,квитанція,رسید,noun,Keep the receipt in case you need to return the item.,A written record showing proof of payment.,
Receipt printer,طابعة الإيصالات,রসিদ প্রিন্টার,收據印表機,چاپگر رسید,imprimante de reçus,Belegdrucker,د رسيد چاپګر,impressora de recibos,impresora de recibos,printa ya risiti,fiş yazıcısı,принтер чеків,رسید پرنٹر,noun,The receipt printer stopped working at the register.,A machine that prints purchase receipts.,
Recession,ركود,মন্দা,衰退,رکود,récession,Rezession,رکود,recessão,recesión,mdororo,recession,рецесія,کساد بازاری,noun,The recession deepened.,Economic decline.,
Recondite,غامض,গভীর,深奧,پیچیده,recondit,versteckt,پټ,recondito,recondito,ya siri,kavranması zor,загадковий,پیچیدہ,adjective,Recondite theories confuse readers.,Hard to understand.,
Rectify,تصحيح,সংশোধন করা,糾正,اصلاح کردن,rectifier,korrigieren,سمول,rectificar,rectificar,kurekebisha,düzeltmek,виправляти,درست کرنا,verb,They rectified the error.,To correct.,
Redress,تعويض,প্রতিকার,補救,جبران,réparer,abhelfen,درست کول,reparar,remediar,kurekebisha,telafi etmek,відшкодовувати,ازالہ کرنا,verb,They sought redress.,To remedy.,
Redundancy,تكرار احتياطي,ব্যাকআপ ব্যবস্থা,備援系統,افزونگی,redondance,Redundanz,احتیاطي سيستم,redundância,redundancia,mfumo wa ziada,yedeklilik,резервування,بیک اپ نظام,noun,The aircraft uses redundancy to improve safety.,The inclusion of backup components or systems.,
Redundant,مكرر,অতিরিক্ত,冗餘,اضافی,redondant,überflüssig,بې ګټې,redundante,redundante,isiyo ya lazima,gereksiz,надлишковий,غیر ضروری,adjective,The word is redundant.,Unnecessary repetition.,
Reel,مقطع قصير,রিল ভিডিও,短影片,ریل,bobine,Reel,لنډه ويډيو,reel,reel,video fupi,reel,коротке відео,ریِل,noun,Her cooking reel received millions of views.,A short-form video shared on social media platforms.,
Refactor,إعادة هيكلة الكود,কোড পুনর্গঠন,重構程式碼,بازآرایی کد,refactoriser,refaktorieren,کوډ بیا جوړول,refatorar,refactorizar,kurekebisha msimbo,kodu yeniden düzenlemek,рефакторити,ریفیکٹر کرنا,verb,The developers decided to refactor the old codebase.,To restructure code without changing its external behavior.,
Referendum,استفتاء,গণভোট,公投,همه‌پرسی,référendum,Referendum,ریفرنډم,referendo,referéndum,kura ya maoni,Referandum,референдум,ریفرنڈم,noun,A referendum was held.,Public vote.,
Refill,إعادة تعبئة,পুনরায় ভরা,重新填充,دوباره پر کردن,remplissage,Nachfüllung,بیا ډکول,reabastecer,rellenar,kujaza tena,yeniden doldurmak,поповнювати,دوبارہ بھرنا,verb,He refilled his water bottle before leaving the gym.,To fill something again after it has been emptied.,
Refillable,قابل لإعادة التعبئة,পুনরায় ভরা যায় এমন,可重複填充的,قابل شارژ مجدد,rechargeable,nachfüllbar,بیا ډکېدونکی,recarregável,recargable,inayoweza kujazwa tekrar doldurulabilir,багаторазовий,دوبارہ بھرنے کے قابل,adjective,She carries a refillable water bottle every day.,Designed to be filled and used again.,,
Refute,يدحض,খণ্ডন করা,反駁,رد کردن,réfuter,widerlegen,رد کول,refutar,refutar,kukanusha,çürütmek,спростовувати,رد کرنا,verb,They refuted the claim.,To prove wrong.,
Regulatory framework,الإطار التنظيمي,নিয়ন্ত্রক কাঠামো,監管框架,چارچوب نظارتی,cadre réglementaire,Regulierungsrahmen,تنظیمي چوکاټ,estrutura regulatória,marco regulatorio,mfumo wa udhibiti,regülasyon çerçevesi,регуляторна система,ریگولیٹری فریم ورک,noun,The framework changed.,Set of regulations.,
Reiterate,يكرر,পুনরাবৃত্তি করা,重申,تکرار کردن,répéter,wiederholen,تکرارول,reiterar,reiterar,kusisitiza,tekrar etmek,повторювати,دہرانا,verb,He reiterated the point.,To say again.,
Relegate,ينزل,অবনমিত করা,降級,تنزل دادن,réléguer,degradieren,کښته کول,relegar,relegar,kushusha,düşürmek,понижувати,کم کرنا,verb,He was relegated to minor roles.,To demote.,
Relinquish,يتخلى,ছেড়ে দেওয়া,放棄,رها کردن,abandonner,aufgeben,پریښودل,renunciar,renunciar,kutoa,bırakmak,відмовлятися,چھوڑ دینا,verb,He relinquished control.,To give up.,
Reprobate,فاسد,অসচ্চরিত্র ব্যক্তি,墮落的人,فاسد,réprouvé,lasterhaft,بدکاره,reprovado,reprobado,mtu mwovu,ahlaksız,розпусник,بدکردار,noun,The novel follows the life of a charming reprobate.,A morally unprincipled or depraved person.,
Repudiate,ينكر,অস্বীকার করা,否認,رد کردن,répudier,zurückweisen,ردول,repudiar,repudiar,kukataa,reddetmek,відкидати,رد کرنا,verb,They repudiated the agreement.,To reject.,
Rescind,يلغي,বাতিল করা,撤銷,لغو کردن,révoquer,aufheben,لغوه کول,rescindir,rescindir,kufuta,iptal etmek,скасовувати,منسوخ کرنا,verb,The contract was rescinded.,To cancel formally.,
Resilient,مرن,সহনশীল,有彈性的,تاب‌آور,résilient,resilient,انعطاف منونکی,resiliente,resiliente,mwenye uwezo wa kupona,esnek,стійкий,لچکدار,adjective,Children are often resilient.,Ability to recover quickly.,
Resistor,مقاومة كهربائية,রেজিস্টর,電阻器,مقاومت,résistance,Widerstand,برقي مقاومت,resistor,resistencia,kipinga umeme,direnç,резистор,ریزسٹر,noun,The resistor limits the electrical current in the circuit.,A component that reduces or regulates electrical flow.,
Restructuring,إعادة الهيكلة,পুনর্গঠন,重組,بازسازی,restructuration,Umstrukturierung,بیا جوړونه,reestruturação,restructuración,marekebisho,yeniden yapılandırma,реструктуризація,تنظیم نو,noun,Restructuring improved efficiency.,Organizational redesign.,
Retaliate,ينتقم,প্রতিশোধ নেওয়া,報復,انتقام گرفتن,riposter,vergeltung,بدله اخيستل,retaliar,retaliar,kulipiza,kısas yapmak,відплачувати,بدلہ لینا,verb,They retaliated quickly.,To strike back.,
Reticent,كتوم,চুপচাপ,沉默寡言,کم‌حرف,réticent,verschlossen,چوپ,reticente,reticente,mkimya,çekingen,мовчазний,خاموش,adjective,He is reticent about details.,Reserved in speech.,
Retrofitting,تحديث الأنظمة القديمة,পুরোনো ব্যবস্থা আধুনিকীকরণ,設備改裝,بازسازی فنی,rénovation technique,Nachrüstung,د زړو وسایلو نوي کول,retrofitting,readaptación,uboreshaji wa zamani,güçlendirme,модернізація,جدید کاری,noun,The retrofitting of the bridge improved earthquake resistance.,The addition of modern technology to older systems or structures.,
ROI (Return on Investment),العائد على الاستثمار,বিনিয়োগে রিটার্ন,投資回報率,بازده سرمایه,retour sur investissement,ROI,سرمایه بیرته راستنیدنه,ROI,ROI,marejesho ya uwekezaji,yatırım getirisi,рентабельність інвестицій,سرمایہ واپسی,noun,ROI was high.,Profit vs investment ratio.,
Rule of thumb,قاعدة عامة,সাধারণ নিয়ম,經驗法則,قاعده کلی,règle générale,Faustregel,عمومي قاعده,regra prática,regla general,kanuni ya kawaida,genel kural,загальне правило,عمومی اصول,noun,A good rule of thumb is to save twenty percent of your income.,A practical guideline based on experience.,
Rummage,يفتش,এলোমেলোভাবে খোঁজা,翻找,زیر و رو کردن,fouiller,durchsuchen,لټول,vasculhar,rebuscar,kupekua,karıştırmak,нишпорити,کھنگالنا,verb,She rummaged through the drawer looking for batteries.,To search through things in a hurried or disorganized way.,
Rush hour,ساعة الذروة,ব্যস্ত সময়,尖峰時段,ساعت شلوغی,heure de pointe,Hauptverkehrszeit,د ګڼې ګوڼې وخت,hora do rush,hora pico,saa ya msongamano,trafik saati,година пік,رش آور,noun,Traffic is terrible during rush hour.,The busiest travel period of the day.,
Sanctions,عقوبات,নিষেধাজ্ঞা,制裁,تحریم,sanctions,Sanktionen,بندیزونه,sanções,sanciones,vikwazo,Sanktionlar,санкції,پابندیاں,noun,Sanctions targeted economy.,Punitive restrictions.,
Sardonic,ساخر,ব্যঙ্গাত্মক,冷嘲,طعنه‌آمیز,sardonique,sarkastisch,تمسخر,sardônico,sardónico,mkejeli,alaycı,сардонічний,طنزیہ,adjective,A sardonic smile appeared.,Cynical or mocking.,
Satire,هجاء,ব্যঙ্গ,諷刺作品,طنز,satire,Satire,طنز,sátira,sátira,kejeli hiciv,сатира,طنز,noun,The film is a satire of corporate culture.,A work that uses humor or irony to criticize society or individuals.,,
Scalability,قابلية التوسع,স্কেলযোগ্যতা,可擴展性,مقیاس‌پذیری,scalabilité,Skalierbarkeit,پراختیا وړتیا,escalabilidade,escalabilidad,uwezo wa kupanuka,ölçeklenebilirlik,масштабованість,پیمانہ پذیری,noun,Scalability matters in tech.,Growth capacity.,
Screen time,وقت الشاشة,স্ক্রিন টাইম,螢幕使用時間,زمان استفاده از صفحه,temps d’écran,Bildschirmzeit,د سکرین وخت,tempo de tela,tiempo de pantalla,muda wa skrini,ekran süresi,час перед екраном,اسکرین ٹائم,noun,Parents often monitor their children’s screen time.,The amount of time spent using digital screens.,
Screenshot,لقطة شاشة,স্ক্রিনশট,螢幕截圖,اسکرین‌شات,capture d’écran,Bildschirmfoto,د سکرین عکس,captura de tela,captura de pantalla,picha ya skrini,ekran görüntüsü,знімок екрана,اسکرین شاٹ,noun,Send me a screenshot of the error message.,An image showing the contents displayed on a screen.,
Scrutinize,يدقق,খুঁটিয়ে দেখা,仔細檢查,بررسی دقیق کردن,scruter,genau prüfen,څېړل,escrutinar,escrutar,kuchunguza,dikkatle incelemek,ретельно перевіряти,باریک بینی سے دیکھنا,verb,They scrutinized the report carefully.,To examine closely.,
Secession,انفصال,বিচ্ছিন্নতা,分離,جدایی,sécession,Sekession,بېلتون,secessão,secesión,mgawanyiko,Ayrılma,сецесія,علیحدگی,noun,Secession caused conflict.,Breaking away.,
See eye to eye,يتفق تمامًا,সম্পূর্ণ একমত হওয়া,意見一致,هم‌نظر بودن,être d’accord,einer Meinung sein,يو نظر لرل,concordar,estar de acuerdo,kukubaliana,aynı fikirde olmak,бути однієї думки,متفق ہونا,idiom,They don’t always see eye to eye on politics.,To completely agree with someone.,
Semiconductor,شبه موصل,অর্ধপরিবাহী,半導體,نیمه‌رسانا,semi-conducteur,Halbleiter,نیمه هادي,semicondutor,semiconductor,nusu kondakta,yarı iletken,напівпровідник,سیمی کنڈکٹر,noun,Semiconductors are essential in modern electronics.,A material with electrical conductivity between a conductor and insulator.,
Shortcut,اختصار الطريق,সংক্ষিপ্ত পথ,捷徑,میانبر,raccourci,Abkürzung,لنډه لار,atalho,atajo,njia ya mkato,kısayol,ярлик,شارٹ کٹ,noun,Taking the shortcut saved us ten minutes.,A quicker or more direct route or method.,
Sit tight,انتظر بصبر,ধৈর্য ধরে অপেক্ষা করা,耐心等待,صبر کردن,patienter,abwarten,انتظار کول,esperar com calma,esperar pacientemente,kusubiri kwa utulivu,beklemede kalmak,чекати спокійно,صبر سے انتظار کرنا,idiom,Sit tight while I check the reservation details.,To wait patiently without taking action.,
Skeptical,متشكك,সন্দেহপ্রবণ,懷疑,شکاک,sceptique,skeptisch,شکاک,skeptico,escéptico,mwenye mashaka,şüpheci,скептичний,شکی,adjective,They were skeptical of claims.,Doubtful.,
Sleep on it,يفكر بالأمر حتى الغد,রাতভর ভেবে দেখা,考慮一晚,یک شب فکر کردن,dormir dessus,eine Nacht darüber schlafen,پرې شپه تېرول,dormir sobre isso,consultarlo con la almohada,kufikiria baadaye,üzerine uyumak,переспати з думкою,رات بھر سوچنا,idiom,Don’t rush your decision — sleep on it first.,To delay a decision until later for more thought.,
Soft power,القوة الناعمة,নরম শক্তি,軟實力,قدرت نرم,pouvoir doux,Soft Power,نرم ځواک,poder brando,poder blando,nguvu laini,yumuşak güç,м’яка сила,نرم طاقت,noun,Soft power influences nations.,Influence through culture.,
Sovereign debt,الدين السيادي,সার্বভৌম ঋণ,主權債務,بدهی دولتی,dette souveraine,Staatsverschuldung,د دولت پور,dívida soberana,deuda soberana,deni la taifa,devlet borcu,суверенний борг,قومی قرض,noun,Sovereign debt increased.,Government debt.,
Sovereignty,السيادة,সার্বভৌমত্ব,主權,حاکمیت,souveraineté,Souveränität,حاکمیت,soberania,soberanía,mamlaka ya taifa,Suverenlik,суверенітет,حاکمیت,noun,Sovereignty is essential.,Independent authority.,
Spam folder,مجلد الرسائل المزعجة,স্প্যাম ফোল্ডার,垃圾郵件資料夾,پوشه هرزنامه,dossier spam,Spam-Ordner,سپیم فولډر,pasta de spam,carpeta de spam,folda ya taka,spam klasörü,папка спаму,اسپام فولڈر,noun,Check your spam folder for the confirmation email.,A mailbox location where unwanted emails are filtered.,
Speak of the devil,جاء ذكره فظهر,নাম নিতেই হাজির,說曹操曹操到,حرفش شد پیداش شد,quand on parle du loup,wenn man vom Teufel spricht,ياد دې شو راغی,falando nele,hablando del rey de Roma,kumtaja mtu aje,lafı ağzımıza gelmişken,легкий на згадку,ذکر کیا اور آ گیا,idiom,Speak of the devil — we were just talking about you!,Used when someone appears just after being mentioned.,
Spill the beans,يفشي السر,গোপন কথা ফাঁস করা,洩漏秘密,لو دادن راز,vendre la mèche,die Bohnen verschütten,راز افشا کول,contar o segredo,revelar el secreto,kufichua siri,ağzından kaçırmak,видати секрет,راز فاش کرنا,idiom,Who spilled the beans about the surprise party?,To reveal secret information accidentally or intentionally.,
Spurious,زائف,মিথ্যা,虛假的,جعلی,spurieux,unecht,جعلي,falso,falso,ya uwongo,sahte,підробний,جھوٹا,adjective,Spurious claims were rejected.,Fake or false.,
Stakeholder,أصحاب المصلحة,স্টেকহোল্ডার,利益相關者,ذی‌نفع,partie prenante,Stakeholder,ګټه اخیستونکی,sócio,parte interesada,wadau,paydaş,зацікавлена сторона,فریق,noun,Stakeholders approved plan.,Interested party.,
Staple,أساسي,প্রধান খাদ্য,主食,غذای اصلی,aliment de base,Grundnahrungsmittel,اصلي خوراک,alimento básico,alimento básico,chakula kikuu,temel gıda,основний продукт,بنیادی غذا,noun,Rice is a staple in many households around the world.,A basic and regularly consumed food or product.,
Statecraft,فن الحكم,রাষ্ট্রনীতি,治國術,حکمرانی,art de gouverner,Staatskunst,د دولت چلول,arte de governar,arte de gobernar,utawala,Devlet yönetimi,державне управління,ریاستی فن,noun,Statecraft requires skill.,Art of governing.,
Stimulus package,حزمة تحفيز,উদ্দীপনা প্যাকেজ,刺激方案,بسته محرک,plan de relance,Konjunkturpaket,د هڅونې بسته,pacote de estímulo,paquete de estímulo,kifurushi cha motisha,teşvik paketi,стимулюючий пакет,پروگرام محرک,noun,The stimulus package passed.,Economic boost plan.,
Stingy,بخيل,কৃপণ,小氣的,خسیس,avare,geizig,کنجوس,mão de vaca,tacaño,mchoyo,cimri,скупий,کنجوس,adjective,He is too stingy to replace his broken phone.,Unwilling to spend money or share resources generously.,
Story,قصة مؤقتة,স্টোরি পোস্ট,限時動態,استوری,story,Story,لنډه کيسه,story,historia,hadithi ya muda,story,історія,اسٹوری,noun,She uploaded vacation photos to her story.,A temporary social media post that disappears after a limited time.,
Stress test,اختبار الإجهاد,স্ট্রেস টেস্ট,壓力測試,آزمون فشار,test de résistance,Belastungstest,د فشار ازموینه,teste de estresse,prueba de esfuerzo,jaribio la msongo,stres testi,стрес-тест,اسٹریس ٹیسٹ,noun,The bridge passed the structural stress test successfully.,An evaluation measuring performance under extreme conditions.,
Subsidy,دعم مالي,ভর্তুকি,補貼,یارانه,subvention,Subvention,سبسایډي,subsídio,subsidio,ruzuku,sübvansiyon,субсидія,سبسڈی,noun,The subsidy reduced costs.,Government aid.,
Substantiate,يثبت,প্রমাণ করা,證實,اثبات کردن,étayer,belegen,ثابتول,comprovar,sustentar,kuthibitisha,desteklemek,обґрунтовувати,ثابت کرنا,verb,He failed to substantiate his claim.,To support with evidence.,
Supercilious,متعجرف,অহংকারী,傲慢的,متکبر,hautain,überheblich,مغرور,supercilioso,altanero,mwenye majivuno,kibirli,зарозумілий,متکبر,adjective,The reviewer’s supercilious tone irritated many readers.,Behaving as though one is superior to others; arrogantly proud.,
Supply chain,سلسلة التوريد,সরবরাহ শৃঙ্খল,供應鏈,زنجیره تأمین,chaîne d'approvisionnement,Lieferkette,د عرضې سلسله,cadeia de suprimentos,cadena de suministro,mlolongo wa usambazaji,tedarik zinciri,ланцюг постачання,سپلائی چین,noun,Supply chain improved.,Product flow system.,
Surfeit,إفراط,অতিরিক্ততা,過量,افراط,surabondance,Übermaß,زیادتی,surfeito,surfecho,ziada aşırı,надлишок,زیادتی,noun,A surfeit of food caused discomfort.,Excess amount.,,
Surreptitious,سريّ,গোপন,偷偷的,پنهانی,surretptice,heimlich,پټ,oculto,clandestino,ya siri,gizli,таємний,خفیہ,adjective,They exchanged surreptitious glances.,Kept secret or done secretly.,
Swipe,السحب بالإصبع,সোয়াইপ করা,滑動,کشیدن انگشت,balayage,wischen,ګوته راکاږل,deslizar,deslizar,telezesha,kaydırmak,провести пальцем,سوائپ کرنا,verb,Swipe left to delete the message.,To move a finger across a touchscreen in a specific direction.,
Synergy,تآزر,সমন্বয়,協同作用,هم‌افزایی,synergie,Synergie,همغږي,sinergia,sinergia,ushirikiano,Sinerji,синергія,ہم آہنگی,noun,Synergy increased value.,Combined effect.,
Syntax,بنية الجملة البرمجية,সিনট্যাক্স,語法,نحو syntaxe,Syntax,د کوډ جوړښت,sintaxe,sintaxis,sintaksia,sözdizimi,синтаксис,سنٹیکس,noun,A missing bracket caused a syntax error.,The structural rules governing code or language format.,,
Tacit,ضمني,নীরব,默示,ضمنی,tacite,stillschweigend,خاموش,tácito,tácito,bila kusema,dolaylı,мовчазний,خاموش,adjective,Tacit approval was given.,Implied without words.,
Taciturn,كتوم,চুপচাপ,沉默寡言,کم‌حرف,taciturne,wortkarg,خاموش,taciturno,taciturno,mkimya,az konuşan,мовчазний,خاموش,adjective,A taciturn man sat quietly.,Reserved in speech.,
Take it with a grain of salt,يشكك قليلًا,সন্দেহ নিয়ে শোনা,半信半疑,با تردید پذیرفتن,prendre avec précaution,mit Vorsicht genießen,په شک منل,encarar com cautela,tomarlo con cautela,kuchukua kwa tahadhari,şüpheyle yaklaşmak,сприймати скептично,احتیاط سے ماننا,idiom,Take his travel stories with a grain of salt.,To not completely believe something.,
Take your time,خذ وقتك,সময় নিয়ে করো,慢慢來,عجله نکن,prendre son temps,sich Zeit lassen,خپل وخت واخله,sem pressa,tómate tu tiempo,chukua muda wako,acele etme,не поспішай,آرام سے کرو,idiom,Take your time choosing a new apartment.,To do something without hurrying.,
Tangible,ملموس,স্পষ্ট ও বাস্তব,有形的,ملموس,tangible,greifbar,لمس کېدونکی,tangível,tangible,inayoonekana,somut,відчутний,واضح,adjective,The charity’s efforts produced tangible improvements in the community.,"Real, concrete, and capable of being clearly perceived.",
Tariff,تعريفة,শুল্ক,關稅,تعرفه,tarif,Zoll,تعرفه,tarifa,arancel,ushuru,gümrük vergisi,тариф,ٹیرف,noun,Tariffs increased prices.,Import tax.,
Temerity,تهور,দুঃসাহস,魯莽大膽,بی‌پروایی,témérité,Dreistigkeit,بې پروايي,temeridade,temeridad,uthubutu wa kipumbavu,cüret,зухвалість,بیباکی,noun,She had the temerity to challenge the CEO during the meeting.,Excessive confidence or boldness that may seem reckless.,
Tenacious,مثابر,অধ্যবসায়ী,堅韌,نصب‌العین,tenace,hartnäckig,کلک,tenaz,tenaz,mwenye msimamo,inatçı,наполегливий,ضد,adjective,Tenacious effort succeeded.,Persistent.,
Tenuous,ضعيف,দুর্বল,薄弱,ضعیف,tenu,fadenscheinig,کمزور,tenue,tenue,nyepesi,zayıf,тендітний,کمزور,adjective,A tenuous link was found.,Weak or thin.,
The ball is in your court,القرار بيدك,এখন সিদ্ধান্ত তোমার,決定權在你手上,تصمیم با توست,la balle est dans ton camp,du bist am Zug,اوس ستا وار دی,a decisão é sua,la decisión es tuya,uamuzi ni wako,sıra sende,хід за тобою,اب فیصلہ آپ کے ہاتھ میں ہے,idiom,I’ve given you all the information — now the ball is in your court.,It is someone else’s turn to make a decision or take action.,
The early bird catches the worm,من جد وجد,সকালে ওঠা লাভজনক,早起的鳥兒有蟲吃,سحرخیز باش تا کامروا شوی,l’avenir appartient à ceux qui se lèvent tôt,der frühe Vogel fängt den Wurm,وختي پاڅېدونکی ګټه کوي,Deus ajuda quem cedo madruga,al que madruga Dios le ayuda,anayeamka mapema hupata mafanikio,erken kalkan yol alır,хто рано встає тому щастить,جلدی اٹھنے والا کامیاب ہوتا ہے,idiom,My grandfather always says the early bird catches the worm.,People who act early gain advantages.,
Thread,سلسلة رسائل,বার্তার থ্রেড,討論串,رشته پیام,fil de discussion,Thread,د پيغامونو لړۍ,tópico,hilo,mfululizo wa ujumbe,ileti dizisi,ланцюжок повідомлень,میسج تھریڈ,noun,The email thread became difficult to follow.,A series of connected messages or posts on the same topic.,
Thread-safe,آمن للخيوط البرمجية,থ্রেড-সেফ,執行緒安全,ایمن برای رشته,thread-safe,threadsicher,د څو پروسو خوندي,thread-safe,seguro para hilos,salama kwa nyuzi,iş parçacığı güvenli,потокобезпечний,تھریڈ سیف,adjective,The library is thread-safe for concurrent operations.,Designed to function correctly during simultaneous execution processes.,
Thrift,التوفير,মিতব্যয়িতা,節儉,صرفه‌جویی,économie,Sparsamkeit,سپما,economia ahorro,uwekaji akiba,tutumluluk,ощадливість,کفایت شعاری,noun,His thrift allowed him to retire early.,The careful management and saving of money.,,
Through thick and thin,في السراء والضراء,সুখে-দুঃখে,同甘共苦,در سختی و آسانی,dans les bons et mauvais moments,durch dick und dünn,په هر حالت کې,nos bons e maus momentos,en las buenas y malas,katika hali zote,iyi günde kötü günde,у будь-які часи,ہر حال میں,idiom,They remained friends through thick and thin.,During both good and difficult times.,
Throw in the towel,يستسلم,হাল ছেড়ে দেওয়া,認輸,تسلیم شدن,jeter l’éponge,das Handtuch werfen,تسليمېدل,jogar a toalha,tirar la toalla,kukata tamaa,havlu atmak,здатися,ہار مان لینا,idiom,"After months of problems, the company finally threw in the towel.",To give up or admit defeat.,
Thumbnail,صورة مصغرة,থাম্বনেইল,縮圖,تصویر بندانگشتی,vignette,Miniaturbild,کوچنی انځور,miniatura,miniatura,picha ndogo,küçük resim,мініатюра,تھمب نیل,noun,The video thumbnail attracted many viewers.,A small preview image representing larger digital content.,
Tolerance,هامش سماح,সহনসীমা,公差,تلورانس,tolérance,Toleranz,د زغم حد,tolerância,tolerancia,kiwango kinachokubalika,tolerans,допуск,رواداری,noun,The machine parts were manufactured within strict tolerances.,The allowable limit of variation in dimensions or performance.,
Torque,عزم الدوران,টর্ক,扭矩,گشتاور,couple,Drehmoment,تاو ځواک,torque,torque,mzunguko tork,крутний момент,ٹارک,noun,The engine produces high torque at low speeds.,A twisting force that causes rotation.,,
Torque wrench,مفتاح عزم,টর্ক রেঞ্চ,扭力扳手,آچار گشتاور,clé dynamométrique,Drehmomentschlüssel,تورک رنچ,chave de torque,llave dinamométrica,spana ya torque,tork anahtarı,динамометричний ключ,ٹارک رنچ,noun,The mechanic tightened the bolts using a torque wrench.,A tool used to apply a precise amount of rotational force.,
Totalitarianism,الشمولية,সর্বাত্মকতাবাদ,極權主義,تمامیت‌خواهی,totalitarisme,Totalitarismus,تمامیت خواهۍ,totalitarismo,totalitarismo,totalitarianismo,Totalitarizm,тоталітаризм,آمریت,noun,Totalitarianism suppresses dissent.,Absolute state control.,
Trade deficit,العجز التجاري,বাণিজ্য ঘাটতি,貿易逆差,کسری تجاری,déficit commercial,Handelsdefizit,تجاري خساره,déficit comercial,déficit comercial,upungufu wa biashara,ticaret açığı,торговий дефіцит,تجارتی خسارہ,noun,Trade deficit widened.,Imports exceed exports.,
Transient,عابر,ক্ষণস্থায়ী,短暫的,گذرا,transitoire,vorübergehend,لنډمهاله,transitório,transitorio,ya muda mfupi,geçici,тимчасовий,عارضی,adjective,The effect is transient.,Lasting only for a short time.,
Treaty,معاهدة,চুক্তি,條約,معاهده,traité,Vertrag,تړون,tratado,tratado,mkataba,antlaşma,договір,معاہدہ,noun,The treaty was signed.,Formal agreement.,
Treaty obligation,التزام المعاهدة,চুক্তির বাধ্যবাধকতা,條約義務,تعهدات معاهده,obligation de traité,Vertragspflicht,د تړون ژمنه,obrigação de tratado,obligación de tratado,wajibu wa mkataba,antlaşma yükümlülüğü,договірні зобов’язання,معاہدہ ذمہ داری,noun,Treaty obligations were enforced.,Legal international duty.,
Trepidation,خوف,আশঙ্কা,恐懼,دلهره,trepidation,Zittern,وېره,trepidação,trepidación,wasiwasi,korku,тривога,خوف,noun,She felt trepidation before the exam.,Fear or anxiety about something.,
Truculent,عدواني,আক্রমণাত্মক,好鬥,خشن,truculent,streitsüchtig,تند,truculento,truculento,ya fujo,kavgacı,войовничий,جھگڑالو,adjective,He gave a truculent reply.,Hostile.,
Truncate,يختصر,সংক্ষিপ্ত করা,截斷,کوتاه کردن,tronquer,kürzen,لنډول,truncar,truncar,kufupisha,kısaltmak,скорочувати,مختصر کرنا,verb,They truncated the report.,To shorten.,
Typing indicator,مؤشر الكتابة,টাইপিং সূচক,輸入中提示,نشانگر تایپ,indicateur de frappe,Schreibanzeige,د ټایپ نښه,indicador de digitação,indicador de escritura,kiashiria cha kuandika,yazıyor göstergesi,індикатор набору,ٹائپنگ اشارہ,noun,The typing indicator showed she was replying.,A visual sign showing someone is currently composing a message.,
Ubiquitous,منتشر,সর্বব্যাপী,無處不在,همه‌جا,u-biquitaire,allgegenwärtig,هر ځای,u-bíquo,ubícuo,ya kila mahali,her yerde bulunan,повсюдний,ہر جگہ,adjective,Phones are ubiquitous.,Everywhere.,
Uncanny,غريب,অদ্ভুত,離奇的,عجیب,étrange,unheimlich,عجیب,estranho,extraño,ya ajabu,tuhaf,зловісний,عجیب,adjective,He had an uncanny ability to predict events.,Strangely accurate or mysterious.,
Under the weather,يشعر بالمرض,অসুস্থ বোধ করা,身體不舒服,احساس بیماری داشتن,ne pas se sentir bien,angeschlagen sein,ناروغ احساس کول,não se sentir bem,sentirse mal,kujisikia mgonjwa,keyifsiz olmak,погано почуватися,طبیعت خراب ہونا,idiom,She stayed home because she was feeling under the weather.,To feel slightly sick or unwell.,
Unfollow,إلغاء المتابعة,আনফলো করা,取消追蹤,لغو دنبال کردن,se désabonner,entfolgen,تعقيب ختمول,deixar de seguir,dejar de seguir,acha kufuata,takibi bırakmak,відписатися,انفالو کرنا,verb,I unfollowed several inactive accounts yesterday.,To stop subscribing to another user’s online updates.,
Unilateral,أحادي الجانب,একতরফা,單邊,یک‌جانبه,unilatéral,einseitig,یو اړخیز,unilateral,unilateral,upande mmoja,tek taraflı,односторонній,یک طرفہ,adjective,A unilateral decision was made.,One-sided action.,
Unipolarity,أحادية القطبية,একমেরু বিশ্ব,單極化,تک‌قطبی,unipolarité,Unipolarität,یوه قطبي نظام,unipolaridade,unipolaridad,ulimwengu wa nguvu moja,tek kutupluluk,однополярність,یک قطبی نظام,noun,Unipolarity defined the era.,Single dominant power system.,
Up in the air,غير محسوم,এখনও অনিশ্চিত,尚未決定,نامشخص,en suspens,in der Schwebe,نامعلوم,no ar,en el aire,bado haijulikani,havada,невизначений,غیر یقینی,idiom,Our vacation plans are still up in the air.,Not yet decided or finalized.,
Usurp,يغتصب,দখল করা,篡奪,غصب کردن,usurper,usurpieren,غصب کول,usurpar,usurpar,kunyakua,gasp etmek,узурпувати,چھین لینا,verb,He usurped power.,To take unlawfully.,
Vacillate,يتردد,দোদুল্যমান হওয়া,搖擺,تردید کردن,vaciller,schwanken,ترديد,vacilar,vacilar,kusita,dalgalanmak,вагатися,متذبذب ہونا,verb,He vacillated before deciding.,To waver.,
Venerate,يبجل,শ্রদ্ধা করা,崇敬,ستایش کردن,vénérer,verehren,درناوی کول,venerar,venerar,kuheshimu çok saygı göstermek,шанувати,عظمت دینا,verb,Many cultures venerate their ancestors through ceremonies.,To regard with deep respect or reverence.,,
Verbose,مطول,বাগাড়ম্বরপূর্ণ,冗長,پرحرف,verbeux,umständlich,ډېر اوږد,verboso,verboso,msemaji kupita kiasi,uzun konuşan,багатослівний,طویل,,adjective,His writing is verbose.,
Veto,حق النقض,ভেটো,否決權,وتو,veto,Veto,ویټو,veto,veto,marufuku,veto,вето,ویٹو,noun,The veto blocked law.,Power to reject.,
Vindicate,يدافع,নির্দোষ প্রমাণ করা,證明無罪,تبرئه کردن,justifier,rechtfertigen,بې ګناه ثابتول,vindicar,vindicar,kutetea,savunmak,виправдовувати,بری کرنا,verb,The evidence vindicated her.,To clear from blame or prove right.,
Vindictive,انتقامي,প্রতিশোধপরায়ণ,報復心強,انتقام‌جو,vindicatif,rachsüchtig,انتقامي,vindicativo,vengativo,ya kisasi,intikamcı,помстивий,انتقامی,adjective,A vindictive act followed.,Desire for revenge.,
Viral,منتشر بسرعة,দ্রুত ছড়িয়ে পড়া,爆紅的,ویروسی,viral,viral,ژر خپرېدونکی,viral,viral,inayosambaa بسرعة,viral,вірусний,وائرل,adjective,The video went viral overnight.,Spreading rapidly across the internet through sharing.,
Vociferous,صاخب,উচ্চকণ্ঠ,大聲叫喊的,پر سر و صدا,vociférant,lautstark,په لوړ غږ,vociferante,vociferante,mwenye kelele,gürültülü,галасливий,شور مچانے والا,adjective,Vociferous protesters gathered outside the courthouse.,Expressing opinions loudly and forcefully.,
Voicemail,البريد الصوتي,ভয়েসমেইল,語音信箱,پست صوتی,messagerie vocale,Voicemail,غږيز پيغام,correio de voz,correo de voz,ujumbe wa sauti,sesli mesaj,голосова пошта,وائس میل,noun,I left a voicemail after nobody answered the call.,A recorded voice message left for someone by telephone.,
Volatile,متقلب,অস্থির,不穩定,نوسانی,volatile,volatil,بې ثباته,volátil,volátil,ya kubadilika,oynak,леткий,غیر مستحکم,adjective,The market is volatile.,Unstable or unpredictable.,
Voltage,الجهد الكهربائي,ভোল্টেজ,電壓,ولتاژ,tension électrique,Spannung,برقي فشار,voltagem,voltaje,volteji,voltaj,напруга,وولٹیج,noun,High voltage equipment requires special safety measures.,The electrical force that drives current through a circuit.,
Voracious,شره,লোভী,貪婪的,حریص,vorace,gefräßig,حریص,voraz,voraz,mwenye tamaa,kurt,ненаситний,بہت لالچی,adjective,A voracious reader finishes books quickly.,Excessively eager or consuming.,
Wane,يتضاءل,কমে যাওয়া,衰退,کاهش یافتن,diminuer,abnehmen,کمېدل,desvanecer,desvanecer,kupungua,azalmak,зменшуватися,کم ہونا,verb,His influence waned.,To decrease.,
Wary,حذر,সতর্ক,謹慎,هشدار,wachsam,vorsichtig,احتیاط,wary,cauto,makini,tedbirli,обережний,محتاط,adjective,Be wary of scams.,Cautious.,
Wealth inequality,عدم المساواة في الثروة,সম্পদ বৈষম্য,財富不平等,نابرابری ثروت,inégalité des richesses,Vermögensungleichheit,د شتمنۍ نابرابري,desigualdade de riqueza,desigualdad de riqueza,usawa wa mali,servet eşitsizliği,нерівність багатства,دولت کی عدم مساوات,noun,Wealth inequality increased.,Unequal distribution of wealth.,
Welfare state,دولة الرفاهية,কল্যাণ রাষ্ট্র,福利國家,دولت رفاه,État-providence,Sozialstaat,د رفاه دولت,estado de bem-estar,estado de bienestar,ustawi wa jamii,Sozialstaat,держава добробуту,فلاحی ریاست,noun,Welfare state expanded services.,Government social support system.,
Whimsical,غريب الأطوار,খামখেয়ালি,異想天開的,خیال‌انگیز,fantaisiste,verspielt,خیالي,caprichoso,caprichoso,wa kuchekesha,garip eğlenceli,химерний,خیالی مزاج,adjective,The café featured whimsical decorations and colorful furniture.,Playfully unusual or imaginative.,
Windfall,مكسب مفاجئ,অপ্রত্যাশিত লাভ,意外之財,سود ناگهانی,aubaine,Glücksfall,ناڅاپي ګټه,ganho inesperado,ganancia inesperada,faida la ghafla,beklenmedik kazanç,неочікуваний прибуток,اچانک منافع,noun,She used the tax refund as a financial windfall.,An unexpected amount of money or good fortune.,
Winsome,جذاب,মুগ্ধকর,迷人的,دلنشین,séduisant,gewinnend,خوږ,winsome,encantador,ya kupendeza,çekici,чарівний,دلکش,adjective,Her winsome smile charmed everyone.,Attractive in a charming way.,
Wistful,حزين بتأمل,আবেগময় বিষণ্ণ,若有所思而憂傷的,غمگین و نوستالژیک,mélancolique,wehmütig,خفه غمجن,saudoso,melancólico,wenye huzuni ya kumbukumbu,dalgın hüzünlü,замріяний,حسرت بھرا,adjective,He gave a wistful smile while looking through old photographs.,Having a feeling of vague sadness or longing.,
Wrap up,ينهي,শেষ করা,完成,جمع‌بندی کردن,conclure,abschließen,ختمول,encerrar,concluir,kumalizia,toparlamak,підсумувати,ختم کرنا,phrasal verb,Let’s wrap up the meeting before lunch.,To finish or complete something.,
Wrap your head around,يفهم بصعوبة,বুঝে ওঠা,理解,درک کردن,comprendre,begreifen,پوهېدل,entender,comprender,kuelewa,kafasında oturtmak,усвідомити,سمجھ پانا,idiom,It took me hours to wrap my head around the instructions.,To successfully understand something difficult or complex.,
Yearn,يتوق,আকুলভাবে কামনা করা,渴望,آرزو داشتن,aspirer,sich sehnen,ارمان کول,ansiar,anhelar,kutamani,hasret çekmek,прагнути,ترسنا,verb,Many people yearn for a better work-life balance.,To strongly desire or long for something.,
Zealot,متعصب,উগ্র সমর্থক,狂熱者,متعصب,zélote,Fanatiker,متعصب,zelota,zelote,mfana kubwa,aşırı taraftar,фанатик,شدید حامی,noun,He was a political zealot.,Extremely passionate supporter.,
Zone of influence,منطقة نفوذ,প্রভাব অঞ্চল,勢力範圍,حوزه نفوذ,zone d’influence,Einflusssphäre,د نفوذ ساحه,zona de influência,zona de influencia,eneo la ushawishi,etki alanı,сфера впливу,اثر کا علاقہ,noun,Each power had a zone of influence.,Controlled geopolitical region.,